,0
0,2
1,2
2,2
3,2
4,2
5,2
6,2
7,2
8,2
9,2
10,2
11,2
12,2
13,2
14,2
15,2
16,2
17,2
18,2
19,2
20,2
21,2
22,2
23,2
24,2
25,2
26,2
27,2
28,2
29,2
30,2
31,2
32,2
33,2
34,2
35,2
36,2
37,2
38,2
39,2
40,2
41,2
42,2
43,2
44,2
45,2
46,2
47,2
48,2
49,2
50,2
51,2
52,2
53,2
54,2
55,2
56,2
57,2
58,2
59,2
60,2
61,2
62,2
63,2
64,2
65,2
66,2
67,2
68,2
69,2
70,2
71,2
72,2
73,2
74,2
75,2
76,2
77,2
78,2
79,2
80,2
81,2
82,2
83,2
84,2
85,2
86,2
87,2
88,2
89,2
90,2
91,2
92,2
93,2
94,2
95,2
96,2
97,2
98,2
99,2
100,2
101,2
102,2
103,2
104,2
105,2
106,2
107,2
108,2
109,2
110,2
111,2
112,2
113,2
114,2
115,2
116,2
117,2
118,2
119,2
120,2
121,2
122,2
123,2
124,2
125,2
126,2
127,2
128,2
129,2
130,2
131,2
132,2
133,2
134,2
135,2
136,2
137,2
138,2
139,2
140,2
141,2
142,2
143,2
144,2
145,2
146,2
147,2
148,2
149,2
150,2
151,2
152,2
153,2
154,2
155,2
156,2
157,2
158,2
159,2
160,2
161,2
162,2
163,2
164,2
165,2
166,2
167,2
168,2
169,2
170,2
171,2
172,2
173,2
174,2
175,2
176,2
177,2
178,2
179,2
180,2
181,2
182,2
183,2
184,2
185,2
186,2
187,2
188,2
189,2
190,2
191,2
192,2
193,2
194,2
195,2
196,2
197,2
198,2
199,2
200,2
201,2
202,2
203,2
204,2
205,2
206,2
207,2
208,2
209,2
210,2
211,2
212,2
213,2
214,2
215,2
216,2
217,2
218,2
219,2
220,2
221,2
222,2
223,2
224,2
225,2
226,2
227,2
228,2
229,2
230,2
231,2
232,2
233,2
234,2
235,2
236,2
237,2
238,2
239,2
240,2
241,2
242,2
243,2
244,2
245,2
246,2
247,2
248,2
249,2
250,2
251,2
252,2
253,2
254,2
255,2
256,2
257,2
258,2
259,2
260,2
261,2
262,2
263,2
264,2
265,2
266,2
267,2
268,2
269,2
270,2
271,2
272,2
273,2
274,2
275,2
276,2
277,2
278,2
279,2
280,2
281,2
282,2
283,2
284,2
285,2
286,2
287,2
288,2
289,2
290,2
291,2
292,2
293,2
294,2
295,2
296,2
297,2
298,2
299,2
300,2
301,2
302,2
303,2
304,2
305,2
306,2
307,2
308,2
309,2
310,2
311,2
312,2
313,2
314,2
315,2
316,2
317,2
318,2
319,2
320,2
321,2
322,2
323,2
324,2
325,2
326,2
327,2
328,2
329,2
330,2
331,2
332,2
333,2
334,2
335,2
336,2
337,2
338,2
339,2
340,2
341,2
342,2
343,2
344,2
345,2
346,2
347,2
348,2
349,2
350,2
351,2
352,2
353,2
354,2
355,2
356,2
357,2
358,2
359,2
360,2
361,2
362,2
363,2
364,2
365,2
366,2
367,2
368,2
369,2
370,2
371,2
372,2
373,2
374,2
375,2
376,2
377,2
378,2
379,2
380,2
381,2
382,2
383,2
384,2
385,2
386,2
387,2
388,2
389,2
390,2
391,2
392,2
393,2
394,2
395,2
396,2
397,2
398,2
399,2
400,2
401,2
402,2
403,2
404,2
405,2
406,2
407,2
408,2
409,2
410,2
411,2
412,2
413,2
414,2
415,2
416,2
417,2
418,2
419,2
420,2
421,2
422,2
423,2
424,2
425,2
426,2
427,2
428,2
429,2
430,2
431,2
432,2
433,2
434,2
435,2
436,2
437,2
438,2
439,2
440,2
441,2
442,2
443,2
444,2
445,2
446,2
447,2
448,2
449,2
450,2
451,2
452,2
453,2
454,2
455,2
456,2
457,2
458,2
459,2
460,2
461,2
462,2
463,2
464,2
465,2
466,2
467,2
468,2
469,2
470,2
471,2
472,2
473,2
474,2
475,2
476,2
477,2
478,2
479,2
480,2
481,2
482,2
483,2
484,2
485,2
486,2
487,2
488,2
489,2
490,2
491,2
492,2
493,2
494,2
495,2
496,2
497,2
498,2
499,2
500,2
501,2
502,2
503,2
504,2
505,2
506,2
507,2
508,2
509,2
510,2
511,2
512,2
513,2
514,2
515,2
516,2
517,2
518,2
519,2
520,2
521,2
522,2
523,2
524,2
525,2
526,2
527,2
528,2
529,2
530,2
531,2
532,2
533,2
534,2
535,2
536,2
537,2
538,2
539,2
540,2
541,2
542,2
543,2
544,2
545,2
546,2
547,2
548,2
549,2
550,2
551,2
552,2
553,2
554,2
555,2
556,2
557,2
558,2
559,2
560,2
561,2
562,2
563,2
564,2
565,2
566,2
567,2
568,2
569,2
570,2
571,2
572,2
573,2
574,2
575,2
576,2
577,2
578,2
579,2
580,2
581,2
582,2
583,2
584,2
585,2
586,2
587,2
588,2
589,2
590,2
591,2
592,2
593,2
594,2
595,2
596,2
597,2
598,2
599,2
600,2
601,2
602,2
603,2
604,2
605,2
606,2
607,2
608,2
609,2
610,2
611,2
612,2
613,2
614,2
615,2
616,2
617,2
618,2
619,2
620,2
621,2
622,2
623,2
624,2
625,2
626,2
627,2
628,2
629,2
630,2
631,2
632,2
633,2
634,2
635,2
636,2
637,2
638,2
639,2
640,2
641,2
642,2
643,2
644,2
645,2
646,2
647,2
648,2
649,2
650,2
651,2
652,2
653,2
654,2
655,2
656,2
657,2
658,2
659,2
660,2
661,2
662,2
663,2
664,2
665,2
666,2
667,2
668,2
669,2
670,2
671,2
672,2
673,2
674,2
675,2
676,2
677,2
678,2
679,2
680,2
681,2
682,2
683,2
684,2
685,2
686,2
687,2
688,2
689,2
690,2
691,2
692,2
693,2
694,2
695,2
696,2
697,2
698,2
699,2
700,2
701,2
702,2
703,2
704,2
705,2
706,2
707,2
708,2
709,2
710,2
711,2
712,2
713,2
714,2
715,2
716,2
717,2
718,2
719,2
720,2
721,2
722,2
723,2
724,2
725,2
726,2
727,2
728,2
729,2
730,2
731,2
732,2
733,2
734,2
735,2
736,2
737,2
738,2
739,2
740,2
741,2
742,2
743,2
744,2
745,2
746,2
747,2
748,2
749,2
750,2
751,2
752,2
753,2
754,2
755,2
756,2
757,2
758,2
759,2
760,2
761,2
762,2
763,2
764,2
765,2
766,2
767,2
768,2
769,2
770,2
771,2
772,2
773,2
774,2
775,2
776,2
777,2
778,2
779,2
780,2
781,2
782,2
783,2
784,2
785,2
786,2
787,2
788,2
789,2
790,2
791,2
792,2
793,2
794,2
795,2
796,2
797,2
798,2
799,2
800,2
801,2
802,2
803,2
804,2
805,2
806,2
807,2
808,2
809,2
810,2
811,2
812,2
813,2
814,2
815,2
816,2
817,2
818,2
819,2
820,2
821,2
822,2
823,2
824,2
825,2
826,2
827,2
828,2
829,2
830,2
831,2
832,2
833,2
834,2
835,2
836,2
837,2
838,2
839,2
840,2
841,2
842,2
843,2
844,2
845,2
846,2
847,2
848,2
849,2
850,2
851,2
852,2
853,2
854,2
855,2
856,2
857,2
858,2
859,2
860,2
861,2
862,2
863,2
864,2
865,2
866,2
867,2
868,2
869,2
870,2
871,2
872,2
873,2
874,2
875,2
876,2
877,2
878,2
879,2
880,2
881,2
882,2
883,2
884,2
885,2
886,2
887,2
888,2
889,2
890,2
891,2
892,2
893,2
894,2
895,2
896,2
897,2
898,2
899,2
900,2
901,2
902,2
903,2
904,2
905,2
906,2
907,2
908,2
909,2
910,2
911,2
912,2
913,2
914,2
915,2
916,2
917,2
918,2
919,2
920,2
921,2
922,2
923,2
924,2
925,2
926,2
927,2
928,2
929,2
930,2
931,2
932,2
933,2
934,2
935,2
936,2
937,2
938,2
939,2
940,2
941,2
942,2
943,2
944,2
945,2
946,2
947,2
948,2
949,2
950,2
951,2
952,2
953,2
954,2
955,2
956,2
957,2
958,2
959,2
960,2
961,2
962,2
963,2
964,2
965,2
966,2
967,2
968,2
969,2
970,2
971,2
972,2
973,2
974,2
975,2
976,2
977,2
978,2
979,2
980,2
981,2
982,2
983,2
984,2
985,2
986,2
987,2
988,2
989,2
990,2
991,2
992,2
993,2
994,2
995,2
996,2
997,2
998,2
999,2
1000,2
1001,2
1002,2
1003,2
1004,2
1005,2
1006,2
1007,2
1008,2
1009,2
1010,2
1011,2
1012,2
1013,2
1014,2
1015,2
1016,2
1017,2
1018,2
1019,2
1020,2
1021,2
1022,2
1023,2
1024,2
1025,2
1026,2
1027,2
1028,2
1029,2
1030,2
1031,2
1032,2
1033,2
1034,2
1035,2
1036,2
1037,2
1038,2
1039,2
1040,2
1041,2
1042,2
1043,2
1044,2
1045,2
1046,2
1047,2
1048,2
1049,2
1050,2
1051,2
1052,2
1053,2
1054,2
1055,2
1056,2
1057,2
1058,2
1059,2
1060,2
1061,2
1062,2
1063,2
1064,2
1065,2
1066,2
1067,2
1068,2
1069,2
1070,2
1071,2
1072,2
1073,2
1074,2
1075,2
1076,2
1077,2
1078,2
1079,2
1080,2
1081,2
1082,2
1083,2
1084,2
1085,2
1086,2
1087,2
1088,2
1089,2
1090,2
1091,2
1092,2
1093,2
1094,2
1095,2
1096,2
1097,2
1098,2
1099,2
1100,2
1101,2
1102,2
1103,2
1104,2
1105,2
1106,2
1107,2
1108,2
1109,2
1110,2
1111,2
1112,2
1113,2
1114,2
1115,2
1116,2
1117,2
1118,2
1119,2
1120,2
1121,2
1122,2
1123,2
1124,2
1125,2
1126,2
1127,2
1128,2
1129,2
1130,2
1131,2
1132,2
1133,2
1134,2
1135,2
1136,2
1137,2
1138,2
1139,2
1140,2
1141,2
1142,2
1143,2
1144,2
1145,2
1146,2
1147,2
1148,2
1149,2
1150,2
1151,2
1152,2
1153,2
1154,2
1155,2
1156,2
1157,2
1158,2
1159,2
1160,2
1161,2
1162,2
1163,2
1164,2
1165,2
1166,2
1167,2
1168,2
1169,2
1170,2
1171,2
1172,2
1173,2
1174,2
1175,2
1176,2
1177,2
1178,2
1179,2
1180,2
1181,2
1182,2
1183,2
1184,2
1185,2
1186,2
1187,2
1188,2
1189,2
1190,2
1191,2
1192,2
1193,2
1194,2
1195,2
1196,2
1197,2
1198,2
1199,2
1200,2
1201,2
1202,2
1203,2
1204,2
1205,2
1206,2
1207,2
1208,2
1209,2
1210,2
1211,2
1212,2
1213,2
1214,2
1215,2
1216,2
1217,2
1218,2
1219,2
1220,2
1221,2
1222,2
1223,2
1224,2
1225,2
1226,2
1227,2
1228,2
1229,2
1230,2
1231,2
1232,2
1233,2
1234,2
1235,2
1236,2
1237,2
1238,2
1239,2
1240,2
1241,2
1242,2
1243,2
1244,2
1245,2
1246,2
1247,2
1248,2
1249,2
1250,2
1251,2
1252,2
1253,2
1254,2
1255,2
1256,2
1257,2
1258,2
1259,2
1260,2
1261,2
1262,2
1263,2
1264,2
1265,2
1266,2
1267,2
1268,2
1269,2
1270,2
1271,2
1272,2
1273,2
1274,2
1275,2
1276,2
1277,2
1278,2
1279,2
1280,2
1281,2
1282,2
1283,2
1284,2
1285,2
1286,2
1287,2
1288,2
1289,2
1290,2
1291,2
1292,2
1293,2
1294,2
1295,2
1296,2
1297,2
1298,2
1299,2
1300,2
1301,2
1302,2
1303,2
1304,2
1305,2
1306,2
1307,2
1308,2
1309,2
1310,2
1311,2
1312,2
1313,2
1314,2
1315,2
1316,2
1317,2
1318,2
1319,2
1320,2
1321,2
1322,2
1323,2
1324,2
1325,2
1326,2
1327,2
1328,2
1329,2
1330,2
1331,2
1332,2
1333,2
1334,2
1335,2
1336,2
1337,2
1338,2
1339,2
1340,2
1341,2
1342,2
1343,2
1344,2
1345,2
1346,2
1347,2
1348,2
1349,2
1350,2
1351,2
1352,2
1353,2
1354,2
1355,2
1356,2
1357,2
1358,2
1359,2
1360,2
1361,2
1362,2
1363,2
1364,2
1365,2
1366,2
1367,2
1368,2
1369,2
1370,2
1371,2
1372,2
1373,2
1374,2
1375,2
1376,2
1377,2
1378,2
1379,2
1380,2
1381,2
1382,2
1383,2
1384,2
1385,2
1386,2
1387,2
1388,2
1389,2
1390,2
1391,2
1392,2
1393,2
1394,2
1395,2
1396,2
1397,2
1398,2
1399,2
1400,2
1401,2
1402,2
1403,2
1404,2
1405,2
1406,2
1407,2
1408,2
1409,2
1410,2
1411,2
1412,2
1413,2
1414,2
1415,2
1416,2
1417,2
1418,2
1419,2
1420,2
1421,2
1422,2
1423,2
1424,2
1425,2
1426,2
1427,2
1428,2
1429,2
1430,2
1431,2
1432,2
1433,2
1434,2
1435,2
1436,2
1437,2
1438,2
1439,2
1440,2
1441,2
1442,2
1443,2
1444,2
1445,2
1446,2
1447,2
1448,2
1449,2
1450,2
1451,2
1452,2
1453,2
1454,2
1455,2
1456,2
1457,2
1458,2
1459,2
1460,2
1461,2
1462,2
1463,2
1464,2
1465,2
1466,2
1467,2
1468,2
1469,2
1470,2
1471,2
1472,2
1473,2
1474,2
1475,2
1476,2
1477,2
1478,2
1479,2
1480,2
1481,2
1482,2
1483,2
1484,2
1485,2
1486,2
1487,2
1488,2
1489,2
1490,2
1491,2
1492,2
1493,2
1494,2
1495,2
1496,2
1497,2
1498,2
1499,2
1500,2
1501,2
1502,2
1503,2
1504,2
1505,2
1506,2
1507,2
1508,2
1509,2
1510,2
1511,2
1512,2
1513,2
1514,2
1515,2
1516,2
1517,2
1518,2
1519,2
1520,2
1521,2
1522,2
1523,2
1524,2
1525,2
1526,2
1527,2
1528,2
1529,2
1530,2
1531,2
1532,2
1533,2
1534,2
1535,2
1536,2
1537,2
1538,2
1539,2
1540,2
1541,2
1542,2
1543,2
1544,2
1545,2
1546,2
1547,2
1548,2
1549,2
1550,2
1551,2
1552,2
1553,2
1554,2
1555,2
1556,2
1557,2
1558,2
1559,2
1560,2
1561,2
1562,2
1563,2
1564,2
1565,2
1566,2
1567,2
1568,2
1569,2
1570,2
1571,2
1572,2
1573,2
1574,2
1575,2
1576,2
1577,2
1578,2
1579,2
1580,2
1581,2
1582,2
1583,2
1584,2
1585,2
1586,2
1587,2
1588,2
1589,2
1590,2
1591,2
1592,2
1593,2
1594,2
1595,2
1596,2
1597,2
1598,2
1599,2
1600,2
1601,2
1602,2
1603,2
1604,2
1605,2
1606,2
1607,2
1608,2
1609,2
1610,2
1611,2
1612,2
1613,2
1614,2
1615,2
1616,2
1617,2
1618,2
1619,2
1620,2
1621,2
1622,2
1623,2
1624,2
1625,2
1626,2
1627,2
1628,2
1629,2
1630,2
1631,2
1632,2
1633,2
1634,2
1635,2
1636,2
1637,2
1638,2
1639,2
1640,2
1641,2
1642,2
1643,2
1644,2
1645,2
1646,2
1647,2
1648,2
1649,2
1650,2
1651,2
1652,2
1653,2
1654,2
1655,2
1656,2
1657,2
1658,2
1659,2
1660,2
1661,2
1662,2
1663,2
1664,2
1665,2
1666,2
1667,2
1668,2
1669,2
1670,2
1671,2
1672,2
1673,2
1674,2
1675,2
1676,2
1677,2
1678,2
1679,2
1680,2
1681,2
1682,2
1683,2
1684,2
1685,2
1686,2
1687,2
1688,2
1689,2
1690,2
1691,2
1692,2
1693,2
1694,2
1695,2
1696,2
1697,2
1698,2
1699,2
1700,2
1701,2
1702,2
1703,2
1704,2
1705,2
1706,2
1707,2
1708,2
1709,2
1710,2
1711,2
1712,2
1713,2
1714,2
1715,2
1716,2
1717,2
1718,2
1719,2
1720,2
1721,2
1722,2
1723,2
1724,2
1725,2
1726,2
1727,2
1728,2
1729,2
1730,2
1731,2
1732,2
1733,2
1734,2
1735,2
1736,2
1737,2
1738,2
1739,2
1740,2
1741,2
1742,2
1743,2
1744,2
1745,2
1746,2
1747,2
1748,2
1749,2
1750,2
1751,2
1752,2
1753,2
1754,2
1755,2
1756,2
1757,2
1758,2
1759,2
1760,2
1761,2
1762,2
1763,2
1764,2
1765,2
1766,2
1767,2
1768,2
1769,2
1770,2
1771,2
1772,2
1773,2
1774,2
1775,2
1776,2
1777,2
1778,2
1779,2
1780,2
1781,2
1782,2
1783,2
1784,2
1785,2
1786,2
1787,2
1788,2
1789,2
1790,2
1791,2
1792,2
1793,2
1794,2
1795,2
1796,2
1797,2
1798,2
1799,2
1800,2
1801,2
1802,2
1803,2
1804,2
1805,2
1806,2
1807,2
1808,2
1809,2
1810,2
1811,2
1812,2
1813,2
1814,2
1815,2
1816,2
1817,2
1818,2
1819,2
1820,2
1821,2
1822,2
1823,2
1824,2
1825,2
1826,2
1827,2
1828,2
1829,2
1830,2
1831,2
1832,2
1833,2
1834,2
1835,2
1836,2
1837,2
1838,2
1839,2
1840,2
1841,2
1842,2
1843,2
1844,2
1845,2
1846,2
1847,2
1848,2
1849,2
1850,2
1851,2
1852,2
1853,2
1854,2
1855,2
1856,2
1857,2
1858,2
1859,2
1860,2
1861,2
1862,2
1863,2
1864,2
1865,2
1866,2
1867,2
1868,2
1869,2
1870,2
1871,2
1872,2
1873,2
1874,2
1875,2
1876,2
1877,2
1878,2
1879,2
1880,2
1881,2
1882,2
1883,2
1884,2
1885,2
1886,2
1887,2
1888,2
1889,2
1890,2
1891,2
1892,2
1893,2
1894,2
1895,2
1896,2
1897,2
1898,2
1899,2
1900,2
1901,2
1902,2
1903,2
1904,2
1905,2
1906,2
1907,2
1908,2
1909,2
1910,2
1911,2
1912,2
1913,2
1914,2
1915,2
1916,2
1917,2
1918,2
1919,2
1920,2
1921,2
1922,2
1923,2
1924,2
1925,2
1926,2
1927,2
1928,2
1929,2
1930,2
1931,2
1932,2
1933,2
1934,2
1935,2
1936,2
1937,2
1938,2
1939,2
1940,2
1941,2
1942,2
1943,2
1944,2
1945,2
1946,2
1947,2
1948,2
1949,2
1950,2
1951,2
1952,2
1953,2
1954,2
1955,2
1956,2
1957,2
1958,2
1959,2
1960,2
1961,2
1962,2
1963,2
1964,2
1965,2
1966,2
1967,2
1968,2
1969,2
1970,2
1971,2
1972,2
1973,2
1974,2
1975,2
1976,2
1977,2
1978,2
1979,2
1980,2
1981,2
1982,2
1983,2
1984,2
1985,2
1986,2
1987,2
1988,2
1989,2
1990,2
1991,2
1992,2
1993,2
1994,2
1995,2
1996,2
1997,2
1998,2
1999,2
2000,2
2001,2
2002,2
2003,2
2004,2
2005,2
2006,2
2007,2
2008,2
2009,2
2010,2
2011,2
2012,2
2013,2
2014,2
2015,2
2016,2
2017,2
2018,2
2019,2
2020,2
2021,2
2022,2
2023,2
2024,2
2025,2
2026,2
2027,2
2028,2
2029,2
2030,2
2031,2
2032,2
2033,2
2034,2
2035,2
2036,2
2037,2
2038,2
2039,2
2040,2
2041,2
2042,2
2043,2
2044,2
2045,2
2046,2
2047,2
2048,2
2049,2
2050,2
2051,2
2052,2
2053,2
2054,2
2055,2
2056,2
2057,2
2058,2
2059,2
2060,2
2061,2
2062,2
2063,2
2064,2
2065,2
2066,2
2067,2
2068,2
2069,2
2070,2
2071,2
2072,2
2073,2
2074,2
2075,2
2076,2
2077,2
2078,2
2079,2
2080,2
2081,2
2082,2
2083,2
2084,2
2085,2
2086,2
2087,2
2088,2
2089,2
2090,2
2091,2
2092,2
2093,2
2094,2
2095,2
2096,2
2097,2
2098,2
2099,2
2100,2
2101,2
2102,2
2103,2
2104,2
2105,2
2106,2
2107,2
2108,2
2109,2
2110,2
2111,2
2112,2
2113,2
2114,2
2115,2
2116,2
2117,2
2118,2
2119,2
2120,2
2121,2
2122,2
2123,2
2124,2
2125,2
2126,2
2127,2
2128,2
2129,2
2130,2
2131,2
2132,2
2133,2
2134,2
2135,2
2136,2
2137,2
2138,2
2139,2
2140,2
2141,2
2142,2
2143,2
2144,2
2145,2
2146,2
2147,2
2148,2
2149,2
2150,2
2151,2
2152,2
2153,2
2154,2
2155,2
2156,2
2157,2
2158,2
2159,2
2160,2
2161,2
2162,2
2163,2
2164,2
2165,2
2166,2
2167,2
2168,2
2169,2
2170,2
2171,2
2172,2
2173,2
2174,2
2175,2
2176,2
2177,2
2178,2
2179,2
2180,2
2181,2
2182,2
2183,2
2184,2
2185,2
2186,2
2187,2
2188,2
2189,2
2190,2
2191,2
2192,2
2193,2
2194,2
2195,2
2196,2
2197,2
2198,2
2199,2
2200,2
2201,2
2202,2
2203,2
2204,2
2205,2
2206,2
2207,2
2208,2
2209,2
2210,2
2211,2
2212,2
2213,2
2214,2
2215,2
2216,2
2217,2
2218,2
2219,2
2220,2
2221,2
2222,2
2223,2
2224,2
2225,2
2226,2
2227,2
2228,2
2229,2
2230,2
2231,2
2232,2
2233,2
2234,2
2235,2
2236,2
2237,2
2238,2
2239,2
2240,2
2241,2
2242,2
2243,2
2244,2
2245,2
2246,2
2247,2
2248,2
2249,2
2250,2
2251,2
2252,2
2253,2
2254,2
2255,2
2256,2
2257,2
2258,2
2259,2
2260,2
2261,2
2262,2
2263,2
2264,2
2265,2
2266,2
2267,2
2268,2
2269,2
2270,2
2271,2
2272,2
2273,2
2274,2
2275,2
2276,2
2277,2
2278,2
2279,2
2280,2
2281,2
2282,2
2283,2
2284,2
2285,2
2286,2
2287,2
2288,2
2289,2
2290,2
2291,2
2292,2
2293,2
2294,2
2295,2
2296,2
2297,2
2298,2
2299,2
2300,2
2301,2
2302,2
2303,2
2304,2
2305,2
2306,2
2307,2
2308,2
2309,2
2310,2
2311,2
2312,2
2313,2
2314,2
2315,2
2316,2
2317,2
2318,2
2319,2
2320,2
2321,2
2322,2
2323,2
2324,2
2325,2
2326,2
2327,2
2328,2
2329,2
2330,2
2331,2
2332,2
2333,2
2334,2
2335,2
2336,2
2337,2
2338,2
2339,2
2340,2
2341,2
2342,2
2343,2
2344,2
2345,2
2346,2
2347,2
2348,2
2349,2
2350,2
2351,2
2352,2
2353,2
2354,2
2355,2
2356,2
2357,2
2358,2
2359,2
2360,2
2361,2
2362,2
2363,2
2364,2
2365,2
2366,2
2367,2
2368,2
2369,2
2370,2
2371,2
2372,2
2373,2
2374,2
2375,2
2376,2
2377,2
2378,2
2379,2
2380,2
2381,2
2382,2
2383,2
2384,2
2385,2
2386,2
2387,2
2388,2
2389,2
2390,2
2391,2
2392,2
2393,2
2394,2
2395,2
2396,2
2397,2
2398,2
2399,2
2400,2
2401,2
2402,2
2403,2
2404,2
2405,2
2406,2
2407,2
2408,2
2409,2
2410,2
2411,2
2412,2
2413,2
2414,2
2415,2
2416,2
2417,2
2418,2
2419,2
2420,2
2421,2
2422,2
2423,2
2424,2
2425,2
2426,2
2427,2
2428,2
2429,2
2430,2
2431,2
2432,2
2433,2
2434,2
2435,2
2436,2
2437,2
2438,2
2439,2
2440,2
2441,2
2442,2
2443,2
2444,2
2445,2
2446,2
2447,2
2448,2
2449,2
2450,2
2451,2
2452,2
2453,2
2454,2
2455,2
2456,2
2457,2
2458,2
2459,2
2460,2
2461,2
2462,2
2463,2
2464,2
2465,2
2466,2
2467,2
2468,2
2469,2
2470,2
2471,2
2472,2
2473,2
2474,2
2475,2
2476,2
2477,2
2478,2
2479,2
2480,2
2481,2
2482,2
2483,2
2484,2
2485,2
2486,2
2487,2
2488,2
2489,2
2490,2
2491,2
2492,2
2493,2
2494,2
2495,2
2496,2
2497,2
2498,2
2499,2
2500,2
2501,2
2502,2
2503,2
2504,2
2505,2
2506,2
2507,2
2508,2
2509,2
2510,2
2511,2
2512,2
2513,2
2514,2
2515,2
2516,2
2517,2
2518,2
2519,2
2520,2
2521,2
2522,2
2523,2
2524,2
2525,2
2526,2
2527,2
2528,2
2529,2
2530,2
2531,2
2532,2
2533,2
2534,2
2535,2
2536,2
2537,2
2538,2
2539,2
2540,2
2541,2
2542,2
2543,2
2544,2
2545,2
2546,2
2547,2
2548,2
2549,2
2550,2
2551,2
2552,2
2553,2
2554,2
2555,2
2556,2
2557,2
2558,2
2559,2
2560,2
2561,2
2562,2
2563,2
2564,2
2565,2
2566,2
2567,2
2568,2
2569,2
2570,2
2571,2
2572,2
2573,2
2574,2
2575,2
2576,2
2577,2
2578,2
2579,2
2580,2
2581,2
2582,2
2583,2
2584,2
2585,2
2586,2
2587,2
2588,2
2589,2
2590,2
2591,2
2592,2
2593,2
2594,2
2595,2
2596,2
2597,2
2598,2
2599,2
2600,2
2601,2
2602,2
2603,2
2604,2
2605,2
2606,2
2607,2
2608,2
2609,2
2610,2
2611,2
2612,2
2613,2
2614,2
2615,2
2616,2
2617,2
2618,2
2619,2
2620,2
2621,2
2622,2
2623,2
2624,2
2625,2
2626,2
2627,2
2628,2
2629,2
2630,2
2631,2
2632,2
2633,2
2634,2
2635,2
2636,2
2637,2
2638,2
2639,2
2640,2
2641,2
2642,2
2643,2
2644,2
2645,2
2646,2
2647,2
2648,2
2649,2
2650,2
2651,2
2652,2
2653,2
2654,2
2655,2
2656,2
2657,2
2658,2
2659,2
2660,2
2661,2
2662,2
2663,2
2664,2
2665,2
2666,2
2667,2
2668,2
2669,2
2670,2
2671,2
2672,2
2673,2
2674,2
2675,2
2676,2
2677,2
2678,2
2679,2
2680,2
2681,2
2682,2
2683,2
2684,2
2685,2
2686,2
2687,2
2688,2
2689,2
2690,2
2691,2
2692,2
2693,2
2694,2
2695,2
2696,2
2697,2
2698,2
2699,2
2700,2
2701,2
2702,2
2703,2
2704,2
2705,2
2706,2
2707,2
2708,2
2709,2
2710,2
2711,2
2712,2
2713,2
2714,2
2715,2
2716,2
2717,2
2718,2
2719,2
2720,2
2721,2
2722,2
2723,2
2724,2
2725,2
2726,2
2727,2
2728,2
2729,2
2730,2
2731,2
2732,2
2733,2
2734,2
2735,2
2736,2
2737,2
2738,2
2739,2
2740,2
2741,2
2742,2
2743,2
2744,2
2745,2
2746,2
2747,2
2748,2
2749,2
2750,2
2751,2
2752,2
2753,2
2754,2
2755,2
2756,2
2757,2
2758,2
2759,2
2760,2
2761,2
2762,2
2763,2
2764,2
2765,2
2766,2
2767,2
2768,2
2769,2
2770,2
2771,2
2772,2
2773,2
2774,2
2775,2
2776,2
2777,2
2778,2
2779,2
2780,2
2781,2
2782,2
2783,2
2784,2
2785,2
2786,2
2787,2
2788,2
2789,2
2790,2
2791,2
2792,2
2793,2
2794,2
2795,2
2796,2
2797,2
2798,2
2799,2
2800,2
2801,2
2802,2
2803,2
2804,2
2805,2
2806,2
2807,2
2808,2
2809,2
2810,2
2811,2
2812,2
2813,2
2814,2
2815,2
2816,2
2817,2
2818,2
2819,2
2820,2
2821,2
2822,2
2823,2
2824,2
2825,2
2826,2
2827,2
2828,2
2829,2
2830,2
2831,2
2832,2
2833,2
2834,2
2835,2
2836,2
2837,2
2838,2
2839,2
2840,2
2841,2
2842,2
2843,2
2844,2
2845,2
2846,2
2847,2
2848,2
2849,2
2850,2
2851,2
2852,2
2853,2
2854,2
2855,2
2856,2
2857,2
2858,2
2859,2
2860,2
2861,2
2862,2
2863,2
2864,2
2865,2
2866,2
2867,2
2868,2
2869,2
2870,2
2871,2
2872,2
2873,2
2874,2
2875,2
2876,2
2877,2
2878,2
2879,2
2880,2
2881,2
2882,2
2883,2
2884,2
2885,2
2886,2
2887,2
2888,2
2889,2
2890,2
2891,2
2892,2
2893,2
2894,2
2895,2
2896,2
2897,2
2898,2
2899,2
2900,2
2901,2
2902,2
2903,2
2904,2
2905,2
2906,2
2907,2
2908,2
2909,2
2910,2
2911,2
2912,2
2913,2
2914,2
2915,2
2916,2
2917,2
2918,2
2919,2
2920,2
2921,2
2922,2
2923,2
2924,2
2925,2
2926,2
2927,2
2928,2
2929,2
2930,2
2931,2
2932,2
2933,2
2934,2
2935,2
2936,2
2937,2
2938,2
2939,2
2940,2
2941,2
2942,2
2943,2
2944,2
2945,2
2946,2
2947,2
2948,2
2949,2
2950,2
2951,2
2952,2
2953,2
2954,2
2955,2
2956,2
2957,2
2958,2
2959,2
2960,2
2961,2
2962,2
2963,2
2964,2
2965,2
2966,2
2967,2
2968,2
2969,2
2970,2
2971,2
2972,2
2973,2
2974,2
2975,2
2976,2
2977,2
2978,2
2979,2
2980,2
2981,2
2982,2
2983,2
2984,2
2985,2
2986,2
2987,2
2988,2
2989,2
2990,2
2991,2
2992,2
2993,2
2994,2
2995,2
2996,2
2997,2
2998,2
2999,2
3000,2
3001,2
3002,2
3003,2
3004,2
3005,2
3006,2
3007,2
3008,2
3009,2
3010,2
3011,2
3012,2
3013,2
3014,2
3015,2
3016,2
3017,2
3018,2
3019,2
3020,2
3021,2
3022,2
3023,2
3024,2
3025,2
3026,2
3027,2
3028,2
3029,2
3030,2
3031,2
3032,2
3033,2
3034,2
3035,2
3036,2
3037,2
3038,2
3039,2
3040,2
3041,2
3042,2
3043,2
3044,2
3045,2
3046,2
3047,2
3048,2
3049,2
3050,2
3051,2
3052,2
3053,2
3054,2
3055,2
3056,2
3057,2
3058,2
3059,2
3060,2
3061,2
3062,2
3063,2
3064,2
3065,2
3066,2
3067,2
3068,2
3069,2
3070,2
3071,2
3072,2
3073,2
3074,2
3075,2
3076,2
3077,2
3078,2
3079,2
3080,2
3081,2
3082,2
3083,2
3084,2
3085,2
3086,2
3087,2
3088,2
3089,2
3090,2
3091,2
3092,2
3093,2
3094,2
3095,2
3096,2
3097,2
3098,2
3099,2
3100,2
3101,2
3102,2
3103,2
3104,2
3105,2
3106,2
3107,2
3108,2
3109,2
3110,2
3111,2
3112,2
3113,2
3114,2
3115,2
3116,2
3117,2
3118,2
3119,2
3120,2
3121,2
3122,2
3123,2
3124,2
3125,2
3126,2
3127,2
3128,2
3129,2
3130,2
3131,2
3132,2
3133,2
3134,2
3135,2
3136,2
3137,2
3138,2
3139,2
3140,2
3141,2
3142,2
3143,2
3144,2
3145,2
3146,2
3147,2
3148,2
3149,2
3150,2
3151,2
3152,2
3153,2
3154,2
3155,2
3156,2
3157,2
3158,2
3159,2
3160,2
3161,2
3162,2
3163,2
3164,2
3165,2
3166,2
3167,2
3168,2
3169,2
3170,2
3171,2
3172,2
3173,2
3174,2
3175,2
3176,2
3177,2
3178,2
3179,2
3180,2
3181,2
3182,2
3183,2
3184,2
3185,2
3186,2
3187,2
3188,2
3189,2
3190,2
3191,2
3192,2
3193,2
3194,2
3195,2
3196,2
3197,2
3198,2
3199,2
3200,2
3201,2
3202,2
3203,2
3204,2
3205,2
3206,2
3207,2
3208,2
3209,2
3210,2
3211,2
3212,2
3213,2
3214,2
3215,2
3216,2
3217,2
3218,2
3219,2
3220,2
3221,2
3222,2
3223,2
3224,2
3225,2
3226,2
3227,2
3228,2
3229,2
3230,2
3231,2
3232,2
3233,2
3234,2
3235,2
3236,2
3237,2
3238,2
3239,2
3240,2
3241,2
3242,2
3243,2
3244,2
3245,2
3246,2
3247,2
3248,2
3249,2
3250,2
3251,2
3252,2
3253,2
3254,2
3255,2
3256,2
3257,2
3258,2
3259,2
3260,2
3261,2
3262,2
3263,2
3264,2
3265,2
3266,2
3267,2
3268,2
3269,2
3270,2
3271,2
3272,2
3273,2
3274,2
3275,2
3276,2
3277,2
3278,2
3279,2
3280,2
3281,2
3282,2
3283,2
3284,2
3285,2
3286,2
3287,2
3288,2
3289,2
3290,2
3291,2
3292,2
3293,2
3294,2
3295,2
3296,2
3297,2
3298,2
3299,2
3300,2
3301,2
3302,2
3303,2
3304,2
3305,2
3306,2
3307,2
3308,2
3309,2
3310,2
3311,2
3312,2
3313,2
3314,2
3315,2
3316,2
3317,2
3318,2
3319,2
3320,2
3321,2
3322,2
3323,2
3324,2
3325,2
3326,2
3327,2
3328,2
3329,2
3330,2
3331,2
3332,2
3333,2
3334,2
3335,2
3336,2
3337,2
3338,2
3339,2
3340,2
3341,2
3342,2
3343,2
3344,2
3345,2
3346,2
3347,2
3348,2
3349,2
3350,2
3351,2
3352,2
3353,2
3354,2
3355,2
3356,2
3357,2
3358,2
3359,2
3360,2
3361,2
3362,2
3363,2
3364,2
3365,2
3366,2
3367,2
3368,2
3369,2
3370,2
3371,2
3372,2
3373,2
3374,2
3375,2
3376,2
3377,2
3378,2
3379,2
3380,2
3381,2
3382,2
3383,2
3384,2
3385,2
3386,2
3387,2
3388,2
3389,2
3390,2
3391,2
3392,2
3393,2
3394,2
3395,2
3396,2
3397,2
3398,2
3399,2
3400,2
3401,2
3402,2
3403,2
3404,2
3405,2
3406,2
3407,2
3408,2
3409,2
3410,2
3411,2
3412,2
3413,2
3414,2
3415,2
3416,2
3417,2
3418,2
3419,2
3420,2
3421,2
3422,2
3423,2
3424,2
3425,2
3426,2
3427,2
3428,2
3429,2
3430,2
3431,2
3432,2
3433,2
3434,2
3435,2
3436,2
3437,2
3438,2
3439,2
3440,2
3441,2
3442,2
3443,2
3444,2
3445,2
3446,2
3447,2
3448,2
3449,2
3450,2
3451,2
3452,2
3453,2
3454,2
3455,2
3456,2
3457,2
3458,2
3459,2
3460,2
3461,2
3462,2
3463,2
3464,2
3465,2
3466,2
3467,2
3468,2
3469,2
3470,2
3471,2
3472,2
3473,2
3474,2
3475,2
3476,2
3477,2
3478,2
3479,2
3480,2
3481,2
3482,2
3483,2
3484,2
3485,2
3486,2
3487,2
3488,2
3489,2
3490,2
3491,2
3492,2
3493,2
3494,2
3495,2
3496,2
3497,2
3498,2
3499,2
3500,2
3501,2
3502,2
3503,2
3504,2
3505,2
3506,2
3507,2
3508,2
3509,2
3510,2
3511,2
3512,2
3513,2
3514,2
3515,2
3516,2
3517,2
3518,2
3519,2
3520,2
3521,2
3522,2
3523,2
3524,2
3525,2
3526,2
3527,2
3528,2
3529,2
3530,2
3531,2
3532,2
3533,2
3534,2
3535,2
3536,2
3537,2
3538,2
3539,2
3540,2
3541,2
3542,2
3543,2
3544,2
3545,2
3546,2
3547,2
3548,2
3549,2
3550,2
3551,2
3552,2
3553,2
3554,2
3555,2
3556,2
3557,2
3558,2
3559,2
3560,2
3561,2
3562,2
3563,2
3564,2
3565,2
3566,2
3567,2
3568,2
3569,2
3570,2
3571,2
3572,2
3573,2
3574,2
3575,2
3576,2
3577,2
3578,2
3579,2
3580,2
3581,2
3582,2
3583,2
3584,2
3585,2
3586,2
3587,2
3588,2
3589,2
3590,2
3591,2
3592,2
3593,2
3594,2
3595,2
3596,2
3597,2
3598,2
3599,2
3600,2
3601,2
3602,2
3603,2
3604,2
3605,2
3606,2
3607,2
3608,2
3609,2
3610,2
3611,2
3612,2
3613,2
3614,2
3615,2
3616,2
3617,2
3618,2
3619,2
3620,2
3621,2
3622,2
3623,2
3624,2
3625,2
3626,2
3627,2
3628,2
3629,2
3630,2
3631,2
3632,2
3633,2
3634,2
3635,2
3636,2
3637,2
3638,2
3639,2
3640,2
3641,2
3642,2
3643,2
3644,2
3645,2
3646,2
3647,2
3648,2
3649,2
3650,2
3651,2
3652,2
3653,2
3654,2
3655,2
3656,2
3657,2
3658,2
3659,2
3660,2
3661,2
3662,2
3663,2
3664,2
3665,2
3666,2
3667,2
3668,2
3669,2
3670,2
3671,2
3672,2
3673,2
3674,2
3675,2
3676,2
3677,2
3678,2
3679,2
3680,2
3681,2
3682,2
3683,2
3684,2
3685,2
3686,2
3687,2
3688,2
3689,2
3690,2
3691,2
3692,2
3693,2
3694,2
3695,2
3696,2
3697,2
3698,2
3699,2
3700,2
3701,2
3702,2
3703,2
3704,2
3705,2
3706,2
3707,2
3708,2
3709,2
3710,2
3711,2
3712,2
3713,2
3714,2
3715,2
3716,2
3717,2
3718,2
3719,2
3720,2
3721,2
3722,2
3723,2
3724,2
3725,2
3726,2
3727,2
3728,2
3729,2
3730,2
3731,2
3732,2
3733,2
3734,2
3735,2
3736,2
3737,2
3738,2
3739,2
3740,2
3741,2
3742,2
3743,2
3744,2
3745,2
3746,2
3747,2
3748,2
3749,2
3750,2
3751,2
3752,2
3753,2
3754,2
3755,2
3756,2
3757,2
3758,2
3759,2
3760,2
3761,2
3762,2
3763,2
3764,2
3765,2
3766,2
3767,2
3768,2
3769,2
3770,2
3771,2
3772,2
3773,2
3774,2
3775,2
3776,2
3777,2
3778,2
3779,2
3780,2
3781,2
3782,2
3783,2
3784,2
3785,2
3786,2
3787,2
3788,2
3789,2
3790,2
3791,2
3792,2
3793,2
3794,2
3795,2
3796,2
3797,2
3798,2
3799,2
3800,2
3801,2
3802,2
3803,2
3804,2
3805,2
3806,2
3807,2
3808,2
3809,2
3810,2
3811,2
3812,2
3813,2
3814,2
3815,2
3816,2
3817,2
3818,2
3819,2
3820,2
3821,2
3822,2
3823,2
3824,2
3825,2
3826,2
3827,2
3828,2
3829,2
3830,2
3831,2
3832,2
3833,2
3834,2
3835,2
3836,2
3837,2
3838,2
3839,2
3840,2
3841,2
3842,2
3843,2
3844,2
3845,2
3846,2
3847,2
3848,2
3849,2
3850,2
3851,2
3852,2
3853,2
3854,2
3855,2
3856,2
3857,2
3858,2
3859,2
3860,2
3861,2
3862,2
3863,2
3864,2
3865,2
3866,2
3867,2
3868,2
3869,2
3870,2
3871,2
3872,2
3873,2
3874,2
3875,2
3876,2
3877,2
3878,2
3879,2
3880,2
3881,2
3882,2
3883,2
3884,2
3885,2
3886,2
3887,2
3888,2
3889,2
3890,2
3891,2
3892,2
3893,2
3894,2
3895,2
3896,2
3897,2
3898,2
3899,2
3900,2
3901,2
3902,2
3903,2
3904,2
3905,2
3906,2
3907,2
3908,2
3909,2
3910,2
3911,2
3912,2
3913,2
3914,2
3915,2
3916,2
3917,2
3918,2
3919,2
3920,2
3921,2
3922,2
3923,2
3924,2
3925,2
3926,2
3927,2
3928,2
3929,2
3930,2
3931,2
3932,2
3933,2
3934,2
3935,2
3936,2
3937,2
3938,2
3939,2
3940,2
3941,2
3942,2
3943,2
3944,2
3945,2
3946,2
3947,2
3948,2
3949,2
3950,2
3951,2
3952,2
3953,2
3954,2
3955,2
3956,2
3957,2
3958,2
3959,2
3960,2
3961,2
3962,2
3963,2
3964,2
3965,2
3966,2
3967,2
3968,2
3969,2
3970,2
3971,2
3972,2
3973,2
3974,2
3975,2
3976,2
3977,2
3978,2
3979,2
3980,2
3981,2
3982,2
3983,2
3984,2
3985,2
3986,2
3987,2
3988,2
3989,2
3990,2
3991,2
3992,2
3993,2
3994,2
3995,2
3996,2
3997,2
3998,2
3999,2
4000,2
4001,2
4002,2
4003,2
4004,2
4005,2
4006,2
4007,2
4008,2
4009,2
4010,2
4011,2
4012,2
4013,2
4014,2
4015,2
4016,2
4017,2
4018,2
4019,2
4020,2
4021,2
4022,2
4023,2
4024,2
4025,2
4026,2
4027,2
4028,2
4029,2
4030,2
4031,2
4032,2
4033,2
4034,2
4035,2
4036,2
4037,2
4038,2
4039,2
4040,2
4041,2
4042,2
4043,2
4044,2
4045,2
4046,2
4047,2
4048,2
4049,2
4050,2
4051,2
4052,2
4053,2
4054,2
4055,2
4056,2
4057,2
4058,2
4059,2
4060,2
4061,2
4062,2
4063,2
4064,2
4065,2
4066,2
4067,2
4068,2
4069,2
4070,2
4071,2
4072,2
4073,2
4074,2
4075,2
4076,2
4077,2
4078,2
4079,2
4080,2
4081,2
4082,2
4083,2
4084,2
4085,2
4086,2
4087,2
4088,2
4089,2
4090,2
4091,2
4092,2
4093,2
4094,2
4095,2
4096,2
4097,2
4098,2
4099,2
4100,2
4101,2
4102,2
4103,2
4104,2
4105,2
4106,2
4107,2
4108,2
4109,2
4110,2
4111,2
4112,2
4113,2
4114,2
4115,2
4116,2
4117,2
4118,2
4119,2
4120,2
4121,2
4122,2
4123,2
4124,2
4125,2
4126,2
4127,2
4128,2
4129,2
4130,2
4131,2
4132,2
4133,2
4134,2
4135,2
4136,2
4137,2
4138,2
4139,2
4140,2
4141,2
4142,2
4143,2
4144,2
4145,2
4146,2
4147,2
4148,2
4149,2
4150,2
4151,2
4152,2
4153,2
4154,2
4155,2
4156,2
4157,2
4158,2
4159,2
4160,2
4161,2
4162,2
4163,2
4164,2
4165,2
4166,2
4167,2
4168,2
4169,2
4170,2
4171,2
4172,2
4173,2
4174,2
4175,2
4176,2
4177,2
4178,2
4179,2
4180,2
4181,2
4182,2
4183,2
4184,2
4185,2
4186,2
4187,2
4188,2
4189,2
4190,2
4191,2
4192,2
4193,2
4194,2
4195,2
4196,2
4197,2
4198,2
4199,2
4200,2
4201,2
4202,2
4203,2
4204,2
4205,2
4206,2
4207,2
4208,2
4209,2
4210,2
4211,2
4212,2
4213,2
4214,2
4215,2
4216,2
4217,2
4218,2
4219,2
4220,2
4221,2
4222,2
4223,2
4224,2
4225,2
4226,2
4227,2
4228,2
4229,2
4230,2
4231,2
4232,2
4233,2
4234,2
4235,2
4236,2
4237,2
4238,2
4239,2
4240,2
4241,2
4242,2
4243,2
4244,2
4245,2
4246,2
4247,2
4248,2
4249,2
4250,2
4251,2
4252,2
4253,2
4254,2
4255,2
4256,2
4257,2
4258,2
4259,2
4260,2
4261,2
4262,2
4263,2
4264,2
4265,2
4266,2
4267,2
4268,2
4269,2
4270,2
4271,2
4272,2
4273,2
4274,2
4275,2
4276,2
4277,2
4278,2
4279,2
4280,2
4281,2
4282,2
4283,2
4284,2
4285,2
4286,2
4287,2
4288,2
4289,2
4290,2
4291,2
4292,2
4293,2
4294,2
4295,2
4296,2
4297,2
4298,2
4299,2
4300,2
4301,2
4302,2
4303,2
4304,2
4305,2
4306,2
4307,2
4308,2
4309,2
4310,2
4311,2
4312,2
4313,2
4314,2
4315,2
4316,2
4317,2
4318,2
4319,2
4320,2
4321,2
4322,2
4323,2
4324,2
4325,2
4326,2
4327,2
4328,2
4329,2
4330,2
4331,2
4332,2
4333,2
4334,2
4335,2
4336,2
4337,2
4338,2
4339,2
4340,2
4341,2
4342,2
4343,2
4344,2
4345,2
4346,2
4347,2
4348,2
4349,2
4350,2
4351,2
4352,2
4353,2
4354,2
4355,2
4356,2
4357,2
4358,2
4359,2
4360,2
4361,2
4362,2
4363,2
4364,2
4365,2
4366,2
4367,2
4368,2
4369,2
4370,2
4371,2
4372,2
4373,2
4374,2
4375,2
4376,2
4377,2
4378,2
4379,2
4380,2
4381,2
4382,2
4383,2
4384,2
4385,2
4386,2
4387,2
4388,2
4389,2
4390,2
4391,2
4392,2
4393,2
4394,2
4395,2
4396,2
4397,2
4398,2
4399,2
4400,2
4401,2
4402,2
4403,2
4404,2
4405,2
4406,2
4407,2
4408,2
4409,2
4410,2
4411,2
4412,2
4413,2
4414,2
4415,2
4416,2
4417,2
4418,2
4419,2
4420,2
4421,2
4422,2
4423,2
4424,2
4425,2
4426,2
4427,2
4428,2
4429,2
4430,2
4431,2
4432,2
4433,2
4434,2
4435,2
4436,2
4437,2
4438,2
4439,2
4440,2
4441,2
4442,2
4443,2
4444,2
4445,2
4446,2
4447,2
4448,2
4449,2
4450,2
4451,2
4452,2
4453,2
4454,2
4455,2
4456,2
4457,2
4458,2
4459,2
4460,2
4461,2
4462,2
4463,2
4464,2
4465,2
4466,2
4467,2
4468,2
4469,2
4470,2
4471,2
4472,2
4473,2
4474,2
4475,2
4476,2
4477,2
4478,2
4479,2
4480,2
4481,2
4482,2
4483,2
4484,2
4485,2
4486,2
4487,2
4488,2
4489,2
4490,2
4491,2
4492,2
4493,2
4494,2
4495,2
4496,2
4497,2
4498,2
4499,2
4500,2
4501,2
4502,2
4503,2
4504,2
4505,2
4506,2
4507,2
4508,2
4509,2
4510,2
4511,2
4512,2
4513,2
4514,2
4515,2
4516,2
4517,2
4518,2
4519,2
4520,2
4521,2
4522,2
4523,2
4524,2
4525,2
4526,2
4527,2
4528,2
4529,2
4530,2
4531,2
4532,2
4533,2
4534,2
4535,2
4536,2
4537,2
4538,2
4539,2
4540,2
4541,2
4542,2
4543,2
4544,2
4545,2
4546,2
4547,2
4548,2
4549,2
4550,2
4551,2
4552,2
4553,2
4554,2
4555,2
4556,2
4557,2
4558,2
4559,2
4560,2
4561,2
4562,2
4563,2
4564,2
4565,2
4566,2
4567,2
4568,2
4569,2
4570,2
4571,2
4572,2
4573,2
4574,2
4575,2
4576,2
4577,2
4578,2
4579,2
4580,2
4581,2
4582,2
4583,2
4584,2
4585,2
4586,2
4587,2
4588,2
4589,2
4590,2
4591,2
4592,2
4593,2
4594,2
4595,2
4596,2
4597,2
4598,2
4599,2
4600,2
4601,2
4602,2
4603,2
4604,2
4605,2
4606,2
4607,2
4608,2
4609,2
4610,2
4611,2
4612,2
4613,2
4614,2
4615,2
4616,2
4617,2
4618,2
4619,2
4620,2
4621,2
4622,2
4623,2
4624,2
4625,2
4626,2
4627,2
4628,2
4629,2
4630,2
4631,2
4632,2
4633,2
4634,2
4635,2
4636,2
4637,2
4638,2
4639,2
4640,2
4641,2
4642,2
4643,2
4644,2
4645,2
4646,2
4647,2
4648,2
4649,2
4650,2
4651,2
4652,2
4653,2
4654,2
4655,2
4656,2
4657,2
4658,2
4659,2
4660,2
4661,2
4662,2
4663,2
4664,2
4665,2
4666,2
4667,2
4668,2
4669,2
4670,2
4671,2
4672,2
4673,2
4674,2
4675,2
4676,2
4677,2
4678,2
4679,2
4680,2
4681,2
4682,2
4683,2
4684,2
4685,2
4686,2
4687,2
4688,2
4689,2
4690,2
4691,2
4692,2
4693,2
4694,2
4695,2
4696,2
4697,2
4698,2
4699,2
4700,2
4701,2
4702,2
4703,2
4704,2
4705,2
4706,2
4707,2
4708,2
4709,2
4710,2
4711,2
4712,2
4713,2
4714,2
4715,2
4716,2
4717,2
4718,2
4719,2
4720,2
4721,2
4722,2
4723,2
4724,2
4725,2
4726,2
4727,2
4728,2
4729,2
4730,2
4731,2
4732,2
4733,2
4734,2
4735,2
4736,2
4737,2
4738,2
4739,2
4740,2
4741,2
4742,2
4743,2
4744,2
4745,2
4746,2
4747,2
4748,2
4749,2
4750,2
4751,2
4752,2
4753,2
4754,2
4755,2
4756,2
4757,2
4758,2
4759,2
4760,2
4761,2
4762,2
4763,2
4764,2
4765,2
4766,2
4767,2
4768,2
4769,2
4770,2
4771,2
4772,2
4773,2
4774,2
4775,2
4776,2
4777,2
4778,2
4779,2
4780,2
4781,2
4782,2
4783,2
4784,2
4785,2
4786,2
4787,2
4788,2
4789,2
4790,2
4791,2
4792,2
4793,2
4794,2
4795,2
4796,2
4797,2
4798,2
4799,2
4800,2
4801,2
4802,2
4803,2
4804,2
4805,2
4806,2
4807,2
4808,2
4809,2
4810,2
4811,2
4812,2
4813,2
4814,2
4815,2
4816,2
4817,2
4818,2
4819,2
4820,2
4821,2
4822,2
4823,2
4824,2
4825,2
4826,2
4827,2
4828,2
4829,2
4830,2
4831,2
4832,2
4833,2
4834,2
4835,2
4836,2
4837,2
4838,2
4839,2
4840,2
4841,2
4842,2
4843,2
4844,2
4845,2
4846,2
4847,2
4848,2
4849,2
4850,2
4851,2
4852,2
4853,2
4854,2
4855,2
4856,2
4857,2
4858,2
4859,2
4860,2
4861,2
4862,2
4863,2
4864,2
4865,2
4866,2
4867,2
4868,2
4869,2
4870,2
4871,2
4872,2
4873,2
4874,2
4875,2
4876,2
4877,2
4878,2
4879,2
4880,2
4881,2
4882,2
4883,2
4884,2
4885,2
4886,2
4887,2
4888,2
4889,2
4890,2
4891,2
4892,2
4893,2
4894,2
4895,2
4896,2
4897,2
4898,2
4899,2
4900,2
4901,2
4902,2
4903,2
4904,2
4905,2
4906,2
4907,2
4908,2
4909,2
4910,2
4911,2
4912,2
4913,2
4914,2
4915,2
4916,2
4917,2
4918,2
4919,2
4920,2
4921,2
4922,2
4923,2
4924,2
4925,2
4926,2
4927,2
4928,2
4929,2
4930,2
4931,2
4932,2
4933,2
4934,2
4935,2
4936,2
4937,2
4938,2
4939,2
4940,2
4941,2
4942,2
4943,2
4944,2
4945,2
4946,2
4947,2
4948,2
4949,2
4950,2
4951,2
4952,2
4953,2
4954,2
4955,2
4956,2
4957,2
4958,2
4959,2
4960,2
4961,2
4962,2
4963,2
4964,2
4965,2
4966,2
4967,2
4968,2
4969,2
4970,2
4971,2
4972,2
4973,2
4974,2
4975,2
4976,2
4977,2
4978,2
4979,2
4980,2
4981,2
4982,2
4983,2
4984,2
4985,2
4986,2
4987,2
4988,2
4989,2
4990,2
4991,2
4992,2
4993,2
4994,2
4995,2
4996,2
4997,2
4998,2
4999,2
5000,2
5001,2
5002,2
5003,2
5004,2
5005,2
5006,2
5007,2
5008,2
5009,2
5010,2
5011,2
5012,2
5013,2
5014,2
5015,2
5016,2
5017,2
5018,2
5019,2
5020,2
5021,2
5022,2
5023,2
5024,2
5025,2
5026,2
5027,2
5028,2
5029,2
5030,2
5031,2
5032,2
5033,2
5034,2
5035,2
5036,2
5037,2
5038,2
5039,2
5040,2
5041,2
5042,2
5043,2
5044,2
5045,2
5046,2
5047,2
5048,2
5049,2
5050,2
5051,2
5052,2
5053,2
5054,2
5055,2
5056,2
5057,2
5058,2
5059,2
5060,2
5061,2
5062,2
5063,2
5064,2
5065,2
5066,2
5067,2
5068,2
5069,2
5070,2
5071,2
5072,2
5073,2
5074,2
5075,2
5076,2
5077,2
5078,2
5079,2
5080,2
5081,2
5082,2
5083,2
5084,2
5085,2
5086,2
5087,2
5088,2
5089,2
5090,2
5091,2
5092,2
5093,2
5094,2
5095,2
5096,2
5097,2
5098,2
5099,2
5100,2
5101,2
5102,2
5103,2
5104,2
5105,2
5106,2
5107,2
5108,2
5109,2
5110,2
5111,2
5112,2
5113,2
5114,2
5115,2
5116,2
5117,2
5118,2
5119,2
5120,2
5121,2
5122,2
5123,2
5124,2
5125,2
5126,2
5127,2
5128,2
5129,2
5130,2
5131,2
5132,2
5133,2
5134,2
5135,2
5136,2
5137,2
5138,2
5139,2
5140,2
5141,2
5142,2
5143,2
5144,2
5145,2
5146,2
5147,2
5148,2
5149,2
5150,2
5151,2
5152,2
5153,2
5154,2
5155,2
5156,2
5157,2
5158,2
5159,2
5160,2
5161,2
5162,2
5163,2
5164,2
5165,2
5166,2
5167,2
5168,2
5169,2
5170,2
5171,2
5172,2
5173,2
5174,2
5175,2
5176,2
5177,2
5178,2
5179,2
5180,2
5181,2
5182,2
5183,2
5184,2
5185,2
5186,2
5187,2
5188,2
5189,2
5190,2
5191,2
5192,2
5193,2
5194,2
5195,2
5196,2
5197,2
5198,2
5199,2
5200,2
5201,2
5202,2
5203,2
5204,2
5205,2
5206,2
5207,2
5208,2
5209,2
5210,2
5211,2
5212,2
5213,2
5214,2
5215,2
5216,2
5217,2
5218,2
5219,2
5220,2
5221,2
5222,2
5223,2
5224,2
5225,2
5226,2
5227,2
5228,2
5229,2
5230,2
5231,2
5232,2
5233,2
5234,2
5235,2
5236,2
5237,2
5238,2
5239,2
5240,2
5241,2
5242,2
5243,2
5244,2
5245,2
5246,2
5247,2
5248,2
5249,2
5250,2
5251,2
5252,2
5253,2
5254,2
5255,2
5256,2
5257,2
5258,2
5259,2
5260,2
5261,2
5262,2
5263,2
5264,2
5265,2
5266,2
5267,2
5268,2
5269,2
5270,2
5271,2
5272,2
5273,2
5274,2
5275,2
5276,2
5277,2
5278,2
5279,2
5280,2
5281,2
5282,2
5283,2
5284,2
5285,2
5286,2
5287,2
5288,2
5289,2
5290,2
5291,2
5292,2
5293,2
5294,2
5295,2
5296,2
5297,2
5298,2
5299,2
5300,2
5301,2
5302,2
5303,2
5304,2
5305,2
5306,2
5307,2
5308,2
5309,2
5310,2
5311,2
5312,2
5313,2
5314,2
5315,2
5316,2
5317,2
5318,2
5319,2
5320,2
5321,2
5322,2
5323,2
5324,2
5325,2
5326,2
5327,2
5328,2
5329,2
5330,2
5331,2
5332,2
5333,2
5334,2
5335,2
5336,2
5337,2
5338,2
5339,2
5340,2
5341,2
5342,2
5343,2
5344,2
5345,2
5346,2
5347,2
5348,2
5349,2
5350,2
5351,2
5352,2
5353,2
5354,2
5355,2
5356,2
5357,2
5358,2
5359,2
5360,2
5361,2
5362,2
5363,2
5364,2
5365,2
5366,2
5367,2
5368,2
5369,2
5370,2
5371,2
5372,2
5373,2
5374,2
5375,2
5376,2
5377,2
5378,2
5379,2
5380,2
5381,2
5382,2
5383,2
5384,2
5385,2
5386,2
5387,2
5388,2
5389,2
5390,2
5391,2
5392,2
5393,2
5394,2
5395,2
5396,2
5397,2
5398,2
5399,2
5400,2
5401,2
5402,2
5403,2
5404,2
5405,2
5406,2
5407,2
5408,2
5409,2
5410,2
5411,2
5412,2
5413,2
5414,2
5415,2
5416,2
5417,2
5418,2
5419,2
5420,2
5421,2
5422,2
5423,2
5424,2
5425,2
5426,2
5427,2
5428,2
5429,2
5430,2
5431,2
5432,2
5433,2
5434,2
5435,2
5436,2
5437,2
5438,2
5439,2
5440,2
5441,2
5442,2
5443,2
5444,2
5445,2
5446,2
5447,2
5448,2
5449,2
5450,2
5451,2
5452,2
5453,2
5454,2
5455,2
5456,2
5457,2
5458,2
5459,2
5460,2
5461,2
5462,2
5463,2
5464,2
5465,2
5466,2
5467,2
5468,2
5469,2
5470,2
5471,2
5472,2
5473,2
5474,2
5475,2
5476,2
5477,2
5478,2
5479,2
5480,2
5481,2
5482,2
5483,2
5484,2
5485,2
5486,2
5487,2
5488,2
5489,2
5490,2
5491,2
5492,2
5493,2
5494,2
5495,2
5496,2
5497,2
5498,2
5499,2
5500,2
5501,2
5502,2
5503,2
5504,2
5505,2
5506,2
5507,2
5508,2
5509,2
5510,2
5511,2
5512,2
5513,2
5514,2
5515,2
5516,2
5517,2
5518,2
5519,2
5520,2
5521,2
5522,2
5523,2
5524,2
5525,2
5526,2
5527,2
5528,2
5529,2
5530,2
5531,2
5532,2
5533,2
5534,2
5535,2
5536,2
5537,2
5538,2
5539,2
5540,2
5541,2
5542,2
5543,2
5544,2
5545,2
5546,2
5547,2
5548,2
5549,2
5550,2
5551,2
5552,2
5553,2
5554,2
5555,2
5556,2
5557,2
5558,2
5559,2
5560,2
5561,2
5562,2
5563,2
5564,2
5565,2
5566,2
5567,2
5568,2
5569,2
5570,2
5571,2
5572,2
5573,2
5574,2
5575,2
5576,2
5577,2
5578,2
5579,2
5580,2
5581,2
5582,2
5583,2
5584,2
5585,2
5586,2
5587,2
5588,2
5589,2
5590,2
5591,2
5592,2
5593,2
5594,2
5595,2
5596,2
5597,2
5598,2
5599,2
5600,2
5601,2
5602,2
5603,2
5604,2
5605,2
5606,2
5607,2
5608,2
5609,2
5610,2
5611,2
5612,2
5613,2
5614,2
5615,2
5616,2
5617,2
5618,2
5619,2
5620,2
5621,2
5622,2
5623,2
5624,2
5625,2
5626,2
5627,2
5628,2
5629,2
5630,2
5631,2
5632,2
5633,2
5634,2
5635,2
5636,2
5637,2
5638,2
5639,2
5640,2
5641,2
5642,2
5643,2
5644,2
5645,2
5646,2
5647,2
5648,2
5649,2
5650,2
5651,2
5652,2
5653,2
5654,2
5655,2
5656,2
5657,2
5658,2
5659,2
5660,2
5661,2
5662,2
5663,2
5664,2
5665,2
5666,2
5667,2
5668,2
5669,2
5670,2
5671,2
5672,2
5673,2
5674,2
5675,2
5676,2
5677,2
5678,2
5679,2
5680,2
5681,2
5682,2
5683,2
5684,2
5685,2
5686,2
5687,2
5688,2
5689,2
5690,2
5691,2
5692,2
5693,2
5694,2
5695,2
5696,2
5697,2
5698,2
5699,2
5700,2
5701,2
5702,2
5703,2
5704,2
5705,2
5706,2
5707,2
5708,2
5709,2
5710,2
5711,2
5712,2
5713,2
5714,2
5715,2
5716,2
5717,2
5718,2
5719,2
5720,2
5721,2
5722,2
5723,2
5724,2
5725,2
5726,2
5727,2
5728,2
5729,2
5730,2
5731,2
5732,2
5733,2
5734,2
5735,2
5736,2
5737,2
5738,2
5739,2
5740,2
5741,2
5742,2
5743,2
5744,2
5745,2
5746,2
5747,2
5748,2
5749,2
5750,2
5751,2
5752,2
5753,2
5754,2
5755,2
5756,2
5757,2
5758,2
5759,2
5760,2
5761,2
5762,2
5763,2
5764,2
5765,2
5766,2
5767,2
5768,2
5769,2
5770,2
5771,2
5772,2
5773,2
5774,2
5775,2
5776,2
5777,2
5778,2
5779,2
5780,2
5781,2
5782,2
5783,2
5784,2
5785,2
5786,2
5787,2
5788,2
5789,2
5790,2
5791,2
5792,2
5793,2
5794,2
5795,2
5796,2
5797,2
5798,2
5799,2
5800,2
5801,2
5802,2
5803,2
5804,2
5805,2
5806,2
5807,2
5808,2
5809,2
5810,2
5811,2
5812,2
5813,2
5814,2
5815,2
5816,2
5817,2
5818,2
5819,2
5820,2
5821,2
5822,2
5823,2
5824,2
5825,2
5826,2
5827,2
5828,2
5829,2
5830,2
5831,2
5832,2
5833,2
5834,2
5835,2
5836,2
5837,2
5838,2
5839,2
5840,2
5841,2
5842,2
5843,2
5844,2
5845,2
5846,2
5847,2
5848,2
5849,2
5850,2
5851,2
5852,2
5853,2
5854,2
5855,2
5856,2
5857,2
5858,2
5859,2
5860,2
5861,2
5862,2
5863,2
5864,2
5865,2
5866,2
5867,2
5868,2
5869,2
5870,2
5871,2
5872,2
5873,2
5874,2
5875,2
5876,2
5877,2
5878,2
5879,2
5880,2
5881,2
5882,2
5883,2
5884,2
5885,2
5886,2
5887,2
5888,2
5889,2
5890,2
5891,2
5892,2
5893,2
5894,2
5895,2
5896,2
5897,2
5898,2
5899,2
5900,2
5901,2
5902,2
5903,2
5904,2
5905,2
5906,2
5907,2
5908,2
5909,2
5910,2
5911,2
5912,2
5913,2
5914,2
5915,2
5916,2
5917,2
5918,2
5919,2
5920,2
5921,2
5922,2
5923,2
5924,2
5925,2
5926,2
5927,2
5928,2
5929,2
5930,2
5931,2
5932,2
5933,2
5934,2
5935,2
5936,2
5937,2
5938,2
5939,2
5940,2
5941,2
5942,2
5943,2
5944,2
5945,2
5946,2
5947,2
5948,2
5949,2
5950,2
5951,2
5952,2
5953,2
5954,2
5955,2
5956,2
5957,2
5958,2
5959,2
5960,2
5961,2
5962,2
5963,2
5964,2
5965,2
5966,2
5967,2
5968,2
5969,2
5970,2
5971,2
5972,2
5973,2
5974,2
5975,2
5976,2
5977,2
5978,2
5979,2
5980,2
5981,2
5982,2
5983,2
5984,2
5985,2
5986,2
5987,2
5988,2
5989,2
5990,2
5991,2
5992,2
5993,2
5994,2
5995,2
5996,2
5997,2
5998,2
5999,2
6000,2
6001,2
6002,2
6003,2
6004,2
6005,2
6006,2
6007,2
6008,2
6009,2
6010,2
6011,2
6012,2
6013,2
6014,2
6015,2
6016,2
6017,2
6018,2
6019,2
6020,2
6021,2
6022,2
6023,2
6024,2
6025,2
6026,2
6027,2
6028,2
6029,2
6030,2
6031,2
6032,2
6033,2
6034,2
6035,2
6036,2
6037,2
6038,2
6039,2
6040,2
6041,2
6042,2
6043,2
6044,2
6045,2
6046,2
6047,2
6048,2
6049,2
6050,2
6051,2
6052,2
6053,2
6054,2
6055,2
6056,2
6057,2
6058,2
6059,2
6060,2
6061,2
6062,2
6063,2
6064,2
6065,2
6066,2
6067,2
6068,2
6069,2
6070,2
6071,2
6072,2
6073,2
6074,2
6075,2
6076,2
6077,2
6078,2
6079,2
6080,2
6081,2
6082,2
6083,2
6084,2
6085,2
6086,2
6087,2
6088,2
6089,2
6090,2
6091,2
6092,2
6093,2
6094,2
6095,2
6096,2
6097,2
6098,2
6099,2
6100,2
6101,2
6102,2
6103,2
6104,2
6105,2
6106,2
6107,2
6108,2
6109,2
6110,2
6111,2
6112,2
6113,2
6114,2
6115,2
6116,2
6117,2
6118,2
6119,2
6120,2
6121,2
6122,2
6123,2
6124,2
6125,2
6126,2
6127,2
6128,2
6129,2
6130,2
6131,2
6132,2
6133,2
6134,2
6135,2
6136,2
6137,2
6138,2
6139,2
6140,2
6141,2
6142,2
6143,2
6144,2
6145,2
6146,2
6147,2
6148,2
6149,2
6150,2
6151,2
6152,2
6153,2
6154,2
6155,2
6156,2
6157,2
6158,2
6159,2
6160,2
6161,2
6162,2
6163,2
6164,2
6165,2
6166,2
6167,2
6168,2
6169,2
6170,2
6171,2
6172,2
6173,2
6174,2
6175,2
6176,2
6177,2
6178,2
6179,2
6180,2
6181,2
6182,2
6183,2
6184,2
6185,2
6186,2
6187,2
6188,2
6189,2
6190,2
6191,2
6192,2
6193,2
6194,2
6195,2
6196,2
6197,2
6198,2
6199,2
6200,2
6201,2
6202,2
6203,2
6204,2
6205,2
6206,2
6207,2
6208,2
6209,2
6210,2
6211,2
6212,2
6213,2
6214,2
6215,2
6216,2
6217,2
6218,2
6219,2
6220,2
6221,2
6222,2
6223,2
6224,2
6225,2
6226,2
6227,2
6228,2
6229,2
6230,2
6231,2
6232,2
6233,2
6234,2
6235,2
6236,2
6237,2
6238,2
6239,2
6240,2
6241,2
6242,2
6243,2
6244,2
6245,2
6246,2
6247,2
6248,2
6249,2
6250,2
6251,2
6252,2
6253,2
6254,2
6255,2
6256,2
6257,2
6258,2
6259,2
6260,2
6261,2
6262,2
6263,2
6264,2
6265,2
6266,2
6267,2
6268,2
6269,2
6270,2
6271,2
6272,2
6273,2
6274,2
6275,2
6276,2
6277,2
6278,2
6279,2
6280,2
6281,2
6282,2
6283,2
6284,2
6285,2
6286,2
6287,2
6288,2
6289,2
6290,2
6291,2
6292,2
6293,2
6294,2
6295,2
6296,2
6297,2
6298,2
6299,2
6300,2
6301,2
6302,2
6303,2
6304,2
6305,2
6306,2
6307,2
6308,2
6309,2
6310,2
6311,2
6312,2
6313,2
6314,2
6315,2
6316,2
6317,2
6318,2
6319,2
6320,2
6321,2
6322,2
6323,2
6324,2
6325,2
6326,2
6327,2
6328,2
6329,2
6330,2
6331,2
6332,2
6333,2
6334,2
6335,2
6336,2
6337,2
6338,2
6339,2
6340,2
6341,2
6342,2
6343,2
6344,2
6345,2
6346,2
6347,2
6348,2
6349,2
6350,2
6351,2
6352,2
6353,2
6354,2
6355,2
6356,2
6357,2
6358,2
6359,2
6360,2
6361,2
6362,2
6363,2
6364,2
6365,2
6366,2
6367,2
6368,2
6369,2
6370,2
6371,2
6372,2
6373,2
6374,2
6375,2
6376,2
6377,2
6378,2
6379,2
6380,2
6381,2
6382,2
6383,2
6384,2
6385,2
6386,2
6387,2
6388,2
6389,2
6390,2
6391,2
6392,2
6393,2
6394,2
6395,2
6396,2
6397,2
6398,2
6399,2
6400,2
6401,2
6402,2
6403,2
6404,2
6405,2
6406,2
6407,2
6408,2
6409,2
6410,2
6411,2
6412,2
6413,2
6414,2
6415,2
6416,2
6417,2
6418,2
6419,2
6420,2
6421,2
6422,2
6423,2
6424,2
6425,2
6426,2
6427,2
6428,2
6429,2
6430,2
6431,2
6432,2
6433,2
6434,2
6435,2
6436,2
6437,2
6438,2
6439,2
6440,2
6441,2
6442,2
6443,2
6444,2
6445,2
6446,2
6447,2
6448,2
6449,2
6450,2
6451,2
6452,2
6453,2
6454,2
6455,2
6456,2
6457,2
6458,2
6459,2
6460,2
6461,2
6462,2
6463,2
6464,2
6465,2
6466,2
6467,2
6468,2
6469,2
6470,2
6471,2
6472,2
6473,2
6474,2
6475,2
6476,2
6477,2
6478,2
6479,2
6480,2
6481,2
6482,2
6483,2
6484,2
6485,2
6486,2
6487,2
6488,2
6489,2
6490,2
6491,2
6492,2
6493,2
6494,2
6495,2
6496,2
6497,2
6498,2
6499,2
6500,2
6501,2
6502,2
6503,2
6504,2
6505,2
6506,2
6507,2
6508,2
6509,2
6510,2
6511,2
6512,2
6513,2
6514,2
6515,2
6516,2
6517,2
6518,2
6519,2
6520,2
6521,2
6522,2
6523,2
6524,2
6525,2
6526,2
6527,2
6528,2
6529,2
6530,2
6531,2
6532,2
6533,2
6534,2
6535,2
6536,2
6537,2
6538,2
6539,2
6540,2
6541,2
6542,2
6543,2
6544,2
6545,2
6546,2
6547,2
6548,2
6549,2
6550,2
6551,2
6552,2
6553,2
6554,2
6555,2
6556,2
6557,2
6558,2
6559,2
6560,2
6561,2
6562,2
6563,2
6564,2
6565,2
6566,2
6567,2
6568,2
6569,2
6570,2
6571,2
6572,2
6573,2
6574,2
6575,2
6576,2
6577,2
6578,2
6579,2
6580,2
6581,2
6582,2
6583,2
6584,2
6585,2
6586,2
6587,2
6588,2
6589,2
6590,2
6591,2
6592,2
6593,2
6594,2
6595,2
6596,2
6597,2
6598,2
6599,2
6600,2
6601,2
6602,2
6603,2
6604,2
6605,2
6606,2
6607,2
6608,2
6609,2
6610,2
6611,2
6612,2
6613,2
6614,2
6615,2
6616,2
6617,2
6618,2
6619,2
6620,2
6621,2
6622,2
6623,2
6624,2
6625,2
6626,2
6627,2
6628,2
6629,2
6630,2
6631,2
6632,2
6633,2
6634,2
6635,2
6636,2
6637,2
6638,2
6639,2
6640,2
6641,2
6642,2
6643,2
6644,2
6645,2
6646,2
6647,2
6648,2
6649,2
6650,2
6651,2
6652,2
6653,2
6654,2
6655,2
6656,2
6657,2
6658,2
6659,2
6660,2
6661,2
6662,2
6663,2
6664,2
6665,2
6666,2
6667,2
6668,2
6669,2
6670,2
6671,2
6672,2
6673,2
6674,2
6675,2
6676,2
6677,2
6678,2
6679,2
6680,2
6681,2
6682,2
6683,2
6684,2
6685,2
6686,2
6687,2
6688,2
6689,2
6690,2
6691,2
6692,2
6693,2
6694,2
6695,2
6696,2
6697,2
6698,2
6699,2
6700,2
6701,2
6702,2
6703,2
6704,2
6705,2
6706,2
6707,2
6708,2
6709,2
6710,2
6711,2
6712,2
6713,2
6714,2
6715,2
6716,2
6717,2
6718,2
6719,2
6720,2
6721,2
6722,2
6723,2
6724,2
6725,2
6726,2
6727,2
6728,2
6729,2
6730,2
6731,2
6732,2
6733,2
6734,2
6735,2
6736,2
6737,2
6738,2
6739,2
6740,2
6741,2
6742,2
6743,2
6744,2
6745,2
6746,2
6747,2
6748,2
6749,2
6750,2
6751,2
6752,2
6753,2
6754,2
6755,2
6756,2
6757,2
6758,2
6759,2
6760,2
6761,2
6762,2
6763,2
6764,2
6765,2
6766,2
6767,2
6768,2
6769,2
6770,2
6771,2
6772,2
6773,2
6774,2
6775,2
6776,2
6777,2
6778,2
6779,2
6780,2
6781,2
6782,2
6783,2
6784,2
6785,2
6786,2
6787,2
6788,2
6789,2
6790,2
6791,2
6792,2
6793,2
6794,2
6795,2
6796,2
6797,2
6798,2
6799,2
6800,2
6801,2
6802,2
6803,2
6804,2
6805,2
6806,2
6807,2
6808,2
6809,2
6810,2
6811,2
6812,2
6813,2
6814,2
6815,2
6816,2
6817,2
6818,2
6819,2
6820,2
6821,2
6822,2
6823,2
6824,2
6825,2
6826,2
6827,2
6828,2
6829,2
6830,2
6831,2
6832,2
6833,2
6834,2
6835,2
6836,2
6837,2
6838,2
6839,2
6840,2
6841,2
6842,2
6843,2
6844,2
6845,2
6846,2
6847,2
6848,2
6849,2
6850,2
6851,2
6852,2
6853,2
6854,2
6855,2
6856,2
6857,2
6858,2
6859,2
6860,2
6861,2
6862,2
6863,2
6864,2
6865,2
6866,2
6867,2
6868,2
6869,2
6870,2
6871,2
6872,2
6873,2
6874,2
6875,2
6876,2
6877,2
6878,2
6879,2
6880,2
6881,2
6882,2
6883,2
6884,2
6885,2
6886,2
6887,2
6888,2
6889,2
6890,2
6891,2
6892,2
6893,2
6894,2
6895,2
6896,2
6897,2
6898,2
6899,2
6900,2
6901,2
6902,2
6903,2
6904,2
6905,2
6906,2
6907,2
6908,2
6909,2
6910,2
6911,2
6912,2
6913,2
6914,2
6915,2
6916,2
6917,2
6918,2
6919,2
6920,2
6921,2
6922,2
6923,2
6924,2
6925,2
6926,2
6927,2
6928,2
6929,2
6930,2
6931,2
6932,2
6933,2
6934,2
6935,2
6936,2
6937,2
6938,2
6939,2
6940,2
6941,2
6942,2
6943,2
6944,2
6945,2
6946,2
6947,2
6948,2
6949,2
6950,2
6951,2
6952,2
6953,2
6954,2
6955,2
6956,2
6957,2
6958,2
6959,2
6960,2
6961,2
6962,2
6963,2
6964,2
6965,2
6966,2
6967,2
6968,2
6969,2
6970,2
6971,2
6972,2
6973,2
6974,2
6975,2
6976,2
6977,2
6978,2
6979,2
6980,2
6981,2
6982,2
6983,2
6984,2
6985,2
6986,2
6987,2
6988,2
6989,2
6990,2
6991,2
6992,2
6993,2
6994,2
6995,2
6996,2
6997,2
6998,2
6999,2
7000,2
7001,2
7002,2
7003,2
7004,2
7005,2
7006,2
7007,2
7008,2
7009,2
7010,2
7011,2
7012,2
7013,2
7014,2
7015,2
7016,2
7017,2
7018,2
7019,2
7020,2
7021,2
7022,2
7023,2
7024,2
7025,2
7026,2
7027,2
7028,2
7029,2
7030,2
7031,2
7032,2
7033,2
7034,2
7035,2
7036,2
7037,2
7038,2
7039,2
7040,2
7041,2
7042,2
7043,2
7044,2
7045,2
7046,2
7047,2
7048,2
7049,2
7050,2
7051,2
7052,2
7053,2
7054,2
7055,2
7056,2
7057,2
7058,2
7059,2
7060,2
7061,2
7062,2
7063,2
7064,2
7065,2
7066,2
7067,2
7068,2
7069,2
7070,2
7071,2
7072,2
7073,2
7074,2
7075,2
7076,2
7077,2
7078,2
7079,2
7080,2
7081,2
7082,2
7083,2
7084,2
7085,2
7086,2
7087,2
7088,2
7089,2
7090,2
7091,2
7092,2
7093,2
7094,2
7095,2
7096,2
7097,2
7098,2
7099,2
7100,2
7101,2
7102,2
7103,2
7104,2
7105,2
7106,2
7107,2
7108,2
7109,2
7110,2
7111,2
7112,2
7113,2
7114,2
7115,2
7116,2
7117,2
7118,2
7119,2
7120,2
7121,2
7122,2
7123,2
7124,2
7125,2
7126,2
7127,2
7128,2
7129,2
7130,2
7131,2
7132,2
7133,2
7134,2
7135,2
7136,2
7137,2
7138,2
7139,2
7140,2
7141,2
7142,2
7143,2
7144,2
7145,2
7146,2
7147,2
7148,2
7149,2
7150,2
7151,2
7152,2
7153,2
7154,2
7155,2
7156,2
7157,2
7158,2
7159,2
7160,2
7161,2
7162,2
7163,2
7164,2
7165,2
7166,2
7167,2
7168,2
7169,2
7170,2
7171,2
7172,2
7173,2
7174,2
7175,2
7176,2
7177,2
7178,2
7179,2
7180,2
7181,2
7182,2
7183,2
7184,2
7185,2
7186,2
7187,2
7188,2
7189,2
7190,2
7191,2
7192,2
7193,2
7194,2
7195,2
7196,2
7197,2
7198,2
7199,2
7200,2
7201,2
7202,2
7203,2
7204,2
7205,2
7206,2
7207,2
7208,2
7209,2
7210,2
7211,2
7212,2
7213,2
7214,2
7215,2
7216,2
7217,2
7218,2
7219,2
7220,2
7221,2
7222,2
7223,2
7224,2
7225,2
7226,2
7227,2
7228,2
7229,2
7230,2
7231,2
7232,2
7233,2
7234,2
7235,2
7236,2
7237,2
7238,2
7239,2
7240,2
7241,2
7242,2
7243,2
7244,2
7245,2
7246,2
7247,2
7248,2
7249,2
7250,2
7251,2
7252,2
7253,2
7254,2
7255,2
7256,2
7257,2
7258,2
7259,2
7260,2
7261,2
7262,2
7263,2
7264,2
7265,2
7266,2
7267,2
7268,2
7269,2
7270,2
7271,2
7272,2
7273,2
7274,2
7275,2
7276,2
7277,2
7278,2
7279,2
7280,2
7281,2
7282,2
7283,2
7284,2
7285,2
7286,2
7287,2
7288,2
7289,2
7290,2
7291,2
7292,2
7293,2
7294,2
7295,2
7296,2
7297,2
7298,2
7299,2
7300,2
7301,2
7302,2
7303,2
7304,2
7305,2
7306,2
7307,2
7308,2
7309,2
7310,2
7311,2
7312,2
7313,2
7314,2
7315,2
7316,2
7317,2
7318,2
7319,2
7320,2
7321,2
7322,2
7323,2
7324,2
7325,2
7326,2
7327,2
7328,2
7329,2
7330,2
7331,2
7332,2
7333,2
7334,2
7335,2
7336,2
7337,2
7338,2
7339,2
7340,2
7341,2
7342,2
7343,2
7344,2
7345,2
7346,2
7347,2
7348,2
7349,2
7350,2
7351,2
7352,2
7353,2
7354,2
7355,2
7356,2
7357,2
7358,2
7359,2
7360,2
7361,2
7362,2
7363,2
7364,2
7365,2
7366,2
7367,2
7368,2
7369,2
7370,2
7371,2
7372,2
7373,2
7374,2
7375,2
7376,2
7377,2
7378,2
7379,2
7380,2
7381,2
7382,2
7383,2
7384,2
7385,2
7386,2
7387,2
7388,2
7389,2
7390,2
7391,2
7392,2
7393,2
7394,2
7395,2
7396,2
7397,2
7398,2
7399,2
7400,2
7401,2
7402,2
7403,2
7404,2
7405,2
7406,2
7407,2
7408,2
7409,2
7410,2
7411,2
7412,2
7413,2
7414,2
7415,2
7416,2
7417,2
7418,2
7419,2
7420,2
7421,2
7422,2
7423,2
7424,2
7425,2
7426,2
7427,2
7428,2
7429,2
7430,2
7431,2
7432,2
7433,2
7434,2
7435,2
7436,2
7437,2
7438,2
7439,2
7440,2
7441,2
7442,2
7443,2
7444,2
7445,2
7446,2
7447,2
7448,2
7449,2
7450,2
7451,2
7452,2
7453,2
7454,2
7455,2
7456,2
7457,2
7458,2
7459,2
7460,2
7461,2
7462,2
7463,2
7464,2
7465,2
7466,2
7467,2
7468,2
7469,2
7470,2
7471,2
7472,2
7473,2
7474,2
7475,2
7476,2
7477,2
7478,2
7479,2
7480,2
7481,2
7482,2
7483,2
7484,2
7485,2
7486,2
7487,2
7488,2
7489,2
7490,2
7491,2
7492,2
7493,2
7494,2
7495,2
7496,2
7497,2
7498,2
7499,2
7500,2
7501,2
7502,2
7503,2
7504,2
7505,2
7506,2
7507,2
7508,2
7509,2
7510,2
7511,2
7512,2
7513,2
7514,2
7515,2
7516,2
7517,2
7518,2
7519,2
7520,2
7521,2
7522,2
7523,2
7524,2
7525,2
7526,2
7527,2
7528,2
7529,2
7530,2
7531,2
7532,2
7533,2
7534,2
7535,2
7536,2
7537,2
7538,2
7539,2
7540,2
7541,2
7542,2
7543,2
7544,2
7545,2
7546,2
7547,2
7548,2
7549,2
7550,2
7551,2
7552,2
7553,2
7554,2
7555,2
7556,2
7557,2
7558,2
7559,2
7560,2
7561,2
7562,2
7563,2
7564,2
7565,2
7566,2
7567,2
7568,2
7569,2
7570,2
7571,2
7572,2
7573,2
7574,2
7575,2
7576,2
7577,2
7578,2
7579,2
7580,2
7581,2
7582,2
7583,2
7584,2
7585,2
7586,2
7587,2
7588,2
7589,2
7590,2
7591,2
7592,2
7593,2
7594,2
7595,2
7596,2
7597,2
7598,2
7599,2
7600,2
7601,2
7602,2
7603,2
7604,2
7605,2
7606,2
7607,2
7608,2
7609,2
7610,2
7611,2
7612,2
7613,2
7614,2
7615,2
7616,2
7617,2
7618,2
7619,2
7620,2
7621,2
7622,2
7623,2
7624,2
7625,2
7626,2
7627,2
7628,2
7629,2
7630,2
7631,2
7632,2
7633,2
7634,2
7635,2
7636,2
7637,2
7638,2
7639,2
7640,2
7641,2
7642,2
7643,2
7644,2
7645,2
7646,2
7647,2
7648,2
7649,2
7650,2
7651,2
7652,2
7653,2
7654,2
7655,2
7656,2
7657,2
7658,2
7659,2
7660,2
7661,2
7662,2
7663,2
7664,2
7665,2
7666,2
7667,2
7668,2
7669,2
7670,2
7671,2
7672,2
7673,2
7674,2
7675,2
7676,2
7677,2
7678,2
7679,2
7680,2
7681,2
7682,2
7683,2
7684,2
7685,2
7686,2
7687,2
7688,2
7689,2
7690,2
7691,2
7692,2
7693,2
7694,2
7695,2
7696,2
7697,2
7698,2
7699,2
7700,2
7701,2
7702,2
7703,2
7704,2
7705,2
7706,2
7707,2
7708,2
7709,2
7710,2
7711,2
7712,2
7713,2
7714,2
7715,2
7716,2
7717,2
7718,2
7719,2
7720,2
7721,2
7722,2
7723,2
7724,2
7725,2
7726,2
7727,2
7728,2
7729,2
7730,2
7731,2
7732,2
7733,2
7734,2
7735,2
7736,2
7737,2
7738,2
7739,2
7740,2
7741,2
7742,2
7743,2
7744,2
7745,2
7746,2
7747,2
7748,2
7749,2
7750,2
7751,2
7752,2
7753,2
7754,2
7755,2
7756,2
7757,2
7758,2
7759,2
7760,2
7761,2
7762,2
7763,2
7764,2
7765,2
7766,2
7767,2
7768,2
7769,2
7770,2
7771,2
7772,2
7773,2
7774,2
7775,2
7776,2
7777,2
7778,2
7779,2
7780,2
7781,2
7782,2
7783,2
7784,2
7785,2
7786,2
7787,2
7788,2
7789,2
7790,2
7791,2
7792,2
7793,2
7794,2
7795,2
7796,2
7797,2
7798,2
7799,2
7800,2
7801,2
7802,2
7803,2
7804,2
7805,2
7806,2
7807,2
7808,2
7809,2
7810,2
7811,2
7812,2
7813,2
7814,2
7815,2
7816,2
7817,2
7818,2
7819,2
7820,2
7821,2
7822,2
7823,2
7824,2
7825,2
7826,2
7827,2
7828,2
7829,2
7830,2
7831,2
7832,2
7833,2
7834,2
7835,2
7836,2
7837,2
7838,2
7839,2
7840,2
7841,2
7842,2
7843,2
7844,2
7845,2
7846,2
7847,2
7848,2
7849,2
7850,2
7851,2
7852,2
7853,2
7854,2
7855,2
7856,2
7857,2
7858,2
7859,2
7860,2
7861,2
7862,2
7863,2
7864,2
7865,2
7866,2
7867,2
7868,2
7869,2
7870,2
7871,2
7872,2
7873,2
7874,2
7875,2
7876,2
7877,2
7878,2
7879,2
7880,2
7881,2
7882,2
7883,2
7884,2
7885,2
7886,2
7887,2
7888,2
7889,2
7890,2
7891,2
7892,2
7893,2
7894,2
7895,2
7896,2
7897,2
7898,2
7899,2
7900,2
7901,2
7902,2
7903,2
7904,2
7905,2
7906,2
7907,2
7908,2
7909,2
7910,2
7911,2
7912,2
7913,2
7914,2
7915,2
7916,2
7917,2
7918,2
7919,2
7920,2
7921,2
7922,2
7923,2
7924,2
7925,2
7926,2
7927,2
7928,2
7929,2
7930,2
7931,2
7932,2
7933,2
7934,2
7935,2
7936,2
7937,2
7938,2
7939,2
7940,2
7941,2
7942,2
7943,2
7944,2
7945,2
7946,2
7947,2
7948,2
7949,2
7950,2
7951,2
7952,2
7953,2
7954,2
7955,2
7956,2
7957,2
7958,2
7959,2
7960,2
7961,2
7962,2
7963,2
7964,2
7965,2
7966,2
7967,2
7968,2
7969,2
7970,2
7971,2
7972,2
7973,2
7974,2
7975,2
7976,2
7977,2
7978,2
7979,2
7980,2
7981,2
7982,2
7983,2
7984,2
7985,2
7986,2
7987,2
7988,2
7989,2
7990,2
7991,2
7992,2
7993,2
7994,2
7995,2
7996,2
7997,2
7998,2
7999,2
8000,2
8001,2
8002,2
8003,2
8004,2
8005,2
8006,2
8007,2
8008,2
8009,2
8010,2
8011,2
8012,2
8013,2
8014,2
8015,2
8016,2
8017,2
8018,2
8019,2
8020,2
8021,2
8022,2
8023,2
8024,2
8025,2
8026,2
8027,2
8028,2
8029,2
8030,2
8031,2
8032,2
8033,2
8034,2
8035,2
8036,2
8037,2
8038,2
8039,2
8040,2
8041,2
8042,2
8043,2
8044,2
8045,2
8046,2
8047,2
8048,2
8049,2
8050,2
8051,2
8052,2
8053,2
8054,2
8055,2
8056,2
8057,2
8058,2
8059,2
8060,2
8061,2
8062,2
8063,2
8064,2
8065,2
8066,2
8067,2
8068,2
8069,2
8070,2
8071,2
8072,2
8073,2
8074,2
8075,2
8076,2
8077,2
8078,2
8079,2
8080,2
8081,2
8082,2
8083,2
8084,2
8085,2
8086,2
8087,2
8088,2
8089,2
8090,2
8091,2
8092,2
8093,2
8094,2
8095,2
8096,2
8097,2
8098,2
8099,2
8100,2
8101,2
8102,2
8103,2
8104,2
8105,2
8106,2
8107,2
8108,2
8109,2
8110,2
8111,2
8112,2
8113,2
8114,2
8115,2
8116,2
8117,2
8118,2
8119,2
8120,2
8121,2
8122,2
8123,2
8124,2
8125,2
8126,2
8127,2
8128,2
8129,2
8130,2
8131,2
8132,2
8133,2
8134,2
8135,2
8136,2
8137,2
8138,2
8139,2
8140,2
8141,2
8142,2
8143,2
8144,2
8145,2
8146,2
8147,2
8148,2
8149,2
8150,2
8151,2
8152,2
8153,2
8154,2
8155,2
8156,2
8157,2
8158,2
8159,2
8160,2
8161,2
8162,2
8163,2
8164,2
8165,2
8166,2
8167,2
8168,2
8169,2
8170,2
8171,2
8172,2
8173,2
8174,2
8175,2
8176,2
8177,2
8178,2
8179,2
8180,2
8181,2
8182,2
8183,2
8184,2
8185,2
8186,2
8187,2
8188,2
8189,2
8190,2
8191,2
8192,2
8193,2
8194,2
8195,2
8196,2
8197,2
8198,2
8199,2
8200,2
8201,2
8202,2
8203,2
8204,2
8205,2
8206,2
8207,2
8208,2
8209,2
8210,2
8211,2
8212,2
8213,2
8214,2
8215,2
8216,2
8217,2
8218,2
8219,2
8220,2
8221,2
8222,2
8223,2
8224,2
8225,2
8226,2
8227,2
8228,2
8229,2
8230,2
8231,2
8232,2
8233,2
8234,2
8235,2
8236,2
8237,2
8238,2
8239,2
8240,2
8241,2
8242,2
8243,2
8244,2
8245,2
8246,2
8247,2
8248,2
8249,2
8250,2
8251,2
8252,2
8253,2
8254,2
8255,2
8256,2
8257,2
8258,2
8259,2
8260,2
8261,2
8262,2
8263,2
8264,2
8265,2
8266,2
8267,2
8268,2
8269,2
8270,2
8271,2
8272,2
8273,2
8274,2
8275,2
8276,2
8277,2
8278,2
8279,2
8280,2
8281,2
8282,2
8283,2
8284,2
8285,2
8286,2
8287,2
8288,2
8289,2
8290,2
8291,2
8292,2
8293,2
8294,2
8295,2
8296,2
8297,2
8298,2
8299,2
8300,2
8301,2
8302,2
8303,2
8304,2
8305,2
8306,2
8307,2
8308,2
8309,2
8310,2
8311,2
8312,2
8313,2
8314,2
8315,2
8316,2
8317,2
8318,2
8319,2
8320,2
8321,2
8322,2
8323,2
8324,2
8325,2
8326,2
8327,2
8328,2
8329,2
8330,2
8331,2
8332,2
8333,2
8334,2
8335,2
8336,2
8337,2
8338,2
8339,2
8340,2
8341,2
8342,2
8343,2
8344,2
8345,2
8346,2
8347,2
8348,2
8349,2
8350,2
8351,2
8352,2
8353,2
8354,2
8355,2
8356,2
8357,2
8358,2
8359,2
8360,2
8361,2
8362,2
8363,2
8364,2
8365,2
8366,2
8367,2
8368,2
8369,2
8370,2
8371,2
8372,2
8373,2
8374,2
8375,2
8376,2
8377,2
8378,2
8379,2
8380,2
8381,2
8382,2
8383,2
8384,2
8385,2
8386,2
8387,2
8388,2
8389,2
8390,2
8391,2
8392,2
8393,2
8394,2
8395,2
8396,2
8397,2
8398,2
8399,2
8400,2
8401,2
8402,2
8403,2
8404,2
8405,2
8406,2
8407,2
8408,2
8409,2
8410,2
8411,2
8412,2
8413,2
8414,2
8415,2
8416,2
8417,2
8418,2
8419,2
8420,2
8421,2
8422,2
8423,2
8424,2
8425,2
8426,2
8427,2
8428,2
8429,2
8430,2
8431,2
8432,2
8433,2
8434,2
8435,2
8436,2
8437,2
8438,2
8439,2
8440,2
8441,2
8442,2
8443,2
8444,2
8445,2
8446,2
8447,2
8448,2
8449,2
8450,2
8451,2
8452,2
8453,2
8454,2
8455,2
8456,2
8457,2
8458,2
8459,2
8460,2
8461,2
8462,2
8463,2
8464,2
8465,2
8466,2
8467,2
8468,2
8469,2
8470,2
8471,2
8472,2
8473,2
8474,2
8475,2
8476,2
8477,2
8478,2
8479,2
8480,2
8481,2
8482,2
8483,2
8484,2
8485,2
8486,2
8487,2
8488,2
8489,2
8490,2
8491,2
8492,2
8493,2
8494,2
8495,2
8496,2
8497,2
8498,2
8499,2
8500,2
8501,2
8502,2
8503,2
8504,2
8505,2
8506,2
8507,2
8508,2
8509,2
8510,2
8511,2
8512,2
8513,2
8514,2
8515,2
8516,2
8517,2
8518,2
8519,2
8520,2
8521,2
8522,2
8523,2
8524,2
8525,2
8526,2
8527,2
8528,2
8529,2
8530,2
8531,2
8532,2
8533,2
8534,2
8535,2
8536,2
8537,2
8538,2
8539,2
8540,2
8541,2
8542,2
8543,2
8544,2
8545,2
8546,2
8547,2
8548,2
8549,2
8550,2
8551,2
8552,2
8553,2
8554,2
8555,2
8556,2
8557,2
8558,2
8559,2
8560,2
8561,2
8562,2
8563,2
8564,2
8565,2
8566,2
8567,2
8568,2
8569,2
8570,2
8571,2
8572,2
8573,2
8574,2
8575,2
8576,2
8577,2
8578,2
8579,2
8580,2
8581,2
8582,2
8583,2
8584,2
8585,2
8586,2
8587,2
8588,2
8589,2
8590,2
8591,2
8592,2
8593,2
8594,2
8595,2
8596,2
8597,2
8598,2
8599,2
8600,2
8601,2
8602,2
8603,2
8604,2
8605,2
8606,2
8607,2
8608,2
8609,2
8610,2
8611,2
8612,2
8613,2
8614,2
8615,2
8616,2
8617,2
8618,2
8619,2
8620,2
8621,2
8622,2
8623,2
8624,2
8625,2
8626,2
8627,2
8628,2
8629,2
8630,2
8631,2
8632,2
8633,2
8634,2
8635,2
8636,2
8637,2
8638,2
8639,2
8640,2
8641,2
8642,2
8643,2
8644,2
8645,2
8646,2
8647,2
8648,2
8649,2
8650,2
8651,2
8652,2
8653,2
8654,2
8655,2
8656,2
8657,2
8658,2
8659,2
8660,2
8661,2
8662,2
8663,2
8664,2
8665,2
8666,2
8667,2
8668,2
8669,2
8670,2
8671,2
8672,2
8673,2
8674,2
8675,2
8676,2
8677,2
8678,2
8679,2
8680,2
8681,2
8682,2
8683,2
8684,2
8685,2
8686,2
8687,2
8688,2
8689,2
8690,2
8691,2
8692,2
8693,2
8694,2
8695,2
8696,2
8697,2
8698,2
8699,2
8700,2
8701,2
8702,2
8703,2
8704,2
8705,2
8706,2
8707,2
8708,2
8709,2
8710,2
8711,2
8712,2
8713,2
8714,2
8715,2
8716,2
8717,2
8718,2
8719,2
8720,2
8721,2
8722,2
8723,2
8724,2
8725,2
8726,2
8727,2
8728,2
8729,2
8730,2
8731,2
8732,2
8733,2
8734,2
8735,2
8736,2
8737,2
8738,2
8739,2
8740,2
8741,2
8742,2
8743,2
8744,2
8745,2
8746,2
8747,2
8748,2
8749,2
8750,2
8751,2
8752,2
8753,2
8754,2
8755,2
8756,2
8757,2
8758,2
8759,2
8760,2
8761,2
8762,2
8763,2
8764,2
8765,2
8766,2
8767,2
8768,2
8769,2
8770,2
8771,2
8772,2
8773,2
8774,2
8775,2
8776,2
8777,2
8778,2
8779,2
8780,2
8781,2
8782,2
8783,2
8784,2
8785,2
8786,2
8787,2
8788,2
8789,2
8790,2
8791,2
8792,2
8793,2
8794,2
8795,2
8796,2
8797,2
8798,2
8799,2
8800,2
8801,2
8802,2
8803,2
8804,2
8805,2
8806,2
8807,2
8808,2
8809,2
8810,2
8811,2
8812,2
8813,2
8814,2
8815,2
8816,2
8817,2
8818,2
8819,2
8820,2
8821,2
8822,2
8823,2
8824,2
8825,2
8826,2
8827,2
8828,2
8829,2
8830,2
8831,2
8832,2
8833,2
8834,2
8835,2
8836,2
8837,2
8838,2
8839,2
8840,2
8841,2
8842,2
8843,2
8844,2
8845,2
8846,2
8847,2
8848,2
8849,2
8850,2
8851,2
8852,2
8853,2
8854,2
8855,2
8856,2
8857,2
8858,2
8859,2
8860,2
8861,2
8862,2
8863,2
8864,2
8865,2
8866,2
8867,2
8868,2
8869,2
8870,2
8871,2
8872,2
8873,2
8874,2
8875,2
8876,2
8877,2
8878,2
8879,2
8880,2
8881,2
8882,2
8883,2
8884,2
8885,2
8886,2
8887,2
8888,2
8889,2
8890,2
8891,2
8892,2
8893,2
8894,2
8895,2
8896,2
8897,2
8898,2
8899,2
8900,2
8901,2
8902,2
8903,2
8904,2
8905,2
8906,2
8907,2
8908,2
8909,2
8910,2
8911,2
8912,2
8913,2
8914,2
8915,2
8916,2
8917,2
8918,2
8919,2
8920,2
8921,2
8922,2
8923,2
8924,2
8925,2
8926,2
8927,2
8928,2
8929,2
8930,2
8931,2
8932,2
8933,2
8934,2
8935,2
8936,2
8937,2
8938,2
8939,2
8940,2
8941,2
8942,2
8943,2
8944,2
8945,2
8946,2
8947,2
8948,2
8949,2
8950,2
8951,2
8952,2
8953,2
8954,2
8955,2
8956,2
8957,2
8958,2
8959,2
8960,2
8961,2
8962,2
8963,2
8964,2
8965,2
8966,2
8967,2
8968,2
8969,2
8970,2
8971,2
8972,2
8973,2
8974,2
8975,2
8976,2
8977,2
8978,2
8979,2
8980,2
8981,2
8982,2
8983,2
8984,2
8985,2
8986,2
8987,2
8988,2
8989,2
8990,2
8991,2
8992,2
8993,2
8994,2
8995,2
8996,2
8997,2
8998,2
8999,2
9000,2
9001,2
9002,2
9003,2
9004,2
9005,2
9006,2
9007,2
9008,2
9009,2
9010,2
9011,2
9012,2
9013,2
9014,2
9015,2
9016,2
9017,2
9018,2
9019,2
9020,2
9021,2
9022,2
9023,2
9024,2
9025,2
9026,2
9027,2
9028,2
9029,2
9030,2
9031,2
9032,2
9033,2
9034,2
9035,2
9036,2
9037,2
9038,2
9039,2
9040,2
9041,2
9042,2
9043,2
9044,2
9045,2
9046,2
9047,2
9048,2
9049,2
9050,2
9051,2
9052,2
9053,2
9054,2
9055,2
9056,2
9057,2
9058,2
9059,2
9060,2
9061,2
9062,2
9063,2
9064,2
9065,2
9066,2
9067,2
9068,2
9069,2
9070,2
9071,2
9072,2
9073,2
9074,2
9075,2
9076,2
9077,2
9078,2
9079,2
9080,2
9081,2
9082,2
9083,2
9084,2
9085,2
9086,2
9087,2
9088,2
9089,2
9090,2
9091,2
9092,2
9093,2
9094,2
9095,2
9096,2
9097,2
9098,2
9099,2
9100,2
9101,2
9102,2
9103,2
9104,2
9105,2
9106,2
9107,2
9108,2
9109,2
9110,2
9111,2
9112,2
9113,2
9114,2
9115,2
9116,2
9117,2
9118,2
9119,2
9120,2
9121,2
9122,2
9123,2
9124,2
9125,2
9126,2
9127,2
9128,2
9129,2
9130,2
9131,2
9132,2
9133,2
9134,2
9135,2
9136,2
9137,2
9138,2
9139,2
9140,2
9141,2
9142,2
9143,2
9144,2
9145,2
9146,2
9147,2
9148,2
9149,2
9150,2
9151,2
9152,2
9153,2
9154,2
9155,2
9156,2
9157,2
9158,2
9159,2
9160,2
9161,2
9162,2
9163,2
9164,2
9165,2
9166,2
9167,2
9168,2
9169,2
9170,2
9171,2
9172,2
9173,2
9174,2
9175,2
9176,2
9177,2
9178,2
9179,2
9180,2
9181,2
9182,2
9183,2
9184,2
9185,2
9186,2
9187,2
9188,2
9189,2
9190,2
9191,2
9192,2
9193,2
9194,2
9195,2
9196,2
9197,2
9198,2
9199,2
9200,2
9201,2
9202,2
9203,2
9204,2
9205,2
9206,2
9207,2
9208,2
9209,2
9210,2
9211,2
9212,2
9213,2
9214,2
9215,2
9216,2
9217,2
9218,2
9219,2
9220,2
9221,2
9222,2
9223,2
9224,2
9225,2
9226,2
9227,2
9228,2
9229,2
9230,2
9231,2
9232,2
9233,2
9234,2
9235,2
9236,2
9237,2
9238,2
9239,2
9240,2
9241,2
9242,2
9243,2
9244,2
9245,2
9246,2
9247,2
9248,2
9249,2
9250,2
9251,2
9252,2
9253,2
9254,2
9255,2
9256,2
9257,2
9258,2
9259,2
9260,2
9261,2
9262,2
9263,2
9264,2
9265,2
9266,2
9267,2
9268,2
9269,2
9270,2
9271,2
9272,2
9273,2
9274,2
9275,2
9276,2
9277,2
9278,2
9279,2
9280,2
9281,2
9282,2
9283,2
9284,2
9285,2
9286,2
9287,2
9288,2
9289,2
9290,2
9291,2
9292,2
9293,2
9294,2
9295,2
9296,2
9297,2
9298,2
9299,2
9300,2
9301,2
9302,2
9303,2
9304,2
9305,2
9306,2
9307,2
9308,2
9309,2
9310,2
9311,2
9312,2
9313,2
9314,2
9315,2
9316,2
9317,2
9318,2
9319,2
9320,2
9321,2
9322,2
9323,2
9324,2
9325,2
9326,2
9327,2
9328,2
9329,2
9330,2
9331,2
9332,2
9333,2
9334,2
9335,2
9336,2
9337,2
9338,2
9339,2
9340,2
9341,2
9342,2
9343,2
9344,2
9345,2
9346,2
9347,2
9348,2
9349,2
9350,2
9351,2
9352,2
9353,2
9354,2
9355,2
9356,2
9357,2
9358,2
9359,2
9360,2
9361,2
9362,2
9363,2
9364,2
9365,2
9366,2
9367,2
9368,2
9369,2
9370,2
9371,2
9372,2
9373,2
9374,2
9375,2
9376,2
9377,2
9378,2
9379,2
9380,2
9381,2
9382,2
9383,2
9384,2
9385,2
9386,2
9387,2
9388,2
9389,2
9390,2
9391,2
9392,2
9393,2
9394,2
9395,2
9396,2
9397,2
9398,2
9399,2
9400,2
9401,2
9402,2
9403,2
9404,2
9405,2
9406,2
9407,2
9408,2
9409,2
9410,2
9411,2
9412,2
9413,2
9414,2
9415,2
9416,2
9417,2
9418,2
9419,2
9420,2
9421,2
9422,2
9423,2
9424,2
9425,2
9426,2
9427,2
9428,2
9429,2
9430,2
9431,2
9432,2
9433,2
9434,2
9435,2
9436,2
9437,2
9438,2
9439,2
9440,2
9441,2
9442,2
9443,2
9444,2
9445,2
9446,2
9447,2
9448,2
9449,2
9450,2
9451,2
9452,2
9453,2
9454,2
9455,2
9456,2
9457,2
9458,2
9459,2
9460,2
9461,2
9462,2
9463,2
9464,2
9465,2
9466,2
9467,2
9468,2
9469,2
9470,2
9471,2
9472,2
9473,2
9474,2
9475,2
9476,2
9477,2
9478,2
9479,2
9480,2
9481,2
9482,2
9483,2
9484,2
9485,2
9486,2
9487,2
9488,2
9489,2
9490,2
9491,2
9492,2
9493,2
9494,2
9495,2
9496,2
9497,2
9498,2
9499,2
9500,2
9501,2
9502,2
9503,2
9504,2
9505,2
9506,2
9507,2
9508,2
9509,2
9510,2
9511,2
9512,2
9513,2
9514,2
9515,2
9516,2
9517,2
9518,2
9519,2
9520,2
9521,2
9522,2
9523,2
9524,2
9525,2
9526,2
9527,2
9528,2
9529,2
9530,2
9531,2
9532,2
9533,2
9534,2
9535,2
9536,2
9537,2
9538,2
9539,2
9540,2
9541,2
9542,2
9543,2
9544,2
9545,2
9546,2
9547,2
9548,2
9549,2
9550,2
9551,2
9552,2
9553,2
9554,2
9555,2
9556,2
9557,2
9558,2
9559,2
9560,2
9561,2
9562,2
9563,2
9564,2
9565,2
9566,2
9567,2
9568,2
9569,2
9570,2
9571,2
9572,2
9573,2
9574,2
9575,2
9576,2
9577,2
9578,2
9579,2
9580,2
9581,2
9582,2
9583,2
9584,2
9585,2
9586,2
9587,2
9588,2
9589,2
9590,2
9591,2
9592,2
9593,2
9594,2
9595,2
9596,2
9597,2
9598,2
9599,2
9600,2
9601,2
9602,2
9603,2
9604,2
9605,2
9606,2
9607,2
9608,2
9609,2
9610,2
9611,2
9612,2
9613,2
9614,2
9615,2
9616,2
9617,2
9618,2
9619,2
9620,2
9621,2
9622,2
9623,2
9624,2
9625,2
9626,2
9627,2
9628,2
9629,2
9630,2
9631,2
9632,2
9633,2
9634,2
9635,2
9636,2
9637,2
9638,2
9639,2
9640,2
9641,2
9642,2
9643,2
9644,2
9645,2
9646,2
9647,2
9648,2
9649,2
9650,2
9651,2
9652,2
9653,2
9654,2
9655,2
9656,2
9657,2
9658,2
9659,2
9660,2
9661,2
9662,2
9663,2
9664,2
9665,2
9666,2
9667,2
9668,2
9669,2
9670,2
9671,2
9672,2
9673,2
9674,2
9675,2
9676,2
9677,2
9678,2
9679,2
9680,2
9681,2
9682,2
9683,2
9684,2
9685,2
9686,2
9687,2
9688,2
9689,2
9690,2
9691,2
9692,2
9693,2
9694,2
9695,2
9696,2
9697,2
9698,2
9699,2
9700,2
9701,2
9702,2
9703,2
9704,2
9705,2
9706,2
9707,2
9708,2
9709,2
9710,2
9711,2
9712,2
9713,2
9714,2
9715,2
9716,2
9717,2
9718,2
9719,2
9720,2
9721,2
9722,2
9723,2
9724,2
9725,2
9726,2
9727,2
9728,2
9729,2
9730,2
9731,2
9732,2
9733,2
9734,2
9735,2
9736,2
9737,2
9738,2
9739,2
9740,2
9741,2
9742,2
9743,2
9744,2
9745,2
9746,2
9747,2
9748,2
9749,2
9750,2
9751,2
9752,2
9753,2
9754,2
9755,2
9756,2
9757,2
9758,2
9759,2
9760,2
9761,2
9762,2
9763,2
9764,2
9765,2
9766,2
9767,2
9768,2
9769,2
9770,2
9771,2
9772,2
9773,2
9774,2
9775,2
9776,2
9777,2
9778,2
9779,2
9780,2
9781,2
9782,2
9783,2
9784,2
9785,2
9786,2
9787,2
9788,2
9789,2
9790,2
9791,2
9792,2
9793,2
9794,2
9795,2
9796,2
9797,2
9798,2
9799,2
9800,2
9801,2
9802,2
9803,2
9804,2
9805,2
9806,2
9807,2
9808,2
9809,2
9810,2
9811,2
9812,2
9813,2
9814,2
9815,2
9816,2
9817,2
9818,2
9819,2
9820,2
9821,2
9822,2
9823,2
9824,2
9825,2
9826,2
9827,2
9828,2
9829,2
9830,2
9831,2
9832,2
9833,2
9834,2
9835,2
9836,2
9837,2
9838,2
9839,2
9840,2
9841,2
9842,2
9843,2
9844,2
9845,2
9846,2
9847,2
9848,2
9849,2
9850,2
9851,2
9852,2
9853,2
9854,2
9855,2
9856,2
9857,2
9858,2
9859,2
9860,2
9861,2
9862,2
9863,2
9864,2
9865,2
9866,2
9867,2
9868,2
9869,2
9870,2
9871,2
9872,2
9873,2
9874,2
9875,2
9876,2
9877,2
9878,2
9879,2
9880,2
9881,2
9882,2
9883,2
9884,2
9885,2
9886,2
9887,2
9888,2
9889,2
9890,2
9891,2
9892,2
9893,2
9894,2
9895,2
9896,2
9897,2
9898,2
9899,2
9900,2
9901,2
9902,2
9903,2
9904,2
9905,2
9906,2
9907,2
9908,2
9909,2
9910,2
9911,2
9912,2
9913,2
9914,2
9915,2
9916,2
9917,2
9918,2
9919,2
9920,2
9921,2
9922,2
9923,2
9924,2
9925,2
9926,2
9927,2
9928,2
9929,2
9930,2
9931,2
9932,2
9933,2
9934,2
9935,2
9936,2
9937,2
9938,2
9939,2
9940,2
9941,2
9942,2
9943,2
9944,2
9945,2
9946,2
9947,2
9948,2
9949,2
9950,2
9951,2
9952,2
9953,2
9954,2
9955,2
9956,2
9957,2
9958,2
9959,2
9960,2
9961,2
9962,2
9963,2
9964,2
9965,2
9966,2
9967,2
9968,2
9969,2
9970,2
9971,2
9972,2
9973,2
9974,2
9975,2
9976,2
9977,2
9978,2
9979,2
9980,2
9981,2
9982,2
9983,2
9984,2
9985,2
9986,2
9987,2
9988,2
9989,2
9990,2
9991,2
9992,2
9993,2
9994,2
9995,2
9996,2
9997,2
9998,2
9999,2
10000,2
10001,2
10002,2
10003,2
10004,2
10005,2
10006,2
10007,2
10008,2
10009,2
10010,2
10011,2
10012,2
10013,2
10014,2
10015,2
10016,2
10017,2
10018,2
10019,2
10020,2
10021,2
10022,2
10023,2
10024,2
10025,2
10026,2
10027,2
10028,2
10029,2
10030,2
10031,2
10032,2
10033,2
10034,2
10035,2
10036,2
10037,2
10038,2
10039,2
10040,2
10041,2
10042,2
10043,2
10044,2
10045,2
10046,2
10047,2
10048,2
10049,2
10050,2
10051,2
10052,2
10053,2
10054,2
10055,2
10056,2
10057,2
10058,2
10059,2
10060,2
10061,2
10062,2
10063,2
10064,2
10065,2
10066,2
10067,2
10068,2
10069,2
10070,2
10071,2
10072,2
10073,2
10074,2
10075,2
10076,2
10077,2
10078,2
10079,2
10080,2
10081,2
10082,2
10083,2
10084,2
10085,2
10086,2
10087,2
10088,2
10089,2
10090,2
10091,2
10092,2
10093,2
10094,2
10095,2
10096,2
10097,2
10098,2
10099,2
10100,2
10101,2
10102,2
10103,2
10104,2
10105,2
10106,2
10107,2
10108,2
10109,2
10110,2
10111,2
10112,2
10113,2
10114,2
10115,2
10116,2
10117,2
10118,2
10119,2
10120,2
10121,2
10122,2
10123,2
10124,2
10125,2
10126,2
10127,2
10128,2
10129,2
10130,2
10131,2
10132,2
10133,2
10134,2
10135,2
10136,2
10137,2
10138,2
10139,2
10140,2
10141,2
10142,2
10143,2
10144,2
10145,2
10146,2
10147,2
10148,2
10149,2
10150,2
10151,2
10152,2
10153,2
10154,2
10155,2
10156,2
10157,2
10158,2
10159,2
10160,2
10161,2
10162,2
10163,2
10164,2
10165,2
10166,2
10167,2
10168,2
10169,2
10170,2
10171,2
10172,2
10173,2
10174,2
10175,2
10176,2
10177,2
10178,2
10179,2
10180,2
10181,2
10182,2
10183,2
10184,2
10185,2
10186,2
10187,2
10188,2
10189,2
10190,2
10191,2
10192,2
10193,2
10194,2
10195,2
10196,2
10197,2
10198,2
10199,2
10200,2
10201,2
10202,2
10203,2
10204,2
10205,2
10206,2
10207,2
10208,2
10209,2
10210,2
10211,2
10212,2
10213,2
10214,2
10215,2
10216,2
10217,2
10218,2
10219,2
10220,2
10221,2
10222,2
10223,2
10224,2
10225,2
10226,2
10227,2
10228,2
10229,2
10230,2
10231,2
10232,2
10233,2
10234,2
10235,2
10236,2
10237,2
10238,2
10239,2
10240,2
10241,2
10242,2
10243,2
10244,2
10245,2
10246,2
10247,2
10248,2
10249,2
10250,2
10251,2
10252,2
10253,2
10254,2
10255,2
10256,2
10257,2
10258,2
10259,2
10260,2
10261,2
10262,2
10263,2
10264,2
10265,2
10266,2
10267,2
10268,2
10269,2
10270,2
10271,2
10272,2
10273,2
10274,2
10275,2
10276,2
10277,2
10278,2
10279,2
10280,2
10281,2
10282,2
10283,2
10284,2
10285,2
10286,2
10287,2
10288,2
10289,2
10290,2
10291,2
10292,2
10293,2
10294,2
10295,2
10296,2
10297,2
10298,2
10299,2
10300,2
10301,2
10302,2
10303,2
10304,2
10305,2
10306,2
10307,2
10308,2
10309,2
10310,2
10311,2
10312,2
10313,2
10314,2
10315,2
10316,2
10317,2
10318,2
10319,2
10320,2
10321,2
10322,2
10323,2
10324,2
10325,2
10326,2
10327,2
10328,2
10329,2
10330,2
10331,2
10332,2
10333,2
10334,2
10335,2
10336,2
10337,2
10338,2
10339,2
10340,2
10341,2
10342,2
10343,2
10344,2
10345,2
10346,2
10347,2
10348,2
10349,2
10350,2
10351,2
10352,2
10353,2
10354,2
10355,2
10356,2
10357,2
10358,2
10359,2
10360,2
10361,2
10362,2
10363,2
10364,2
10365,2
10366,2
10367,2
10368,2
10369,2
10370,2
10371,2
10372,2
10373,2
10374,2
10375,2
10376,2
10377,2
10378,2
10379,2
10380,2
10381,2
10382,2
10383,2
10384,2
10385,2
10386,2
10387,2
10388,2
10389,2
10390,2
10391,2
10392,2
10393,2
10394,2
10395,2
10396,2
10397,2
10398,2
10399,2
10400,2
10401,2
10402,2
10403,2
10404,2
10405,2
10406,2
10407,2
10408,2
10409,2
10410,2
10411,2
10412,2
10413,2
10414,2
10415,2
10416,2
10417,2
10418,2
10419,2
10420,2
10421,2
10422,2
10423,2
10424,2
10425,2
10426,2
10427,2
10428,2
10429,2
10430,2
10431,2
10432,2
10433,2
10434,2
10435,2
10436,2
10437,2
10438,2
10439,2
10440,2
10441,2
10442,2
10443,2
10444,2
10445,2
10446,2
10447,2
10448,2
10449,2
10450,2
10451,2
10452,2
10453,2
10454,2
10455,2
10456,2
10457,2
10458,2
10459,2
10460,2
10461,2
10462,2
10463,2
10464,2
10465,2
10466,2
10467,2
10468,2
10469,2
10470,2
10471,2
10472,2
10473,2
10474,2
10475,2
10476,2
10477,2
10478,2
10479,2
10480,2
10481,2
10482,2
10483,2
10484,2
10485,2
10486,2
10487,2
10488,2
10489,2
10490,2
10491,2
10492,2
10493,2
10494,2
10495,2
10496,2
10497,2
10498,2
10499,2
10500,2
10501,2
10502,2
10503,2
10504,2
10505,2
10506,2
10507,2
10508,2
10509,2
10510,2
10511,2
10512,2
10513,2
10514,2
10515,2
10516,2
10517,2
10518,2
10519,2
10520,2
10521,2
10522,2
10523,2
10524,2
10525,2
10526,2
10527,2
10528,2
10529,2
10530,2
10531,2
10532,2
10533,2
10534,2
10535,2
10536,2
10537,2
10538,2
10539,2
10540,2
10541,2
10542,2
10543,2
10544,2
10545,2
10546,2
10547,2
10548,2
10549,2
10550,2
10551,2
10552,2
10553,2
10554,2
10555,2
10556,2
10557,2
10558,2
10559,2
10560,2
10561,2
10562,2
10563,2
10564,2
10565,2
10566,2
10567,2
10568,2
10569,2
10570,2
10571,2
10572,2
10573,2
10574,2
10575,2
10576,2
10577,2
10578,2
10579,2
10580,2
10581,2
10582,2
10583,2
10584,2
10585,2
10586,2
10587,2
10588,2
10589,2
10590,2
10591,2
10592,2
10593,2
10594,2
10595,2
10596,2
10597,2
10598,2
10599,2
10600,2
10601,2
10602,2
10603,2
10604,2
10605,2
10606,2
10607,2
10608,2
10609,2
10610,2
10611,2
10612,2
10613,2
10614,2
10615,2
10616,2
10617,2
10618,2
10619,2
10620,2
10621,2
10622,2
10623,2
10624,2
10625,2
10626,2
10627,2
10628,2
10629,2
10630,2
10631,2
10632,2
10633,2
10634,2
10635,2
10636,2
10637,2
10638,2
10639,2
10640,2
10641,2
10642,2
10643,2
10644,2
10645,2
10646,2
10647,2
10648,2
10649,2
10650,2
10651,2
10652,2
10653,2
10654,2
10655,2
10656,2
10657,2
10658,2
10659,2
10660,2
10661,2
10662,2
10663,2
10664,2
10665,2
10666,2
10667,2
10668,2
10669,2
10670,2
10671,2
10672,2
10673,2
10674,2
10675,2
10676,2
10677,2
10678,2
10679,2
10680,2
10681,2
10682,2
10683,2
10684,2
10685,2
10686,2
10687,2
10688,2
10689,2
10690,2
10691,2
10692,2
10693,2
10694,2
10695,2
10696,2
10697,2
10698,2
10699,2
10700,2
10701,2
10702,2
10703,2
10704,2
10705,2
10706,2
10707,2
10708,2
10709,2
10710,2
10711,2
10712,2
10713,2
10714,2
10715,2
10716,2
10717,2
10718,2
10719,2
10720,2
10721,2
10722,2
10723,2
10724,2
10725,2
10726,2
10727,2
10728,2
10729,2
10730,2
10731,2
10732,2
10733,2
10734,2
10735,2
10736,2
10737,2
10738,2
10739,2
10740,2
10741,2
10742,2
10743,2
10744,2
10745,2
10746,2
10747,2
10748,2
10749,2
10750,2
10751,2
10752,2
10753,2
10754,2
10755,2
10756,2
10757,2
10758,2
10759,2
10760,2
10761,2
10762,2
10763,2
10764,2
10765,2
10766,2
10767,2
10768,2
10769,2
10770,2
10771,2
10772,2
10773,2
10774,2
10775,2
10776,2
10777,2
10778,2
10779,2
10780,2
10781,2
10782,2
10783,2
10784,2
10785,2
10786,2
10787,2
10788,2
10789,2
10790,2
10791,2
10792,2
10793,2
10794,2
10795,2
10796,2
10797,2
10798,2
10799,2
10800,2
10801,2
10802,2
10803,2
10804,2
10805,2
10806,2
10807,2
10808,2
10809,2
10810,2
10811,2
10812,2
10813,2
10814,2
10815,2
10816,2
10817,2
10818,2
10819,2
10820,2
10821,2
10822,2
10823,2
10824,2
10825,2
10826,2
10827,2
10828,2
10829,2
10830,2
10831,2
10832,2
10833,2
10834,2
10835,2
10836,2
10837,2
10838,2
10839,2
10840,2
10841,2
10842,2
10843,2
10844,2
10845,2
10846,2
10847,2
10848,2
10849,2
10850,2
10851,2
10852,2
10853,2
10854,2
10855,2
10856,2
10857,2
10858,2
10859,2
10860,2
10861,2
10862,2
10863,2
10864,2
10865,2
10866,2
10867,2
10868,2
10869,2
10870,2
10871,2
10872,2
10873,2
10874,2
10875,2
10876,2
10877,2
10878,2
10879,2
10880,2
10881,2
10882,2
10883,2
10884,2
10885,2
10886,2
10887,2
10888,2
10889,2
10890,2
10891,2
10892,2
10893,2
10894,2
10895,2
10896,2
10897,2
10898,2
10899,2
10900,2
10901,2
10902,2
10903,2
10904,2
10905,2
10906,2
10907,2
10908,2
10909,2
10910,2
10911,2
10912,2
10913,2
10914,2
10915,2
10916,2
10917,2
10918,0
10919,2
10920,2
10921,2
10922,2
10923,2
10924,2
10925,2
10926,2
10927,2
10928,2
10929,2
10930,2
10931,2
10932,2
10933,2
10934,2
10935,2
10936,2
10937,2
10938,2
10939,2
10940,0
10941,2
10942,1
10943,2
10944,2
10945,2
10946,2
10947,1
10948,2
10949,2
10950,2
10951,2
10952,0
10953,2
10954,2
10955,2
10956,2
10957,2
10958,0
10959,2
10960,2
10961,2
10962,1
10963,2
10964,1
10965,2
10966,2
10967,2
10968,2
10969,0
10970,2
10971,2
10972,2
10973,1
10974,2
10975,0
10976,1
10977,2
10978,2
10979,1
10980,2
10981,2
10982,1
10983,2
10984,1
10985,1
10986,0
10987,2
10988,2
10989,2
10990,2
10991,2
10992,2
10993,2
10994,2
10995,2
10996,2
10997,2
10998,2
10999,2
11000,2
11001,2
11002,2
11003,2
11004,2
11005,2
11006,2
11007,2
11008,2
11009,2
11010,2
11011,2
11012,2
11013,2
11014,2
11015,2
11016,2
11017,2
11018,2
11019,2
11020,2
11021,2
11022,2
11023,2
11024,2
11025,2
11026,2
11027,2
11028,2
11029,2
11030,2
11031,2
11032,0
11033,2
11034,2
11035,2
11036,2
11037,2
11038,2
11039,2
11040,2
11041,2
11042,2
11043,2
11044,2
11045,2
11046,2
11047,2
11048,2
11049,2
11050,2
11051,2
11052,2
11053,2
11054,2
11055,2
11056,2
11057,2
11058,2
11059,2
11060,2
11061,2
11062,2
11063,2
11064,2
11065,2
11066,2
11067,2
11068,2
11069,2
11070,2
11071,2
11072,2
11073,2
11074,2
11075,2
11076,2
11077,2
11078,2
11079,2
11080,2
11081,2
11082,2
11083,2
11084,2
11085,2
11086,2
11087,2
11088,2
11089,2
11090,2
11091,2
11092,2
11093,2
11094,2
11095,2
11096,2
11097,1
11098,2
11099,2
11100,2
11101,2
11102,2
11103,2
11104,1
11105,2
11106,2
11107,2
11108,2
11109,2
11110,2
11111,2
11112,2
11113,2
11114,2
11115,2
11116,2
11117,2
11118,2
11119,2
11120,2
11121,2
11122,2
11123,2
11124,2
11125,2
11126,2
11127,2
11128,2
11129,2
11130,2
11131,2
11132,2
11133,2
11134,2
11135,2
11136,2
11137,2
11138,2
11139,2
11140,2
11141,2
11142,2
11143,2
11144,2
11145,2
11146,2
11147,2
11148,2
11149,1
11150,0
11151,2
11152,2
11153,2
11154,2
11155,2
11156,2
11157,2
11158,2
11159,2
11160,2
11161,2
11162,1
11163,2
11164,2
11165,2
11166,2
11167,2
11168,2
11169,2
11170,2
11171,2
11172,2
11173,2
11174,2
11175,2
11176,2
11177,2
11178,2
11179,2
11180,2
11181,2
11182,2
11183,2
11184,2
11185,2
11186,2
11187,2
11188,0
11189,2
11190,2
11191,2
11192,2
11193,2
11194,2
11195,2
11196,2
11197,2
11198,2
11199,2
11200,2
11201,2
11202,2
11203,2
11204,2
11205,2
11206,2
11207,2
11208,2
11209,2
11210,2
11211,2
11212,2
11213,2
11214,2
11215,2
11216,2
11217,1
11218,2
11219,2
11220,2
11221,2
11222,2
11223,2
11224,2
11225,2
11226,2
11227,2
11228,2
11229,2
11230,2
11231,2
11232,2
11233,2
11234,2
11235,2
11236,2
11237,2
11238,2
11239,2
11240,2
11241,2
11242,2
11243,2
11244,2
11245,2
11246,2
11247,2
11248,2
11249,2
11250,2
11251,2
11252,2
11253,2
11254,2
11255,2
11256,2
11257,2
11258,2
11259,2
11260,2
11261,2
11262,2
11263,2
11264,1
11265,1
11266,2
11267,2
11268,2
11269,2
11270,2
11271,2
11272,2
11273,2
11274,2
11275,2
11276,2
11277,2
11278,2
11279,2
11280,2
11281,2
11282,2
11283,2
11284,2
11285,2
11286,2
11287,2
11288,2
11289,2
11290,2
11291,2
11292,1
11293,2
11294,2
11295,2
11296,2
11297,2
11298,2
11299,2
11300,2
11301,2
11302,2
11303,2
11304,2
11305,2
11306,2
11307,2
11308,0
11309,2
11310,2
11311,0
11312,0
11313,2
11314,2
11315,2
11316,2
11317,1
11318,1
11319,2
11320,2
11321,2
11322,2
11323,2
11324,2
11325,2
11326,2
11327,2
11328,2
11329,2
11330,2
11331,2
11332,2
11333,1
11334,2
11335,2
11336,2
11337,2
11338,2
11339,2
11340,2
11341,2
11342,2
11343,2
11344,2
11345,2
11346,2
11347,2
11348,2
11349,2
11350,2
11351,2
11352,2
11353,2
11354,2
11355,2
11356,2
11357,2
11358,1
11359,2
11360,2
11361,2
11362,2
11363,2
11364,2
11365,2
11366,2
11367,2
11368,2
11369,2
11370,2
11371,2
11372,2
11373,2
11374,2
11375,2
11376,2
11377,2
11378,2
11379,2
11380,2
11381,2
11382,2
11383,2
11384,2
11385,2
11386,2
11387,1
11388,2
11389,2
11390,2
11391,2
11392,2
11393,2
11394,2
11395,2
11396,2
11397,2
11398,0
11399,2
11400,2
11401,2
11402,2
11403,2
11404,2
11405,2
11406,2
11407,2
11408,2
11409,2
11410,2
11411,2
11412,2
11413,2
11414,2
11415,2
11416,2
11417,2
11418,2
11419,2
11420,2
11421,2
11422,2
11423,2
11424,0
11425,2
11426,2
11427,2
11428,2
11429,2
11430,2
11431,2
11432,2
11433,1
11434,2
11435,2
11436,2
11437,2
11438,2
11439,2
11440,2
11441,2
11442,2
11443,0
11444,2
11445,2
11446,2
11447,2
11448,2
11449,2
11450,2
11451,2
11452,2
11453,2
11454,2
11455,2
11456,2
11457,2
11458,2
11459,2
11460,1
11461,2
11462,2
11463,1
11464,2
11465,2
11466,2
11467,2
11468,2
11469,2
11470,1
11471,2
11472,2
11473,2
11474,2
11475,2
11476,2
11477,2
11478,2
11479,2
11480,2
11481,2
11482,2
11483,2
11484,1
11485,2
11486,2
11487,2
11488,2
11489,2
11490,2
11491,2
11492,2
11493,2
11494,2
11495,2
11496,2
11497,2
11498,2
11499,2
11500,2
11501,2
11502,2
11503,1
11504,2
11505,2
11506,2
11507,2
11508,2
11509,2
11510,2
11511,2
11512,2
11513,2
11514,2
11515,2
11516,2
11517,2
11518,2
11519,2
11520,2
11521,2
11522,2
11523,1
11524,2
11525,2
11526,2
11527,2
11528,2
11529,2
11530,2
11531,2
11532,1
11533,2
11534,2
11535,2
11536,2
11537,2
11538,2
11539,2
11540,2
11541,2
11542,1
11543,2
11544,0
11545,2
11546,0
11547,2
11548,2
11549,2
11550,2
11551,0
11552,2
11553,2
11554,2
11555,2
11556,2
11557,2
11558,2
11559,0
11560,0
11561,2
11562,2
11563,2
11564,2
11565,2
11566,2
11567,2
11568,2
11569,2
11570,2
11571,2
11572,2
11573,2
11574,2
11575,1
11576,2
11577,2
11578,2
11579,0
11580,2
11581,2
11582,2
11583,1
11584,2
11585,2
11586,2
11587,2
11588,2
11589,2
11590,2
11591,2
11592,2
11593,2
11594,2
11595,2
11596,2
11597,2
11598,2
11599,2
11600,2
11601,2
11602,2
11603,2
11604,1
11605,2
11606,2
11607,2
11608,0
11609,2
11610,2
11611,2
11612,2
11613,0
11614,2
11615,2
11616,2
11617,2
11618,2
11619,2
11620,2
11621,1
11622,2
11623,2
11624,2
11625,2
11626,2
11627,1
11628,2
11629,2
11630,2
11631,2
11632,1
11633,2
11634,2
11635,2
11636,2
11637,2
11638,2
11639,2
11640,2
11641,2
11642,2
11643,1
11644,2
11645,2
11646,2
11647,1
11648,1
11649,2
11650,2
11651,0
11652,2
11653,2
11654,0
11655,2
11656,2
11657,0
11658,2
11659,2
11660,2
11661,2
11662,2
11663,1
11664,2
11665,2
11666,2
11667,2
11668,1
11669,2
11670,2
11671,2
11672,1
11673,2
11674,2
11675,2
11676,2
11677,1
11678,2
11679,1
11680,2
11681,2
11682,1
11683,2
11684,2
11685,1
11686,2
11687,2
11688,2
11689,2
11690,2
11691,2
11692,0
11693,2
11694,2
11695,2
11696,2
11697,2
11698,2
11699,2
11700,2
11701,2
11702,2
11703,2
11704,2
11705,2
11706,0
11707,2
11708,2
11709,2
11710,2
11711,2
11712,2
11713,2
11714,0
11715,2
11716,2
11717,1
11718,2
11719,2
11720,2
11721,2
11722,2
11723,2
11724,2
11725,2
11726,1
11727,2
11728,2
11729,1
11730,2
11731,0
11732,2
11733,2
11734,2
11735,2
11736,2
11737,2
11738,1
11739,0
11740,2
11741,2
11742,2
11743,2
11744,2
11745,2
11746,1
11747,2
11748,2
11749,2
11750,2
11751,2
11752,0
11753,2
11754,1
11755,2
11756,2
11757,2
11758,2
11759,2
11760,2
11761,1
11762,2
11763,2
11764,0
11765,2
11766,2
11767,2
11768,2
11769,2
11770,2
11771,2
11772,0
11773,2
11774,2
11775,1
11776,2
11777,0
11778,2
11779,1
11780,2
11781,2
11782,2
11783,2
11784,2
11785,2
11786,2
11787,0
11788,2
11789,2
11790,2
11791,2
11792,2
11793,1
11794,2
11795,1
11796,2
11797,2
11798,2
11799,2
11800,2
11801,2
11802,2
11803,2
11804,1
11805,1
11806,2
11807,2
11808,0
11809,2
11810,2
11811,2
11812,2
11813,2
11814,0
11815,2
11816,2
11817,2
11818,2
11819,2
11820,2
11821,2
11822,2
11823,2
11824,2
11825,2
11826,2
11827,2
11828,0
11829,1
11830,0
11831,2
11832,2
11833,2
11834,2
11835,1
11836,2
11837,2
11838,0
11839,2
11840,1
11841,1
11842,2
11843,2
11844,2
11845,2
11846,2
11847,2
11848,2
11849,1
11850,0
11851,2
11852,2
11853,1
11854,1
11855,2
11856,2
11857,2
11858,0
11859,2
11860,2
11861,2
11862,0
11863,2
11864,2
11865,2
11866,2
11867,1
11868,0
11869,1
11870,2
11871,0
11872,2
11873,0
11874,2
11875,2
11876,1
11877,1
11878,2
11879,2
11880,2
11881,2
11882,2
11883,2
11884,2
11885,2
11886,2
11887,2
11888,2
11889,2
11890,2
11891,2
11892,2
11893,2
11894,2
11895,1
11896,0
11897,2
11898,2
11899,1
11900,2
11901,2
11902,2
11903,1
11904,2
11905,2
11906,2
11907,0
11908,2
11909,2
11910,1
11911,2
11912,2
11913,1
11914,1
11915,0
11916,2
11917,2
11918,2
11919,2
11920,1
11921,2
11922,2
11923,2
11924,1
11925,2
11926,2
11927,2
11928,2
11929,2
11930,2
11931,2
11932,2
11933,2
11934,2
11935,2
11936,2
11937,2
11938,1
11939,2
11940,0
11941,2
11942,2
11943,2
11944,2
11945,1
11946,2
11947,2
11948,2
11949,1
11950,0
11951,2
11952,2
11953,1
11954,1
11955,1
11956,0
11957,1
11958,1
11959,2
11960,2
11961,2
11962,2
11963,2
11964,2
11965,2
11966,2
11967,2
11968,2
11969,0
11970,1
11971,2
11972,1
11973,1
11974,2
11975,2
11976,2
11977,2
11978,2
11979,2
11980,1
11981,2
11982,2
11983,2
11984,2
11985,2
11986,2
11987,2
11988,1
11989,2
11990,2
11991,2
11992,2
11993,2
11994,2
11995,2
11996,2
11997,2
11998,2
11999,1
12000,2
12001,2
12002,2
12003,2
12004,2
12005,0
12006,2
12007,2
12008,2
12009,2
12010,2
12011,2
12012,1
12013,2
12014,2
12015,2
12016,0
12017,0
12018,2
12019,2
12020,2
12021,2
12022,1
12023,2
12024,2
12025,2
12026,1
12027,2
12028,2
12029,2
12030,2
12031,2
12032,2
12033,2
12034,1
12035,2
12036,2
12037,1
12038,2
12039,2
12040,2
12041,0
12042,2
12043,2
12044,2
12045,1
12046,2
12047,2
12048,2
12049,2
12050,1
12051,2
12052,2
12053,2
12054,2
12055,2
12056,1
12057,2
12058,1
12059,1
12060,2
12061,2
12062,2
12063,2
12064,2
12065,2
12066,2
12067,2
12068,2
12069,2
12070,2
12071,2
12072,2
12073,2
12074,2
12075,0
12076,1
12077,2
12078,2
12079,2
12080,2
12081,2
12082,2
12083,2
12084,2
12085,2
12086,0
12087,2
12088,1
12089,1
12090,2
12091,2
12092,2
12093,2
12094,2
12095,2
12096,1
12097,2
12098,0
12099,0
12100,2
12101,0
12102,2
12103,1
12104,2
12105,2
12106,2
12107,1
12108,2
12109,2
12110,2
12111,1
12112,2
12113,1
12114,2
12115,2
12116,2
12117,0
12118,2
12119,2
12120,2
12121,2
12122,2
12123,2
12124,0
12125,2
12126,2
12127,2
12128,2
12129,2
12130,0
12131,2
12132,2
12133,2
12134,2
12135,1
12136,2
12137,2
12138,0
12139,2
12140,2
12141,2
12142,0
12143,2
12144,2
12145,1
12146,2
12147,2
12148,0
12149,2
12150,2
12151,2
12152,1
12153,2
12154,1
12155,2
12156,0
12157,2
12158,2
12159,2
12160,2
12161,2
12162,2
12163,2
12164,1
12165,2
12166,2
12167,1
12168,0
12169,0
12170,2
12171,2
12172,2
12173,2
12174,0
12175,1
12176,2
12177,0
12178,0
12179,1
12180,2
12181,1
12182,2
12183,0
12184,2
12185,0
12186,2
12187,1
12188,1
12189,2
12190,2
12191,2
12192,2
12193,2
12194,2
12195,2
12196,1
12197,2
12198,2
12199,2
12200,1
12201,2
12202,2
12203,2
12204,1
12205,2
12206,2
12207,2
12208,1
12209,1
12210,1
12211,2
12212,2
12213,2
12214,0
12215,0
12216,1
12217,1
12218,2
12219,2
12220,1
12221,2
12222,1
12223,2
12224,2
12225,0
12226,2
12227,2
12228,2
12229,2
12230,2
12231,2
12232,1
12233,2
12234,2
12235,0
12236,2
12237,2
12238,2
12239,0
12240,2
12241,0
12242,1
12243,0
12244,2
12245,2
12246,2
12247,0
12248,2
12249,1
12250,2
12251,0
12252,2
12253,2
12254,1
12255,2
12256,2
12257,2
12258,2
12259,1
12260,2
12261,2
12262,2
12263,2
12264,2
12265,2
12266,2
12267,2
12268,2
12269,2
12270,2
12271,2
12272,2
12273,2
12274,2
12275,2
12276,1
12277,2
12278,2
12279,2
12280,1
12281,2
12282,2
12283,2
12284,0
12285,2
12286,1
12287,2
12288,1
12289,2
12290,2
12291,2
12292,2
12293,2
12294,1
12295,2
12296,2
12297,1
12298,2
12299,0
12300,2
12301,1
12302,2
12303,2
12304,2
12305,1
12306,0
12307,2
12308,2
12309,2
12310,1
12311,2
12312,0
12313,2
12314,2
12315,2
12316,0
12317,2
12318,2
12319,2
12320,2
12321,2
12322,2
12323,2
12324,1
12325,2
12326,2
12327,0
12328,0
12329,1
12330,0
12331,2
12332,2
12333,2
12334,2
12335,0
12336,2
12337,2
12338,2
12339,2
12340,2
12341,2
12342,1
12343,1
12344,2
12345,2
12346,2
12347,2
12348,1
12349,2
12350,0
12351,1
12352,0
12353,1
12354,2
12355,2
12356,1
12357,2
12358,2
12359,2
12360,2
12361,2
12362,2
12363,2
12364,0
12365,2
12366,2
12367,0
12368,1
12369,1
12370,0
12371,2
12372,0
12373,2
12374,2
12375,2
12376,2
12377,2
12378,2
12379,0
12380,2
12381,2
12382,2
12383,1
12384,1
12385,1
12386,2
12387,0
12388,2
12389,2
12390,2
12391,2
12392,1
12393,2
12394,2
12395,2
12396,2
12397,1
12398,2
12399,0
12400,2
12401,2
12402,2
12403,2
12404,2
12405,2
12406,2
12407,2
12408,1
12409,0
12410,0
12411,2
12412,2
12413,1
12414,2
12415,1
12416,2
12417,2
12418,2
12419,2
12420,2
12421,1
12422,0
12423,2
12424,2
12425,0
12426,2
12427,0
12428,1
12429,1
12430,0
12431,1
12432,2
12433,2
12434,0
12435,2
12436,2
12437,2
12438,2
12439,2
12440,2
12441,2
12442,2
12443,2
12444,2
12445,2
12446,0
12447,2
12448,0
12449,2
12450,2
12451,2
12452,2
12453,1
12454,2
12455,0
12456,0
12457,2
12458,1
12459,0
12460,2
12461,2
12462,0
12463,2
12464,1
12465,2
12466,2
12467,1
12468,2
12469,2
12470,2
12471,0
12472,1
12473,0
12474,1
12475,1
12476,1
12477,1
12478,0
12479,1
12480,1
12481,1
12482,2
12483,1
12484,0
12485,1
12486,2
12487,0
12488,1
12489,0
12490,2
12491,1
12492,2
12493,2
12494,1
12495,2
12496,2
12497,2
12498,1
12499,0
12500,1
12501,0
12502,1
12503,2
12504,1
12505,0
12506,0
12507,1
12508,0
12509,1
12510,0
12511,0
12512,0
12513,1
12514,1
12515,1
12516,0
12517,1
12518,1
12519,1
12520,1
12521,1
12522,0
12523,1
12524,1
12525,2
12526,1
12527,0
12528,1
12529,1
12530,1
12531,0
12532,2
12533,2
12534,2
12535,1
12536,1
12537,1
12538,1
12539,1
12540,1
12541,0
12542,0
12543,0
12544,0
12545,1
12546,1
12547,0
12548,2
12549,0
12550,1
12551,0
12552,0
12553,1
12554,2
12555,1
12556,1
12557,0
12558,1
12559,0
12560,1
12561,1
12562,2
12563,1
12564,2
12565,0
12566,0
12567,2
12568,1
12569,1
12570,2
12571,0
12572,2
12573,0
12574,0
12575,0
12576,1
12577,1
12578,1
12579,1
12580,0
12581,2
12582,1
12583,1
12584,1
12585,1
12586,1
12587,0
12588,1
12589,1
12590,2
12591,1
12592,0
12593,0
12594,1
12595,2
12596,0
12597,1
12598,1
12599,1
12600,1
12601,0
12602,0
12603,0
12604,1
12605,2
12606,1
12607,1
12608,0
12609,1
12610,1
12611,0
12612,1
12613,1
12614,0
12615,0
12616,2
12617,1
12618,1
12619,0
12620,1
12621,1
12622,1
12623,2
12624,0
12625,0
12626,1
12627,1
12628,1
12629,1
12630,1
12631,0
12632,0
12633,1
12634,2
12635,1
12636,1
12637,1
12638,1
12639,1
12640,1
12641,2
12642,1
12643,0
12644,1
12645,1
12646,0
12647,1
12648,1
12649,0
12650,2
12651,1
12652,0
12653,1
12654,1
12655,1
12656,0
12657,1
12658,1
12659,0
12660,1
12661,0
12662,1
12663,1
12664,1
12665,1
12666,0
12667,1
12668,1
12669,2
12670,0
12671,2
12672,0
12673,0
12674,0
12675,2
12676,0
12677,2
12678,1
12679,1
12680,1
12681,0
12682,1
12683,0
12684,1
12685,1
12686,1
12687,1
12688,1
12689,0
12690,1
12691,2
12692,1
12693,2
12694,1
12695,0
12696,0
12697,1
12698,1
12699,2
12700,1
12701,1
12702,1
12703,0
12704,0
12705,1
12706,0
12707,0
12708,1
12709,0
12710,0
12711,1
12712,1
12713,1
12714,0
12715,0
12716,2
12717,1
12718,0
12719,0
12720,1
12721,0
12722,1
12723,0
12724,0
12725,1
12726,0
12727,0
12728,0
12729,2
12730,0
12731,1
12732,1
12733,1
12734,1
12735,2
12736,0
12737,1
12738,0
12739,0
12740,0
12741,1
12742,0
12743,0
12744,0
12745,1
12746,1
12747,0
12748,1
12749,0
12750,2
12751,1
12752,1
12753,1
12754,0
12755,1
12756,1
12757,1
12758,1
12759,1
12760,1
12761,1
12762,1
12763,0
12764,1
12765,1
12766,0
12767,0
12768,1
12769,2
12770,1
12771,2
12772,1
12773,1
12774,0
12775,1
12776,0
12777,1
12778,1
12779,1
12780,1
12781,1
12782,1
12783,1
12784,0
12785,0
12786,1
12787,1
12788,1
12789,0
12790,0
12791,0
12792,0
12793,0
12794,0
12795,1
12796,1
12797,2
12798,1
12799,1
12800,1
12801,1
12802,1
12803,1
12804,1
12805,1
12806,1
12807,1
12808,2
12809,2
12810,1
12811,2
12812,1
12813,0
12814,0
12815,1
12816,1
12817,0
12818,1
12819,1
12820,0
12821,0
12822,0
12823,1
12824,1
12825,1
12826,2
12827,0
12828,2
12829,1
12830,1
12831,1
12832,0
12833,0
12834,1
12835,2
12836,0
12837,2
12838,2
12839,0
12840,0
12841,1
12842,1
12843,1
12844,1
12845,1
12846,0
12847,1
12848,1
12849,1
12850,0
12851,1
12852,1
12853,1
12854,0
12855,1
12856,0
12857,2
12858,1
12859,1
12860,2
12861,2
12862,0
12863,1
12864,1
12865,1
12866,1
12867,0
12868,1
12869,1
12870,1
12871,1
12872,1
12873,1
12874,1
12875,0
12876,1
12877,1
12878,1
12879,2
12880,1
12881,1
12882,2
12883,0
12884,1
12885,1
12886,1
12887,0
12888,1
12889,0
12890,0
12891,2
12892,1
12893,2
12894,0
12895,1
12896,0
12897,1
12898,1
12899,0
12900,1
12901,1
12902,0
12903,1
12904,0
12905,1
12906,1
12907,0
12908,0
12909,1
12910,1
12911,1
12912,2
12913,0
12914,1
12915,0
12916,0
12917,2
12918,2
12919,1
12920,1
12921,0
12922,1
12923,1
12924,0
12925,1
12926,1
12927,0
12928,0
12929,0
12930,2
12931,1
12932,0
12933,0
12934,0
12935,1
12936,2
12937,0
12938,1
12939,0
12940,1
12941,0
12942,0
12943,0
12944,1
12945,0
12946,0
12947,1
12948,1
12949,0
12950,2
12951,2
12952,2
12953,0
12954,0
12955,0
12956,0
12957,1
12958,2
12959,0
12960,1
12961,0
12962,0
12963,1
12964,0
12965,0
12966,0
12967,1
12968,1
12969,1
12970,0
12971,1
12972,0
12973,1
12974,1
12975,0
12976,0
12977,2
12978,1
12979,1
12980,0
12981,1
12982,2
12983,0
12984,0
12985,1
12986,2
12987,1
12988,1
12989,0
12990,0
12991,0
12992,0
12993,1
12994,2
12995,1
12996,0
12997,2
12998,2
12999,1
13000,1
13001,1
13002,0
13003,0
13004,1
13005,1
13006,0
13007,0
13008,0
13009,0
13010,1
13011,1
13012,0
13013,2
13014,1
13015,2
13016,0
13017,1
13018,1
13019,0
13020,1
13021,0
13022,1
13023,1
13024,0
13025,1
13026,1
13027,1
13028,1
13029,0
13030,2
13031,2
13032,1
13033,1
13034,1
13035,2
13036,1
13037,0
13038,2
13039,1
13040,2
13041,2
13042,1
13043,1
13044,1
13045,0
13046,1
13047,0
13048,0
13049,1
13050,1
13051,1
13052,2
13053,0
13054,0
13055,0
13056,1
13057,1
13058,1
13059,1
13060,1
13061,1
13062,0
13063,0
13064,0
13065,1
13066,1
13067,1
13068,0
13069,1
13070,0
13071,1
13072,1
13073,1
13074,0
13075,1
13076,1
13077,0
13078,1
13079,0
13080,1
13081,0
13082,1
13083,1
13084,0
13085,0
13086,0
13087,0
13088,0
13089,0
13090,2
13091,1
13092,1
13093,0
13094,1
13095,0
13096,1
13097,0
13098,2
13099,1
13100,1
13101,0
13102,0
13103,1
13104,1
13105,0
13106,1
13107,1
13108,1
13109,0
13110,1
13111,1
13112,2
13113,0
13114,1
13115,0
13116,0
13117,1
13118,0
13119,1
13120,2
13121,1
13122,0
13123,1
13124,0
13125,1
13126,1
13127,1
13128,1
13129,2
13130,0
13131,1
13132,0
13133,1
13134,1
13135,1
13136,1
13137,0
13138,0
13139,1
13140,1
13141,0
13142,0
13143,1
13144,2
13145,2
13146,1
13147,1
13148,1
13149,0
13150,0
13151,1
13152,1
13153,1
13154,1
13155,1
13156,1
13157,1
13158,0
13159,1
13160,1
13161,0
13162,1
13163,1
13164,0
13165,0
13166,0
13167,1
13168,1
13169,2
13170,1
13171,0
13172,0
13173,0
13174,1
13175,2
13176,0
13177,1
13178,1
13179,1
13180,1
13181,1
13182,1
13183,1
13184,1
13185,1
13186,1
13187,0
13188,2
13189,0
13190,0
13191,0
13192,0
13193,0
13194,1
13195,0
13196,0
13197,0
13198,1
13199,1
13200,0
13201,1
13202,1
13203,0
13204,1
13205,0
13206,1
13207,0
13208,0
13209,0
13210,1
13211,1
13212,0
13213,0
13214,0
13215,0
13216,1
13217,2
13218,1
13219,0
13220,0
13221,1
13222,1
13223,1
13224,1
13225,2
13226,0
13227,0
13228,1
13229,0
13230,0
13231,1
13232,1
13233,1
13234,0
13235,2
13236,1
13237,0
13238,1
13239,0
13240,1
13241,0
13242,0
13243,1
13244,1
13245,1
13246,2
13247,0
13248,1
13249,1
13250,1
13251,0
13252,1
13253,1
13254,2
13255,1
13256,2
13257,1
13258,1
13259,1
13260,0
13261,0
13262,1
13263,1
13264,0
13265,1
13266,1
13267,1
13268,0
13269,2
13270,1
13271,0
13272,1
13273,2
13274,1
13275,2
13276,2
13277,0
13278,2
13279,0
13280,0
13281,1
13282,0
13283,0
13284,2
13285,1
13286,1
13287,0
13288,1
13289,1
13290,1
13291,1
13292,1
13293,0
13294,1
13295,1
13296,0
13297,0
13298,0
13299,1
13300,1
13301,0
13302,1
13303,0
13304,1
13305,1
13306,2
13307,1
13308,0
13309,1
13310,0
13311,1
13312,0
13313,1
13314,1
13315,2
13316,1
13317,1
13318,0
13319,1
13320,1
13321,1
13322,1
13323,1
13324,0
13325,0
13326,2
13327,0
13328,0
13329,0
13330,1
13331,1
13332,0
13333,1
13334,1
13335,2
13336,1
13337,1
13338,2
13339,1
13340,1
13341,0
13342,1
13343,0
13344,1
13345,2
13346,1
13347,1
13348,0
13349,0
13350,1
13351,2
13352,2
13353,2
13354,1
13355,1
13356,1
13357,1
13358,0
13359,1
13360,1
13361,0
13362,1
13363,0
13364,1
13365,0
13366,1
13367,0
13368,0
13369,0
13370,1
13371,0
13372,2
13373,2
13374,1
13375,1
13376,1
13377,2
13378,1
13379,2
13380,1
13381,1
13382,1
13383,2
13384,1
13385,1
13386,1
13387,1
13388,0
13389,0
13390,1
13391,1
13392,1
13393,2
13394,1
13395,0
13396,1
13397,1
13398,1
13399,1
13400,1
13401,1
13402,1
13403,0
13404,0
13405,0
13406,1
13407,0
13408,1
13409,1
13410,2
13411,0
13412,1
13413,2
13414,0
13415,1
13416,1
13417,2
13418,1
13419,0
13420,1
13421,1
13422,1
13423,1
13424,1
13425,1
13426,0
13427,0
13428,2
13429,0
13430,0
13431,1
13432,1
13433,1
13434,1
13435,1
13436,1
13437,1
13438,0
13439,1
13440,2
13441,1
13442,1
13443,1
13444,1
13445,1
13446,1
13447,0
13448,1
13449,0
13450,2
13451,0
13452,2
13453,0
13454,2
13455,1
13456,2
13457,1
13458,0
13459,0
13460,1
13461,1
13462,2
13463,1
13464,1
13465,0
13466,1
13467,1
13468,1
13469,1
13470,1
13471,0
13472,1
13473,0
13474,0
13475,0
13476,2
13477,0
13478,1
13479,0
13480,1
13481,2
13482,0
13483,0
13484,1
13485,1
13486,1
13487,0
13488,1
13489,0
13490,0
13491,0
13492,2
13493,0
13494,1
13495,1
13496,1
13497,1
13498,0
13499,0
13500,0
13501,0
13502,0
13503,1
13504,0
13505,0
13506,1
13507,1
13508,1
13509,0
13510,1
13511,1
13512,1
13513,2
13514,0
13515,1
13516,1
13517,2
13518,0
13519,0
13520,1
13521,0
13522,0
13523,1
13524,1
13525,0
13526,1
13527,1
13528,1
13529,0
13530,1
13531,2
13532,1
13533,1
13534,0
13535,1
13536,2
13537,0
13538,0
13539,0
13540,1
13541,0
13542,2
13543,1
13544,1
13545,0
13546,1
13547,0
13548,1
13549,1
13550,2
13551,1
13552,1
13553,1
13554,1
13555,0
13556,0
13557,1
13558,1
13559,0
13560,0
13561,0
13562,0
13563,2
13564,1
13565,1
13566,1
13567,1
13568,2
13569,1
13570,1
13571,1
13572,1
13573,1
13574,1
13575,0
13576,0
13577,1
13578,1
13579,1
13580,1
13581,0
13582,0
13583,1
13584,1
13585,0
13586,1
13587,1
13588,0
13589,1
13590,1
13591,0
13592,0
13593,1
13594,0
13595,1
13596,1
13597,1
13598,0
13599,1
13600,2
13601,1
13602,1
13603,0
13604,1
13605,1
13606,1
13607,1
13608,2
13609,0
13610,0
13611,0
13612,2
13613,1
13614,1
13615,1
13616,1
13617,0
13618,1
13619,1
13620,1
13621,1
13622,0
13623,0
13624,1
13625,1
13626,0
13627,0
13628,0
13629,0
13630,0
13631,2
13632,1
13633,1
13634,0
13635,1
13636,0
13637,1
13638,2
13639,1
13640,0
13641,0
13642,2
13643,0
13644,2
13645,0
13646,1
13647,1
13648,0
13649,0
13650,2
13651,0
13652,0
13653,1
13654,0
13655,2
13656,1
13657,1
13658,2
13659,0
13660,1
13661,1
13662,1
13663,1
13664,1
13665,1
13666,1
13667,0
13668,1
13669,1
13670,1
13671,0
13672,0
13673,1
13674,0
13675,0
13676,2
13677,0
13678,2
13679,1
13680,1
13681,0
13682,0
13683,1
13684,1
13685,2
13686,0
13687,0
13688,1
13689,1
13690,0
13691,1
13692,0
13693,0
13694,2
13695,1
13696,1
13697,0
13698,1
13699,0
13700,1
13701,0
13702,1
13703,1
13704,1
13705,1
13706,0
13707,0
13708,1
13709,0
13710,0
13711,2
13712,1
13713,1
13714,0
13715,0
13716,0
13717,1
13718,1
13719,2
13720,1
13721,1
13722,0
13723,0
13724,1
13725,1
13726,1
13727,1
13728,0
13729,1
13730,2
13731,1
13732,2
13733,0
13734,0
13735,1
13736,0
13737,0
13738,0
13739,1
13740,1
13741,0
13742,1
13743,1
13744,1
13745,1
13746,2
13747,0
13748,0
13749,1
13750,0
13751,0
13752,0
13753,0
13754,1
13755,0
13756,2
13757,1
13758,0
13759,1
13760,0
13761,1
13762,0
13763,0
13764,2
13765,2
13766,2
13767,1
13768,1
13769,1
13770,1
13771,1
13772,1
13773,1
13774,1
13775,1
13776,1
13777,1
13778,0
13779,1
13780,2
13781,1
13782,2
13783,0
13784,1
13785,0
13786,1
13787,1
13788,1
13789,2
13790,1
13791,1
13792,2
13793,2
13794,0
13795,1
13796,1
13797,1
13798,0
13799,1
13800,2
13801,1
13802,0
13803,1
13804,0
13805,0
13806,1
13807,1
13808,1
13809,2
13810,1
13811,0
13812,1
13813,1
13814,1
13815,0
13816,2
13817,0
13818,0
13819,1
13820,1
13821,1
13822,1
13823,1
13824,2
13825,0
13826,1
13827,1
13828,2
13829,2
13830,1
13831,1
13832,0
13833,2
13834,1
13835,1
13836,1
13837,1
13838,0
13839,1
13840,0
13841,0
13842,0
13843,1
13844,1
13845,0
13846,1
13847,1
13848,2
13849,1
13850,0
13851,0
13852,1
13853,0
13854,0
13855,2
13856,0
13857,1
13858,1
13859,0
13860,1
13861,1
13862,1
13863,0
13864,1
13865,0
13866,2
13867,0
13868,1
13869,1
13870,1
13871,1
13872,2
13873,1
13874,1
13875,1
13876,1
13877,1
13878,1
13879,1
13880,2
13881,1
13882,0
13883,1
13884,1
13885,1
13886,0
13887,2
13888,1
13889,1
13890,1
13891,2
13892,1
13893,0
13894,0
13895,0
13896,1
13897,1
13898,1
13899,1
13900,0
13901,1
13902,2
13903,0
13904,1
13905,1
13906,0
13907,0
13908,0
13909,0
13910,0
13911,1
13912,2
13913,1
13914,1
13915,1
13916,1
13917,1
13918,1
13919,1
13920,1
13921,0
13922,1
13923,1
13924,1
13925,0
13926,2
13927,2
13928,2
13929,2
13930,1
13931,1
13932,1
13933,0
13934,0
13935,2
13936,1
13937,0
13938,0
13939,0
13940,0
13941,0
13942,1
13943,0
13944,0
13945,1
13946,0
13947,0
13948,2
13949,0
13950,2
13951,1
13952,1
13953,1
13954,0
13955,2
13956,0
13957,0
13958,1
13959,1
13960,1
13961,0
13962,0
13963,1
13964,0
13965,0
13966,2
13967,0
13968,1
13969,0
13970,1
13971,1
13972,1
13973,0
13974,1
13975,1
13976,2
13977,0
13978,0
13979,1
13980,1
13981,2
13982,2
13983,0
13984,0
13985,0
13986,1
13987,1
13988,1
13989,1
13990,0
13991,0
13992,1
13993,1
13994,0
13995,0
13996,0
13997,0
13998,1
13999,0
14000,0
14001,0
14002,1
14003,1
14004,0
14005,0
14006,1
14007,1
14008,1
14009,1
14010,2
14011,1
14012,1
14013,0
14014,0
14015,2
14016,0
14017,2
14018,0
14019,0
14020,1
14021,1
14022,1
14023,1
14024,0
14025,0
14026,1
14027,0
14028,0
14029,1
14030,1
14031,2
14032,0
14033,2
14034,1
14035,0
14036,0
14037,1
14038,1
14039,1
14040,1
14041,1
14042,1
14043,1
14044,2
14045,0
14046,0
14047,0
14048,1
14049,0
14050,0
14051,1
14052,1
14053,0
14054,2
14055,1
14056,2
14057,1
14058,0
14059,1
14060,1
14061,0
14062,0
14063,2
14064,0
14065,0
14066,1
14067,1
14068,0
14069,0
14070,0
14071,1
14072,1
14073,2
14074,0
14075,0
14076,0
14077,0
14078,0
14079,1
14080,1
14081,1
14082,1
14083,0
14084,0
14085,0
14086,0
14087,1
14088,2
14089,1
14090,1
14091,0
14092,0
14093,1
14094,2
14095,1
14096,1
14097,1
14098,0
14099,1
14100,0
14101,0
14102,1
14103,0
14104,1
14105,0
14106,1
14107,2
14108,1
14109,0
14110,0
14111,1
14112,2
14113,1
14114,0
14115,0
14116,1
14117,0
14118,1
14119,1
14120,1
14121,1
14122,1
14123,1
14124,1
14125,0
14126,1
14127,1
14128,1
14129,1
14130,1
14131,0
14132,0
14133,1
14134,1
14135,1
14136,1
14137,1
14138,2
14139,1
14140,0
14141,2
14142,1
14143,1
14144,1
14145,1
14146,1
14147,1
14148,1
14149,1
14150,0
14151,1
14152,0
14153,1
14154,1
14155,0
14156,2
14157,0
14158,0
14159,1
14160,0
14161,1
14162,1
14163,0
14164,1
14165,1
14166,1
14167,1
14168,0
14169,0
14170,1
14171,1
14172,1
14173,1
14174,0
14175,0
14176,1
14177,0
14178,1
14179,1
14180,1
14181,1
14182,1
14183,1
14184,1
14185,1
14186,0
14187,2
14188,1
14189,0
14190,1
14191,2
14192,2
14193,1
14194,1
14195,0
14196,0
14197,1
14198,1
14199,0
14200,1
14201,1
14202,2
14203,2
14204,0
14205,0
14206,0
14207,0
14208,0
14209,2
14210,1
14211,0
14212,1
14213,1
14214,2
14215,2
14216,0
14217,0
14218,1
14219,2
14220,0
14221,0
14222,0
14223,2
14224,1
14225,0
14226,1
14227,0
14228,0
14229,0
14230,0
14231,0
14232,0
14233,1
14234,1
14235,1
14236,0
14237,1
14238,0
14239,1
14240,1
14241,1
14242,0
14243,1
14244,1
14245,1
14246,0
14247,1
14248,1
14249,0
14250,1
14251,0
14252,2
14253,0
14254,1
14255,0
14256,1
14257,0
14258,0
14259,1
14260,0
14261,0
14262,1
14263,0
14264,1
14265,2
14266,1
14267,0
14268,1
14269,1
14270,1
14271,0
14272,1
14273,2
14274,0
14275,1
14276,2
14277,1
14278,1
14279,0
14280,1
14281,2
14282,0
14283,0
14284,0
14285,1
14286,0
14287,1
14288,1
14289,1
14290,0
14291,0
14292,2
14293,0
14294,0
14295,1
14296,0
14297,2
14298,0
14299,1
14300,0
14301,1
14302,0
14303,1
14304,0
14305,0
14306,0
14307,0
14308,0
14309,1
14310,1
14311,1
14312,0
14313,2
14314,1
14315,1
14316,0
14317,1
14318,0
14319,1
14320,0
14321,2
14322,2
14323,1
14324,2
14325,1
14326,1
14327,1
14328,0
14329,1
14330,0
14331,1
14332,1
14333,1
14334,0
14335,0
14336,0
14337,2
14338,1
14339,1
14340,1
14341,0
14342,1
14343,0
14344,1
14345,1
14346,0
14347,2
14348,1
14349,2
14350,0
14351,0
14352,1
14353,0
14354,0
14355,1
14356,0
14357,1
14358,1
14359,0
14360,0
14361,0
14362,0
14363,0
14364,2
14365,0
14366,1
14367,0
14368,1
14369,0
14370,1
14371,1
14372,0
14373,0
14374,0
14375,0
14376,0
14377,0
14378,0
14379,0
14380,0
14381,1
14382,1
14383,1
14384,1
14385,0
14386,0
14387,0
14388,1
14389,1
14390,1
14391,1
14392,0
14393,1
14394,2
14395,2
14396,1
14397,1
14398,1
14399,0
14400,0
14401,0
14402,2
14403,2
14404,1
14405,1
14406,2
14407,0
14408,1
14409,2
14410,0
14411,1
14412,1
14413,1
14414,0
14415,0
14416,0
14417,1
14418,0
14419,1
14420,0
14421,0
14422,1
14423,1
14424,1
14425,1
14426,1
14427,0
14428,0
14429,0
14430,1
14431,2
14432,0
14433,0
14434,0
14435,0
14436,0
14437,1
14438,2
14439,1
14440,0
14441,1
14442,1
14443,1
14444,2
14445,1
14446,0
14447,0
14448,0
14449,1
14450,0
14451,0
14452,1
14453,0
14454,1
14455,1
14456,1
14457,1
14458,0
14459,0
14460,0
14461,1
14462,0
14463,1
14464,0
14465,0
14466,1
14467,0
14468,0
14469,1
14470,0
14471,1
14472,0
14473,0
14474,0
14475,0
14476,0
14477,1
14478,2
14479,1
14480,1
14481,1
14482,1
14483,0
14484,1
14485,2
14486,0
14487,0
14488,1
14489,1
14490,0
14491,1
14492,1
14493,2
14494,1
14495,0
14496,0
14497,0
14498,0
14499,0
14500,1
14501,0
14502,1
14503,0
14504,0
14505,0
14506,1
14507,1
14508,1
14509,1
14510,2
14511,1
14512,1
14513,0
14514,0
14515,0
14516,2
14517,0
14518,0
14519,0
14520,1
14521,0
14522,0
14523,1
14524,0
14525,0
14526,0
14527,0
14528,2
14529,1
14530,1
14531,1
14532,2
14533,1
14534,2
14535,1
14536,1
14537,0
14538,0
14539,1
14540,1
14541,0
14542,1
14543,2
14544,0
14545,0
14546,1
14547,2
14548,1
14549,1
14550,1
14551,1
14552,2
14553,1
14554,1
14555,1
14556,0
14557,0
14558,0
14559,2
14560,0
14561,1
14562,0
14563,0
14564,1
14565,1
14566,0
14567,0
14568,1
14569,0
14570,0
14571,1
14572,0
14573,0
14574,0
14575,1
14576,1
14577,1
14578,1
14579,0
14580,0
14581,1
14582,2
14583,1
14584,1
14585,0
14586,1
14587,1
14588,1
14589,1
14590,0
14591,0
14592,1
14593,1
14594,0
14595,1
14596,1
14597,1
14598,1
14599,1
14600,2
14601,1
14602,0
14603,0
14604,0
14605,0
14606,0
14607,1
14608,2
14609,1
14610,0
14611,1
14612,1
14613,2
14614,0
14615,2
14616,0
14617,0
14618,0
14619,1
14620,1
14621,0
14622,1
14623,0
14624,0
14625,1
14626,1
14627,2
14628,1
14629,1
14630,2
14631,2
14632,0
14633,1
14634,1
14635,2
14636,1
14637,2
14638,1
14639,2
14640,1
14641,1
14642,1
14643,1
14644,1
14645,0
14646,1
14647,0
14648,0
14649,0
14650,0
14651,1
14652,2
14653,0
14654,0
14655,1
14656,1
14657,1
14658,0
14659,0
14660,1
14661,1
14662,0
14663,2
14664,1
14665,1
14666,0
14667,1
14668,1
14669,0
14670,2
14671,1
14672,0
14673,1
14674,0
14675,2
14676,1
14677,0
14678,0
14679,0
14680,0
14681,0
14682,1
14683,0
14684,0
14685,1
14686,1
14687,0
14688,0
14689,1
14690,1
14691,1
14692,0
14693,0
14694,0
14695,1
14696,1
14697,0
14698,1
14699,1
14700,0
14701,1
14702,0
14703,2
14704,2
14705,0
14706,0
14707,0
14708,1
14709,1
14710,1
14711,1
14712,1
14713,1
14714,1
14715,1
14716,1
14717,2
14718,0
14719,0
14720,2
14721,0
14722,0
14723,2
14724,0
14725,1
14726,0
14727,0
14728,1
14729,0
14730,1
14731,2
14732,1
14733,1
14734,1
14735,1
14736,0
14737,1
14738,0
14739,0
14740,0
14741,2
14742,1
14743,2
14744,0
14745,2
14746,0
14747,0
14748,1
14749,1
14750,0
14751,2
14752,0
14753,1
14754,0
14755,1
14756,0
14757,0
14758,1
14759,0
14760,0
14761,0
14762,0
14763,0
14764,0
14765,0
14766,1
14767,0
14768,1
14769,1
14770,1
14771,0
14772,0
14773,1
14774,1
14775,1
14776,1
14777,1
14778,0
14779,0
14780,1
14781,1
14782,0
14783,2
14784,0
14785,0
14786,1
14787,0
14788,1
14789,1
14790,0
14791,1
14792,1
14793,1
14794,1
14795,1
14796,0
14797,0
14798,2
14799,1
14800,1
14801,2
14802,2
14803,0
14804,0
14805,1
14806,0
14807,1
14808,1
14809,1
14810,0
14811,2
14812,0
14813,2
14814,1
14815,1
14816,2
14817,0
14818,1
14819,1
14820,0
14821,0
14822,0
14823,1
14824,0
14825,1
14826,0
14827,1
14828,1
14829,1
14830,0
14831,0
14832,1
14833,1
14834,1
14835,0
14836,1
14837,1
14838,0
14839,0
14840,1
14841,0
14842,1
14843,0
14844,0
14845,1
14846,0
14847,0
14848,1
14849,1
14850,0
14851,0
14852,0
14853,1
14854,2
14855,1
14856,1
14857,0
14858,1
14859,0
14860,1
14861,1
14862,1
14863,2
14864,1
14865,0
14866,1
14867,0
14868,1
14869,1
14870,2
14871,0
14872,0
14873,0
14874,2
14875,0
14876,0
14877,1
14878,1
14879,0
14880,1
14881,1
14882,1
14883,0
14884,2
14885,1
14886,1
14887,0
14888,2
14889,1
14890,2
14891,1
14892,0
14893,1
14894,0
14895,0
14896,0
14897,2
14898,1
14899,0
14900,2
14901,0
14902,0
14903,0
14904,2
14905,2
14906,1
14907,1
14908,0
14909,1
14910,1
14911,0
14912,0
14913,1
14914,0
14915,0
14916,0
14917,1
14918,1
14919,1
14920,0
14921,0
14922,0
14923,1
14924,1
14925,0
14926,1
14927,0
14928,2
14929,2
14930,1
14931,1
14932,2
14933,1
14934,1
14935,1
14936,1
14937,1
14938,1
14939,0
14940,0
14941,0
14942,0
14943,0
14944,0
14945,1
14946,0
14947,1
14948,2
14949,0
14950,0
14951,2
14952,1
14953,0
14954,0
14955,2
14956,0
14957,0
14958,0
14959,0
14960,1
14961,0
14962,1
14963,1
14964,0
14965,0
14966,1
14967,0
14968,0
14969,0
14970,0
14971,0
14972,1
14973,1
14974,0
14975,0
14976,1
14977,0
14978,1
14979,0
14980,0
14981,1
14982,0
14983,1
14984,1
14985,0
14986,0
14987,0
14988,2
14989,0
14990,0
14991,0
14992,0
14993,1
14994,1
14995,1
14996,0
14997,1
14998,0
14999,0
15000,1
15001,0
15002,0
15003,0
15004,0
15005,1
15006,2
15007,1
15008,0
15009,1
15010,1
15011,0
15012,1
15013,0
15014,0
15015,1
15016,1
15017,1
15018,0
15019,1
15020,0
15021,1
15022,1
15023,0
15024,0
15025,2
15026,0
15027,0
15028,0
15029,1
15030,1
15031,1
15032,1
15033,2
15034,1
15035,2
15036,0
15037,2
15038,0
15039,1
15040,1
15041,0
15042,1
15043,0
15044,1
15045,1
15046,0
15047,2
15048,2
15049,1
15050,1
15051,0
15052,0
15053,0
15054,1
15055,1
15056,0
15057,1
15058,0
15059,0
15060,0
15061,0
15062,0
15063,0
15064,2
15065,1
15066,1
15067,0
15068,2
15069,0
15070,0
15071,1
15072,1
15073,1
15074,0
15075,1
15076,0
15077,0
15078,2
15079,0
15080,1
15081,0
15082,0
15083,0
15084,1
15085,0
15086,1
15087,1
15088,0
15089,0
15090,0
15091,0
15092,0
15093,0
15094,0
15095,0
15096,0
15097,0
15098,0
15099,0
15100,0
15101,1
15102,0
15103,1
15104,0
15105,1
15106,2
15107,2
15108,0
15109,1
15110,1
15111,2
15112,1
15113,1
15114,0
15115,1
15116,0
15117,2
15118,0
15119,1
15120,0
15121,0
15122,1
15123,0
15124,1
15125,0
15126,0
15127,1
15128,0
15129,2
15130,2
15131,2
15132,0
15133,0
15134,1
15135,2
15136,0
15137,1
15138,0
15139,0
15140,1
15141,0
15142,1
15143,2
15144,1
15145,0
15146,1
15147,1
15148,1
15149,0
15150,0
15151,1
15152,0
15153,0
15154,1
15155,1
15156,0
15157,0
15158,0
15159,0
15160,0
15161,1
15162,0
15163,1
15164,0
15165,1
15166,1
15167,0
15168,0
15169,1
15170,0
15171,1
15172,1
15173,0
15174,0
15175,1
15176,1
15177,0
15178,0
15179,1
15180,0
15181,1
15182,2
15183,2
15184,2
15185,0
15186,2
15187,0
15188,1
15189,2
15190,0
15191,0
15192,0
15193,0
15194,0
15195,0
15196,1
15197,0
15198,1
15199,1
15200,0
15201,2
15202,0
15203,0
15204,2
15205,0
15206,1
15207,2
15208,2
15209,0
15210,1
15211,1
15212,1
15213,0
15214,1
15215,2
15216,0
15217,1
15218,0
15219,1
15220,0
15221,2
15222,2
15223,1
15224,0
15225,0
15226,0
15227,1
15228,0
15229,0
15230,0
15231,0
15232,1
15233,0
15234,0
15235,1
15236,0
15237,2
15238,1
15239,1
15240,1
15241,1
15242,1
15243,1
15244,1
15245,0
15246,0
15247,0
15248,0
15249,1
15250,0
15251,0
15252,1
15253,1
15254,0
15255,1
15256,0
15257,0
15258,0
15259,2
15260,0
15261,0
15262,1
15263,1
15264,1
15265,0
15266,0
15267,2
15268,0
15269,0
15270,1
15271,1
15272,1
15273,0
15274,1
15275,0
15276,1
15277,0
15278,0
15279,1
15280,0
15281,0
15282,0
15283,2
15284,2
15285,0
15286,1
15287,2
15288,0
15289,0
15290,0
15291,1
15292,0
15293,0
15294,0
15295,1
15296,2
15297,0
15298,1
15299,1
15300,1
15301,1
15302,0
15303,1
15304,2
15305,1
15306,0
15307,1
15308,0
15309,0
15310,2
15311,0
15312,0
15313,1
15314,0
15315,1
15316,0
15317,1
15318,0
15319,2
15320,2
15321,1
15322,1
15323,1
15324,0
15325,1
15326,1
15327,1
15328,1
15329,0
15330,1
15331,0
15332,0
15333,0
15334,1
15335,0
15336,0
15337,1
15338,1
15339,0
15340,0
15341,2
15342,0
15343,1
15344,1
15345,1
15346,1
15347,2
15348,0
15349,0
15350,0
15351,0
15352,1
15353,2
15354,0
15355,0
15356,1
15357,0
15358,1
15359,1
15360,1
15361,1
15362,1
15363,1
15364,1
15365,1
15366,1
15367,1
15368,2
15369,1
15370,0
15371,0
15372,2
15373,1
15374,1
15375,0
15376,1
15377,0
15378,1
15379,1
15380,1
15381,1
15382,0
15383,2
15384,1
15385,2
15386,0
15387,1
15388,1
15389,2
15390,1
15391,0
15392,0
15393,1
15394,0
15395,2
15396,0
15397,2
15398,2
15399,1
15400,2
15401,0
15402,1
15403,0
15404,1
15405,0
15406,1
15407,0
15408,0
15409,1
15410,1
15411,1
15412,0
15413,0
15414,0
15415,1
15416,1
15417,0
15418,0
15419,0
15420,0
15421,2
15422,0
15423,0
15424,0
15425,1
15426,2
15427,2
15428,0
15429,1
15430,1
15431,0
15432,1
15433,2
15434,0
15435,0
15436,1
15437,2
15438,0
15439,1
15440,0
15441,1
15442,1
15443,1
15444,0
15445,1
15446,0
15447,1
15448,1
15449,1
15450,0
15451,1
15452,0
15453,0
15454,2
15455,1
15456,1
15457,1
15458,0
15459,1
15460,1
15461,0
15462,0
15463,0
15464,1
15465,0
15466,1
15467,0
15468,1
15469,1
15470,0
15471,0
15472,0
15473,0
15474,0
15475,1
15476,0
15477,0
15478,1
15479,0
15480,1
15481,0
15482,0
15483,0
15484,0
15485,0
15486,0
15487,1
15488,0
15489,0
15490,0
15491,2
15492,1
15493,1
15494,0
15495,1
15496,1
15497,0
15498,0
15499,1
15500,2
15501,1
15502,0
15503,0
15504,0
15505,0
15506,1
15507,0
15508,1
15509,0
15510,0
15511,0
15512,0
15513,1
15514,0
15515,2
15516,0
15517,0
15518,0
15519,0
15520,0
15521,1
15522,1
15523,1
15524,0
15525,1
15526,2
15527,0
15528,1
15529,0
15530,2
15531,0
15532,1
15533,0
15534,0
15535,0
15536,0
15537,1
15538,0
15539,2
15540,1
15541,1
15542,0
15543,0
15544,1
15545,0
15546,1
15547,1
15548,1
15549,1
15550,1
15551,0
15552,1
15553,1
15554,2
15555,1
15556,0
15557,0
15558,0
15559,1
15560,0
15561,1
15562,0
15563,0
15564,1
15565,0
15566,0
15567,0
15568,0
15569,0
15570,0
15571,1
15572,0
15573,1
15574,0
15575,0
15576,1
15577,0
15578,0
15579,1
15580,1
15581,2
15582,1
15583,0
15584,0
15585,1
15586,1
15587,1
15588,1
15589,0
15590,0
15591,1
15592,1
15593,1
15594,0
15595,1
15596,0
15597,2
15598,1
15599,0
15600,1
15601,0
15602,0
15603,1
15604,0
15605,0
15606,0
15607,1
15608,1
15609,1
15610,0
15611,0
15612,0
15613,0
15614,0
15615,1
15616,2
15617,1
15618,2
15619,1
15620,0
15621,1
15622,0
15623,1
15624,0
15625,1
15626,0
15627,0
15628,0
15629,1
15630,1
15631,0
15632,0
15633,0
15634,1
15635,1
15636,1
15637,1
15638,0
15639,0
15640,1
15641,1
15642,1
15643,1
15644,1
15645,2
15646,0
15647,1
15648,2
15649,1
15650,0
15651,0
15652,0
15653,1
15654,0
15655,0
15656,0
15657,0
15658,1
15659,0
15660,1
15661,0
15662,1
15663,1
15664,1
15665,0
15666,0
15667,1
15668,0
15669,1
15670,1
15671,2
15672,1
15673,1
15674,1
15675,1
15676,0
15677,1
15678,1
15679,0
15680,0
15681,2
15682,0
15683,0
15684,1
15685,0
15686,0
15687,0
15688,1
15689,0
15690,0
15691,2
15692,0
15693,1
15694,1
15695,0
15696,1
15697,1
15698,0
15699,1
15700,0
15701,1
15702,1
15703,0
15704,1
15705,1
15706,0
15707,1
15708,1
15709,2
15710,0
15711,1
15712,1
15713,0
15714,1
15715,0
15716,0
15717,1
15718,0
15719,1
15720,1
15721,0
15722,2
15723,0
15724,0
15725,0
15726,0
15727,0
15728,1
15729,1
15730,0
15731,1
15732,0
15733,0
15734,1
15735,0
15736,1
15737,0
15738,1
15739,1
15740,1
15741,1
15742,1
15743,0
15744,1
15745,0
15746,0
15747,1
15748,0
15749,2
15750,0
15751,1
15752,0
15753,0
15754,1
15755,1
15756,2
15757,1
15758,1
15759,1
15760,1
15761,2
15762,0
15763,1
15764,0
15765,0
15766,0
15767,2
15768,1
15769,0
15770,0
15771,0
15772,0
15773,1
15774,2
15775,1
15776,2
15777,1
15778,0
15779,1
15780,2
15781,0
15782,0
15783,1
15784,0
15785,2
15786,1
15787,0
15788,0
15789,1
15790,2
15791,1
15792,0
15793,1
15794,1
15795,0
15796,0
15797,1
15798,0
15799,0
15800,0
15801,1
15802,0
15803,2
15804,1
15805,0
15806,0
15807,2
15808,2
15809,1
15810,0
15811,1
15812,0
15813,0
15814,1
15815,0
15816,1
15817,0
15818,0
15819,0
15820,0
15821,0
15822,0
15823,1
15824,0
15825,1
15826,2
15827,1
15828,1
15829,0
15830,0
15831,0
15832,0
15833,0
15834,2
15835,1
15836,1
15837,1
15838,0
15839,2
15840,0
15841,1
15842,0
15843,0
15844,1
15845,0
15846,0
15847,1
15848,0
15849,0
15850,0
15851,0
15852,0
15853,0
15854,0
15855,0
15856,0
15857,0
15858,2
15859,1
15860,1
15861,2
15862,1
15863,2
15864,1
15865,1
15866,0
15867,0
15868,1
15869,0
15870,1
15871,0
15872,0
15873,0
15874,0
15875,0
15876,1
15877,1
15878,0
15879,0
15880,1
15881,1
15882,1
15883,0
15884,0
15885,1
15886,0
15887,1
15888,1
15889,1
15890,1
15891,0
15892,0
15893,0
15894,1
15895,0
15896,1
15897,1
15898,0
15899,0
15900,0
15901,2
15902,0
15903,0
15904,1
15905,1
15906,1
15907,2
15908,0
15909,1
15910,1
15911,1
15912,0
15913,0
15914,0
15915,0
15916,0
15917,0
15918,1
15919,0
15920,0
15921,0
15922,0
15923,0
15924,0
15925,0
15926,1
15927,0
15928,1
15929,1
15930,1
15931,2
15932,0
15933,0
15934,1
15935,0
15936,1
15937,0
15938,0
15939,0
15940,1
15941,1
15942,0
15943,1
15944,1
15945,2
15946,0
15947,0
15948,0
15949,1
15950,1
15951,0
15952,0
15953,1
15954,1
15955,0
15956,1
15957,1
15958,2
15959,0
15960,0
15961,2
15962,2
15963,0
15964,0
15965,0
15966,0
15967,0
15968,1
15969,2
15970,0
15971,0
15972,1
15973,2
15974,1
15975,2
15976,1
15977,0
15978,0
15979,0
15980,1
15981,0
15982,1
15983,1
15984,0
15985,0
15986,0
15987,2
15988,0
15989,1
15990,2
15991,1
15992,1
15993,1
15994,2
15995,1
15996,0
15997,0
15998,1
15999,0
16000,2
16001,0
16002,1
16003,1
16004,1
16005,1
16006,1
16007,1
16008,0
16009,0
16010,1
16011,0
16012,1
16013,2
16014,0
16015,1
16016,1
16017,0
16018,0
16019,1
16020,1
16021,0
16022,1
16023,1
16024,1
16025,1
16026,0
16027,2
16028,0
16029,1
16030,0
16031,0
16032,0
16033,1
16034,0
16035,1
16036,0
16037,1
16038,1
16039,1
16040,1
16041,2
16042,2
16043,2
16044,0
16045,1
16046,2
16047,1
16048,0
16049,0
16050,0
16051,0
16052,0
16053,1
16054,1
16055,0
16056,1
16057,0
16058,1
16059,0
16060,2
16061,0
16062,0
16063,1
16064,1
16065,1
16066,0
16067,0
16068,0
16069,1
16070,0
16071,1
16072,1
16073,1
16074,1
16075,0
16076,2
16077,1
16078,1
16079,1
16080,0
16081,0
16082,0
16083,0
16084,1
16085,0
16086,0
16087,1
16088,0
16089,0
16090,0
16091,0
16092,0
16093,0
16094,2
16095,0
16096,0
16097,0
16098,1
16099,1
16100,0
16101,0
16102,2
16103,0
16104,1
16105,1
16106,0
16107,0
16108,1
16109,0
16110,0
16111,1
16112,0
16113,0
16114,0
16115,0
16116,0
16117,0
16118,0
16119,2
16120,1
16121,0
16122,0
16123,1
16124,0
16125,1
16126,1
16127,0
16128,1
16129,1
16130,0
16131,2
16132,0
16133,0
16134,1
16135,0
16136,1
16137,0
16138,0
16139,0
16140,1
16141,0
16142,1
16143,1
16144,0
16145,1
16146,0
16147,0
16148,1
16149,1
16150,1
16151,1
16152,1
16153,0
16154,0
16155,0
16156,0
16157,0
16158,1
16159,1
16160,0
16161,0
16162,0
16163,1
16164,2
16165,0
16166,0
16167,1
16168,0
16169,1
16170,1
16171,0
16172,1
16173,2
16174,0
16175,0
16176,1
16177,1
16178,1
16179,0
16180,0
16181,1
16182,1
16183,1
16184,0
16185,0
16186,1
16187,0
16188,1
16189,0
16190,0
16191,1
16192,0
16193,1
16194,0
16195,0
16196,0
16197,1
16198,1
16199,1
16200,1
16201,1
16202,1
16203,1
16204,2
16205,0
16206,1
16207,1
16208,1
16209,0
16210,1
16211,2
16212,0
16213,0
16214,2
16215,0
16216,0
16217,2
16218,1
16219,0
16220,1
16221,0
16222,1
16223,1
16224,1
16225,1
16226,0
16227,0
16228,0
16229,1
16230,1
16231,0
16232,0
16233,1
16234,1
16235,0
16236,0
16237,1
16238,1
16239,0
16240,0
16241,0
16242,0
16243,2
16244,1
16245,0
16246,0
16247,0
16248,1
16249,0
16250,1
16251,0
16252,0
16253,1
16254,1
16255,0
16256,0
16257,0
16258,0
16259,2
16260,1
16261,1
16262,0
16263,1
16264,0
16265,0
16266,0
16267,0
16268,0
16269,0
16270,0
16271,1
16272,0
16273,0
16274,1
16275,2
16276,0
16277,1
16278,1
16279,1
16280,2
16281,0
16282,0
16283,1
16284,0
16285,0
16286,1
16287,0
16288,0
16289,1
16290,0
16291,1
16292,2
16293,1
16294,1
16295,1
16296,1
16297,0
16298,1
16299,0
16300,0
16301,1
16302,0
16303,0
16304,2
16305,0
16306,1
16307,1
16308,2
16309,0
16310,0
16311,2
16312,1
16313,1
16314,0
16315,0
16316,1
16317,1
16318,0
16319,0
16320,1
16321,1
16322,1
16323,1
16324,0
16325,1
16326,1
16327,2
16328,1
16329,1
16330,2
16331,0
16332,1
16333,1
16334,0
16335,1
16336,0
16337,1
16338,1
16339,0
16340,0
16341,1
16342,0
16343,0
16344,1
16345,1
16346,1
16347,2
16348,0
16349,1
16350,0
16351,0
16352,0
16353,1
16354,0
16355,1
16356,0
16357,0
16358,1
16359,0
16360,1
16361,0
16362,1
16363,0
16364,1
16365,1
16366,0
16367,0
16368,1
16369,0
16370,2
16371,0
16372,0
16373,1
16374,1
16375,1
16376,1
16377,0
16378,1
16379,1
16380,0
16381,0
16382,2
16383,0
16384,0
16385,1
16386,0
16387,0
16388,1
16389,0
16390,0
16391,0
16392,1
16393,1
16394,1
16395,1
16396,1
16397,0
16398,1
16399,1
16400,1
16401,1
16402,1
16403,0
16404,1
16405,1
16406,1
16407,1
16408,0
16409,0
16410,0
16411,0
16412,0
16413,0
16414,2
16415,1
16416,1
16417,0
16418,1
16419,1
16420,0
16421,0
16422,0
16423,1
16424,1
16425,0
16426,0
16427,0
16428,0
16429,0
16430,0
16431,0
16432,0
16433,0
16434,0
16435,0
16436,1
16437,2
16438,0
16439,1
16440,1
16441,0
16442,1
16443,0
16444,1
16445,0
16446,1
16447,0
16448,0
16449,0
16450,0
16451,0
16452,0
16453,0
16454,1
16455,0
16456,0
16457,0
16458,2
16459,0
16460,0
16461,0
16462,0
16463,0
16464,0
16465,0
16466,2
16467,2
16468,0
16469,1
16470,2
16471,0
16472,1
16473,1
16474,0
16475,0
16476,2
16477,1
16478,0
16479,1
16480,1
16481,0
16482,2
16483,1
16484,2
16485,0
16486,0
16487,0
16488,0
16489,1
16490,0
16491,1
16492,0
16493,0
16494,0
16495,0
16496,1
16497,0
16498,0
16499,0
16500,0
16501,0
16502,0
16503,1
16504,0
16505,1
16506,2
16507,1
16508,0
16509,0
16510,1
16511,0
16512,0
16513,0
16514,1
16515,1
16516,1
16517,0
16518,1
16519,0
16520,0
16521,0
16522,0
16523,1
16524,0
16525,1
16526,0
16527,1
16528,0
16529,2
16530,1
16531,1
16532,0
16533,0
16534,0
16535,1
16536,0
16537,1
16538,1
16539,0
16540,2
16541,0
16542,2
16543,0
16544,0
16545,0
16546,2
16547,1
16548,0
16549,1
16550,1
16551,2
16552,0
16553,1
16554,0
16555,0
16556,0
16557,0
16558,0
16559,0
16560,2
16561,2
16562,0
16563,1
16564,0
16565,0
16566,2
16567,0
16568,1
16569,1
16570,0
16571,1
16572,2
16573,1
16574,1
16575,0
16576,1
16577,1
16578,1
16579,1
16580,1
16581,0
16582,0
16583,0
16584,1
16585,2
16586,0
16587,0
16588,0
16589,0
16590,1
16591,0
16592,2
16593,1
16594,0
16595,2
16596,0
16597,0
16598,0
16599,1
16600,0
16601,2
16602,1
16603,1
16604,2
16605,0
16606,0
16607,0
16608,0
16609,0
16610,0
16611,1
16612,1
16613,0
16614,1
16615,1
16616,2
16617,0
16618,1
16619,1
16620,1
16621,1
16622,0
16623,0
16624,0
16625,1
16626,1
16627,0
16628,2
16629,0
16630,0
16631,0
16632,1
16633,0
16634,0
16635,0
16636,1
16637,1
16638,0
16639,1
16640,0
16641,1
16642,0
16643,0
16644,1
16645,1
16646,0
16647,1
16648,1
16649,1
16650,1
16651,1
16652,1
16653,1
16654,1
16655,1
16656,1
16657,0
16658,1
16659,1
16660,1
16661,1
16662,1
16663,0
16664,0
16665,1
16666,0
16667,1
16668,0
16669,0
16670,0
16671,1
16672,0
16673,1
16674,1
16675,0
16676,0
16677,1
16678,0
16679,0
16680,0
16681,0
16682,1
16683,0
16684,0
16685,0
16686,2
16687,1
16688,1
16689,0
16690,0
16691,1
16692,1
16693,0
16694,1
16695,0
16696,1
16697,0
16698,1
16699,0
16700,1
16701,0
16702,1
16703,1
16704,1
16705,0
16706,0
16707,1
16708,1
16709,0
16710,1
16711,1
16712,0
16713,1
16714,1
16715,1
16716,1
16717,0
16718,0
16719,2
16720,0
16721,1
16722,1
16723,0
16724,0
16725,1
16726,1
16727,1
16728,0
16729,1
16730,1
16731,1
16732,1
16733,2
16734,1
16735,0
16736,1
16737,1
16738,1
16739,1
16740,2
16741,2
16742,0
16743,0
16744,1
16745,1
16746,0
16747,0
16748,1
16749,0
16750,1
16751,1
16752,0
16753,1
16754,1
16755,1
16756,1
16757,1
16758,1
16759,0
16760,1
16761,1
16762,0
16763,0
16764,0
16765,0
16766,0
16767,2
16768,1
16769,2
16770,1
16771,1
16772,1
16773,1
16774,1
16775,1
16776,1
16777,0
16778,0
16779,0
16780,0
16781,0
16782,2
16783,0
16784,0
16785,1
16786,1
16787,0
16788,1
16789,0
16790,0
16791,1
16792,0
16793,0
16794,0
16795,2
16796,2
16797,0
16798,2
16799,0
16800,0
16801,0
16802,0
16803,1
16804,0
16805,0
16806,0
16807,1
16808,2
16809,0
16810,1
16811,0
16812,0
16813,0
16814,2
16815,1
16816,1
16817,1
16818,0
16819,1
16820,1
16821,0
16822,2
16823,0
16824,1
16825,0
16826,2
16827,0
16828,1
16829,1
16830,1
16831,1
16832,0
16833,0
16834,1
16835,1
16836,0
16837,0
16838,0
16839,0
16840,0
16841,0
16842,2
16843,1
16844,1
16845,2
16846,1
16847,1
16848,1
16849,0
16850,1
16851,0
16852,0
16853,1
16854,0
16855,0
16856,1
16857,0
16858,0
16859,1
16860,0
16861,0
16862,1
16863,0
16864,1
16865,1
16866,0
16867,0
16868,0
16869,1
16870,0
16871,0
16872,2
16873,0
16874,1
16875,1
16876,2
16877,1
16878,0
16879,1
16880,1
16881,0
16882,2
16883,1
16884,1
16885,1
16886,0
16887,0
16888,1
16889,1
16890,0
16891,0
16892,0
16893,0
16894,0
16895,0
16896,0
16897,0
16898,1
16899,0
16900,0
16901,1
16902,0
16903,2
16904,1
16905,1
16906,1
16907,1
16908,0
16909,1
16910,0
16911,1
16912,0
16913,0
16914,0
16915,0
16916,0
16917,0
16918,0
16919,0
16920,0
16921,1
16922,0
16923,0
16924,0
16925,2
16926,0
16927,0
16928,0
16929,2
16930,0
16931,0
16932,2
16933,1
16934,0
16935,0
16936,1
16937,1
16938,1
16939,2
16940,1
16941,1
16942,0
16943,2
16944,0
16945,0
16946,1
16947,0
16948,1
16949,0
16950,1
16951,0
16952,0
16953,1
16954,2
16955,1
16956,2
16957,1
16958,0
16959,1
16960,1
16961,0
16962,2
16963,0
16964,1
16965,0
16966,1
16967,1
16968,2
16969,2
16970,2
16971,0
16972,1
16973,2
16974,0
16975,0
16976,1
16977,0
16978,0
16979,0
16980,0
16981,1
16982,0
16983,0
16984,0
16985,1
16986,1
16987,1
16988,0
16989,1
16990,0
16991,0
16992,0
16993,0
16994,1
16995,0
16996,1
16997,0
16998,1
16999,0
17000,0
17001,0
17002,0
17003,0
17004,0
17005,0
17006,0
17007,1
17008,0
17009,0
17010,0
17011,2
17012,0
17013,1
17014,1
17015,1
17016,0
17017,0
17018,0
17019,0
17020,0
17021,2
17022,1
17023,0
17024,1
17025,0
17026,1
17027,0
17028,1
17029,2
17030,0
17031,0
17032,0
17033,0
17034,0
17035,0
17036,2
17037,0
17038,2
17039,1
17040,0
17041,0
17042,0
17043,0
17044,0
17045,1
17046,1
17047,0
17048,1
17049,0
17050,2
17051,0
17052,0
17053,1
17054,0
17055,1
17056,0
17057,1
17058,1
17059,2
17060,1
17061,1
17062,0
17063,0
17064,1
17065,0
17066,0
17067,1
17068,1
17069,1
17070,0
17071,1
17072,0
17073,0
17074,1
17075,0
17076,0
17077,1
17078,1
17079,0
17080,0
17081,0
17082,1
17083,0
17084,1
17085,1
17086,1
17087,0
17088,1
17089,1
17090,2
17091,1
17092,0
17093,0
17094,1
17095,2
17096,1
17097,2
17098,1
17099,0
17100,0
17101,0
17102,0
17103,0
17104,0
17105,2
17106,1
17107,1
17108,0
17109,0
17110,1
17111,1
17112,0
17113,0
17114,0
17115,1
17116,0
17117,1
17118,1
17119,1
17120,0
17121,1
17122,0
17123,0
17124,0
17125,0
17126,0
17127,1
17128,0
17129,2
17130,0
17131,0
17132,0
17133,1
17134,1
17135,0
17136,0
17137,1
17138,0
17139,2
17140,1
17141,2
17142,0
17143,1
17144,1
17145,2
17146,1
17147,1
17148,1
17149,0
17150,0
17151,1
17152,1
17153,1
17154,1
17155,1
17156,1
17157,1
17158,0
17159,0
17160,1
17161,1
17162,1
17163,0
17164,1
17165,1
17166,1
17167,1
17168,1
17169,1
17170,1
17171,1
17172,0
17173,1
17174,0
17175,1
17176,1
17177,1
17178,0
17179,2
17180,1
17181,1
17182,0
17183,0
17184,0
17185,0
17186,0
17187,1
17188,2
17189,0
17190,1
17191,0
17192,1
17193,1
17194,0
17195,0
17196,1
17197,0
17198,1
17199,0
17200,2
17201,1
17202,1
17203,0
17204,0
17205,0
17206,0
17207,0
17208,2
17209,1
17210,0
17211,1
17212,2
17213,1
17214,0
17215,1
17216,1
17217,1
17218,1
17219,2
17220,1
17221,1
17222,0
17223,1
17224,0
17225,1
17226,0
17227,2
17228,1
17229,2
17230,1
17231,2
17232,0
17233,2
17234,0
17235,0
17236,0
17237,1
17238,1
17239,1
17240,1
17241,1
17242,0
17243,0
17244,0
17245,0
17246,1
17247,2
17248,0
17249,1
17250,0
17251,2
17252,1
17253,1
17254,0
17255,0
17256,0
17257,2
17258,0
17259,1
17260,1
17261,0
17262,1
17263,1
17264,2
17265,0
17266,1
17267,1
17268,1
17269,1
17270,0
17271,1
17272,1
17273,1
17274,1
17275,1
17276,1
17277,0
17278,2
17279,0
17280,0
17281,1
17282,1
17283,0
17284,0
17285,0
17286,0
17287,0
17288,1
17289,1
17290,1
17291,1
17292,1
17293,2
17294,0
17295,1
17296,0
17297,0
17298,0
17299,0
17300,1
17301,0
17302,1
17303,1
17304,0
17305,1
17306,0
17307,1
17308,0
17309,0
17310,0
17311,0
17312,0
17313,1
17314,1
17315,1
17316,0
17317,0
17318,1
17319,1
17320,2
17321,2
17322,1
17323,0
17324,1
17325,0
17326,0
17327,1
17328,0
17329,0
17330,2
17331,0
17332,1
17333,2
17334,1
17335,0
17336,0
17337,0
17338,0
17339,1
17340,0
17341,0
17342,0
17343,0
17344,0
17345,0
17346,1
17347,0
17348,0
17349,1
17350,2
17351,0
17352,0
17353,0
17354,0
17355,1
17356,0
17357,0
17358,1
17359,0
17360,2
17361,0
17362,0
17363,1
17364,0
17365,1
17366,0
17367,1
17368,0
17369,0
17370,1
17371,0
17372,0
17373,1
17374,0
17375,1
17376,1
17377,1
17378,1
17379,0
17380,1
17381,1
17382,1
17383,0
17384,2
17385,1
17386,1
17387,1
17388,1
17389,0
17390,1
17391,0
17392,1
17393,0
17394,1
17395,0
17396,0
17397,0
17398,2
17399,0
17400,0
17401,1
17402,0
17403,1
17404,1
17405,2
17406,0
17407,1
17408,0
17409,1
17410,0
17411,0
17412,0
17413,1
17414,0
17415,1
17416,1
17417,0
17418,0
17419,1
17420,1
17421,1
17422,1
17423,1
17424,1
17425,0
17426,1
17427,1
17428,0
17429,1
17430,1
17431,1
17432,1
17433,0
17434,0
17435,0
17436,0
17437,0
17438,1
17439,0
17440,1
17441,0
17442,1
17443,0
17444,1
17445,0
17446,0
17447,1
17448,1
17449,2
17450,1
17451,1
17452,1
17453,1
17454,2
17455,0
17456,1
17457,0
17458,0
17459,1
17460,1
17461,1
17462,0
17463,0
17464,0
17465,1
17466,0
17467,1
17468,0
17469,0
17470,1
17471,1
17472,1
17473,0
17474,1
17475,1
17476,0
17477,1
17478,1
17479,2
17480,1
17481,0
17482,0
17483,0
17484,1
17485,1
17486,1
17487,0
17488,0
17489,1
17490,0
17491,0
17492,0
17493,1
17494,0
17495,1
17496,1
17497,0
17498,0
17499,0
17500,1
17501,1
17502,0
17503,0
17504,1
17505,0
17506,0
17507,1
17508,2
17509,2
17510,1
17511,0
17512,1
17513,2
17514,1
17515,1
17516,0
17517,0
17518,0
17519,2
17520,0
17521,1
17522,1
17523,0
17524,0
17525,1
17526,0
17527,2
17528,0
17529,1
17530,0
17531,1
17532,0
17533,1
17534,0
17535,1
17536,0
17537,1
17538,1
17539,1
17540,1
17541,0
17542,0
17543,0
17544,1
17545,1
17546,0
17547,0
17548,0
17549,0
17550,0
17551,0
17552,2
17553,1
17554,0
17555,0
17556,0
17557,0
17558,1
17559,0
17560,1
17561,1
17562,2
17563,1
17564,1
17565,0
17566,1
17567,2
17568,0
17569,0
17570,1
17571,0
17572,1
17573,0
17574,0
17575,0
17576,0
17577,0
17578,1
17579,1
17580,1
17581,0
17582,1
17583,2
17584,1
17585,0
17586,0
17587,1
17588,0
17589,0
17590,2
17591,0
17592,1
17593,2
17594,2
17595,2
17596,0
17597,1
17598,0
17599,0
17600,0
17601,0
17602,1
17603,1
17604,1
17605,0
17606,0
17607,0
17608,0
17609,1
17610,1
17611,0
17612,1
17613,1
17614,0
17615,0
17616,0
17617,0
17618,1
17619,2
17620,1
17621,1
17622,0
17623,2
17624,1
17625,0
17626,0
17627,0
17628,2
17629,1
17630,1
17631,0
17632,2
17633,1
17634,0
17635,2
17636,0
17637,1
17638,0
17639,1
17640,2
17641,1
17642,0
17643,0
17644,0
17645,0
17646,0
17647,0
17648,1
17649,0
17650,0
17651,0
17652,1
17653,1
17654,1
17655,0
17656,2
17657,0
17658,1
17659,0
17660,0
17661,1
17662,1
17663,0
17664,0
17665,1
17666,0
17667,0
17668,0
17669,0
17670,2
17671,0
17672,0
17673,0
17674,0
17675,2
17676,1
17677,0
17678,0
17679,1
17680,1
17681,1
17682,1
17683,0
17684,2
17685,1
17686,0
17687,0
17688,0
17689,1
17690,1
17691,0
17692,0
17693,1
17694,1
17695,1
17696,0
17697,0
17698,2
17699,0
17700,0
17701,2
17702,2
17703,0
17704,1
17705,1
17706,0
17707,0
17708,1
17709,2
17710,1
17711,0
17712,2
17713,1
17714,1
17715,1
17716,1
17717,0
17718,1
17719,0
17720,1
17721,0
17722,1
17723,1
17724,0
17725,0
17726,0
17727,0
17728,1
17729,1
17730,0
17731,1
17732,1
17733,0
17734,1
17735,0
17736,0
17737,1
17738,1
17739,0
17740,0
17741,0
17742,0
17743,0
17744,1
17745,1
17746,0
17747,0
17748,1
17749,2
17750,1
17751,0
17752,0
17753,1
17754,0
17755,1
17756,2
17757,1
17758,1
17759,1
17760,1
17761,1
17762,0
17763,1
17764,1
17765,1
17766,1
17767,1
17768,0
17769,2
17770,1
17771,0
17772,0
17773,2
17774,0
17775,1
17776,0
17777,1
17778,0
17779,1
17780,2
17781,0
17782,2
17783,1
17784,0
17785,1
17786,1
17787,1
17788,0
17789,0
17790,0
17791,0
17792,1
17793,2
17794,0
17795,1
17796,0
17797,0
17798,0
17799,0
17800,0
17801,0
17802,2
17803,0
17804,0
17805,0
17806,0
17807,0
17808,0
17809,0
17810,0
17811,0
17812,1
17813,0
17814,0
17815,0
17816,0
17817,2
17818,2
17819,0
17820,1
17821,1
17822,1
17823,1
17824,1
17825,0
17826,1
17827,0
17828,1
17829,0
17830,1
17831,1
17832,2
17833,0
17834,0
17835,0
17836,1
17837,1
17838,2
17839,1
17840,0
17841,0
17842,0
17843,1
17844,0
17845,0
17846,0
17847,0
17848,0
17849,0
17850,0
17851,0
17852,0
17853,2
17854,2
17855,1
17856,1
17857,1
17858,1
17859,1
17860,1
17861,1
17862,1
17863,0
17864,1
17865,0
17866,1
17867,1
17868,0
17869,1
17870,1
17871,0
17872,1
17873,1
17874,1
17875,2
17876,1
17877,0
17878,0
17879,1
17880,1
17881,0
17882,1
17883,1
17884,0
17885,1
17886,0
17887,1
17888,1
17889,1
17890,0
17891,0
17892,0
17893,1
17894,0
17895,1
17896,2
17897,1
17898,0
17899,1
17900,1
17901,1
17902,1
17903,1
17904,0
17905,1
17906,0
17907,1
17908,2
17909,0
17910,1
17911,1
17912,2
17913,1
17914,0
17915,0
17916,0
17917,0
17918,1
17919,0
17920,1
17921,1
17922,0
17923,1
17924,2
17925,2
17926,0
17927,0
17928,2
17929,1
17930,0
17931,2
17932,0
17933,1
17934,0
17935,1
17936,1
17937,0
17938,1
17939,0
17940,1
17941,2
17942,1
17943,0
17944,0
17945,0
17946,1
17947,0
17948,1
17949,0
17950,1
17951,1
17952,2
17953,1
17954,1
17955,1
17956,0
17957,1
17958,0
17959,0
17960,0
17961,0
17962,0
17963,0
17964,0
17965,0
17966,1
17967,1
17968,2
17969,0
17970,0
17971,1
17972,2
17973,2
17974,0
17975,0
17976,0
17977,1
17978,0
17979,0
17980,0
17981,1
17982,0
17983,0
17984,1
17985,0
17986,2
17987,1
17988,0
17989,2
17990,1
17991,1
17992,2
17993,1
17994,0
17995,0
17996,2
17997,2
17998,0
17999,0
18000,0
18001,1
18002,0
18003,1
18004,2
18005,0
18006,0
18007,0
18008,0
18009,0
18010,0
18011,1
18012,0
18013,1
18014,1
18015,2
18016,0
18017,1
18018,0
18019,1
18020,0
18021,1
18022,0
18023,1
18024,1
18025,1
18026,1
18027,0
18028,2
18029,1
18030,1
18031,0
18032,1
18033,1
18034,0
18035,2
18036,0
18037,1
18038,0
18039,0
18040,0
18041,0
18042,1
18043,0
18044,1
18045,0
18046,0
18047,0
18048,2
18049,0
18050,0
18051,0
18052,0
18053,0
18054,1
18055,0
18056,0
18057,1
18058,1
18059,0
18060,0
18061,1
18062,1
18063,0
18064,1
18065,1
18066,0
18067,0
18068,0
18069,0
18070,1
18071,0
18072,0
18073,1
18074,1
18075,1
18076,1
18077,0
18078,0
18079,0
18080,1
18081,0
18082,0
18083,2
18084,1
18085,2
18086,1
18087,1
18088,1
18089,0
18090,0
18091,0
18092,0
18093,0
18094,0
18095,1
18096,0
18097,2
18098,0
18099,1
18100,1
18101,0
18102,1
18103,0
18104,0
18105,0
18106,1
18107,0
18108,1
18109,0
18110,1
18111,0
18112,0
18113,0
18114,1
18115,0
18116,0
18117,1
18118,1
18119,0
18120,0
18121,0
18122,1
18123,0
18124,0
18125,1
18126,0
18127,1
18128,0
18129,0
18130,0
18131,1
18132,1
18133,0
18134,1
18135,1
18136,0
18137,0
18138,0
18139,1
18140,1
18141,0
18142,1
18143,0
18144,0
18145,1
18146,1
18147,1
18148,1
18149,1
18150,1
18151,1
18152,0
18153,0
18154,1
18155,1
18156,2
18157,1
18158,1
18159,0
18160,1
18161,0
18162,0
18163,1
18164,1
18165,0
18166,0
18167,0
18168,1
18169,1
18170,0
18171,1
18172,0
18173,2
18174,1
18175,0
18176,0
18177,1
18178,0
18179,0
18180,0
18181,1
18182,1
18183,1
18184,2
18185,2
18186,0
18187,0
18188,0
18189,1
18190,0
18191,0
18192,2
18193,1
18194,0
18195,1
18196,1
18197,0
18198,2
18199,0
18200,1
18201,2
18202,0
18203,0
18204,0
18205,0
18206,1
18207,0
18208,0
18209,0
18210,1
18211,0
18212,0
18213,2
18214,2
18215,2
18216,1
18217,0
18218,0
18219,1
18220,1
18221,1
18222,1
18223,0
18224,0
18225,0
18226,0
18227,0
18228,1
18229,1
18230,0
18231,1
18232,1
18233,0
18234,0
18235,2
18236,1
18237,0
18238,0
18239,2
18240,0
18241,1
18242,0
18243,0
18244,0
18245,0
18246,1
18247,1
18248,0
18249,1
18250,1
18251,0
18252,0
18253,1
18254,0
18255,2
18256,1
18257,1
18258,1
18259,0
18260,0
18261,1
18262,2
18263,1
18264,1
18265,1
18266,0
18267,1
18268,1
18269,1
18270,1
18271,0
18272,1
18273,0
18274,2
18275,1
18276,1
18277,1
18278,0
18279,1
18280,1
18281,1
18282,1
18283,1
18284,1
18285,1
18286,0
18287,0
18288,1
18289,1
18290,1
18291,2
18292,0
18293,0
18294,0
18295,1
18296,1
18297,0
18298,1
18299,0
18300,1
18301,1
18302,1
18303,0
18304,1
18305,2
18306,1
18307,0
18308,1
18309,1
18310,1
18311,1
18312,2
18313,2
18314,2
18315,1
18316,1
18317,1
18318,1
18319,0
18320,1
18321,1
18322,1
18323,0
18324,1
18325,0
18326,1
18327,0
18328,1
18329,1
18330,0
18331,0
18332,0
18333,0
18334,1
18335,0
18336,1
18337,0
18338,0
18339,1
18340,0
18341,1
18342,2
18343,0
18344,1
18345,0
18346,2
18347,0
18348,1
18349,2
18350,0
18351,2
18352,2
18353,2
18354,2
18355,1
18356,0
18357,0
18358,0
18359,1
18360,1
18361,0
18362,1
18363,0
18364,2
18365,0
18366,0
18367,0
18368,1
18369,1
18370,1
18371,1
18372,2
18373,1
18374,1
18375,0
18376,0
18377,0
18378,1
18379,0
18380,1
18381,2
18382,1
18383,0
18384,2
18385,0
18386,1
18387,1
18388,1
18389,1
18390,0
18391,0
18392,1
18393,0
18394,0
18395,0
18396,1
18397,0
18398,1
18399,1
18400,2
18401,1
18402,1
18403,0
18404,1
18405,1
18406,0
18407,1
18408,1
18409,1
18410,2
18411,1
18412,1
18413,2
18414,1
18415,0
18416,0
18417,0
18418,1
18419,1
18420,1
18421,2
18422,0
18423,1
18424,0
18425,1
18426,1
18427,0
18428,1
18429,1
18430,1
18431,1
18432,0
18433,1
18434,2
18435,0
18436,0
18437,0
18438,1
18439,0
18440,0
18441,1
18442,1
18443,1
18444,0
18445,1
18446,0
18447,1
18448,0
18449,0
18450,0
18451,1
18452,0
18453,1
18454,0
18455,1
18456,1
18457,1
18458,0
18459,1
18460,2
18461,1
18462,0
18463,0
18464,1
18465,1
18466,1
18467,2
18468,1
18469,0
18470,0
18471,0
18472,0
18473,1
18474,1
18475,1
18476,0
18477,0
18478,2
18479,1
18480,1
18481,0
18482,1
18483,1
18484,0
18485,2
18486,1
18487,0
18488,0
18489,1
18490,0
18491,1
18492,1
18493,1
18494,2
18495,0
18496,1
18497,1
18498,1
18499,1
18500,1
18501,0
18502,1
18503,0
18504,2
18505,0
18506,1
18507,0
18508,1
18509,1
18510,1
18511,0
18512,1
18513,1
18514,0
18515,0
18516,0
18517,0
18518,0
18519,2
18520,0
18521,0
18522,1
18523,2
18524,1
18525,1
18526,1
18527,0
18528,1
18529,1
18530,0
18531,2
18532,0
18533,1
18534,1
18535,1
18536,1
18537,0
18538,1
18539,2
18540,1
18541,0
18542,1
18543,0
18544,1
18545,1
18546,1
18547,1
18548,1
18549,1
18550,1
18551,1
18552,0
18553,1
18554,1
18555,0
18556,0
18557,1
18558,1
18559,1
18560,1
18561,2
18562,0
18563,0
18564,0
18565,1
18566,1
18567,0
18568,2
18569,2
18570,0
18571,0
18572,2
18573,0
18574,1
18575,1
18576,1
18577,0
18578,1
18579,1
18580,2
18581,0
18582,0
18583,0
18584,0
18585,0
18586,0
18587,1
18588,2
18589,0
18590,1
18591,2
18592,1
18593,0
18594,1
18595,0
18596,1
18597,0
18598,0
18599,0
18600,1
18601,2
18602,1
18603,1
18604,0
18605,1
18606,1
18607,2
18608,0
18609,1
18610,0
18611,1
18612,1
18613,0
18614,1
18615,1
18616,0
18617,0
18618,1
18619,1
18620,2
18621,1
18622,1
18623,2
18624,0
18625,1
18626,1
18627,1
18628,0
18629,1
18630,1
18631,1
18632,0
18633,1
18634,0
18635,1
18636,0
18637,0
18638,1
18639,1
18640,1
18641,2
18642,0
18643,0
18644,0
18645,1
18646,1
18647,1
18648,1
18649,2
18650,0
18651,1
18652,0
18653,1
18654,0
18655,1
18656,0
18657,1
18658,0
18659,0
18660,0
18661,2
18662,1
18663,1
18664,0
18665,0
18666,0
18667,2
18668,2
18669,1
18670,0
18671,0
18672,1
18673,1
18674,1
18675,0
18676,1
18677,1
18678,1
18679,1
18680,0
18681,0
18682,1
18683,1
18684,1
18685,0
18686,0
18687,0
18688,0
18689,1
18690,2
18691,1
18692,0
18693,0
18694,1
18695,0
18696,1
18697,0
18698,0
18699,0
18700,0
18701,1
18702,1
18703,0
18704,0
18705,0
18706,0
18707,0
18708,0
18709,1
18710,0
18711,0
18712,2
18713,0
18714,1
18715,0
18716,0
18717,2
18718,0
18719,1
18720,1
18721,0
18722,0
18723,2
18724,0
18725,1
18726,1
18727,1
18728,0
18729,1
18730,1
18731,0
18732,1
18733,1
18734,0
18735,2
18736,1
18737,2
18738,1
18739,0
18740,0
18741,1
18742,0
18743,2
18744,1
18745,1
18746,1
18747,1
18748,1
18749,1
18750,1
18751,1
18752,1
18753,1
18754,0
18755,1
18756,1
18757,2
18758,1
18759,0
18760,0
18761,1
18762,0
18763,0
18764,0
18765,0
18766,0
18767,0
18768,1
18769,1
18770,1
18771,0
18772,1
18773,1
18774,1
18775,1
18776,0
18777,1
18778,0
18779,0
18780,0
18781,1
18782,1
18783,0
18784,2
18785,1
18786,1
18787,0
18788,0
18789,0
18790,1
18791,1
18792,0
18793,1
18794,1
18795,0
18796,0
18797,0
18798,1
18799,0
18800,1
18801,0
18802,0
18803,1
18804,1
18805,1
18806,0
18807,0
18808,1
18809,0
18810,0
18811,1
18812,1
18813,0
18814,0
18815,0
18816,1
18817,1
18818,1
18819,0
18820,1
18821,1
18822,0
18823,1
18824,1
18825,1
18826,0
18827,1
18828,1
18829,1
18830,0
18831,1
18832,1
18833,1
18834,0
18835,1
18836,0
18837,1
18838,0
18839,0
18840,1
18841,1
18842,1
18843,1
18844,1
18845,0
18846,1
18847,1
18848,1
18849,1
18850,0
18851,1
18852,0
18853,0
18854,0
18855,0
18856,0
18857,0
18858,0
18859,0
18860,0
18861,1
18862,0
18863,1
18864,1
18865,0
18866,0
18867,1
18868,1
18869,1
18870,0
18871,0
18872,1
18873,1
18874,1
18875,1
18876,0
18877,1
18878,1
18879,1
18880,0
18881,1
18882,0
18883,0
18884,0
18885,0
18886,1
18887,1
18888,0
18889,0
18890,0
18891,1
18892,0
18893,0
18894,1
18895,1
18896,1
18897,1
18898,1
18899,0
18900,1
18901,1
18902,0
18903,0
18904,0
18905,1
18906,1
18907,0
18908,1
18909,0
18910,0
18911,0
18912,0
18913,0
18914,1
18915,0
18916,1
18917,1
18918,1
18919,1
18920,1
18921,1
18922,1
18923,1
18924,0
18925,1
18926,1
18927,1
18928,1
18929,0
18930,1
18931,0
18932,1
18933,1
18934,1
18935,0
18936,0
18937,1
18938,0
18939,0
18940,1
18941,0
18942,1
18943,0
18944,1
18945,0
18946,1
18947,1
18948,1
18949,1
18950,0
18951,0
18952,1
18953,0
18954,0
18955,1
18956,1
18957,0
18958,1
18959,0
18960,0
18961,1
18962,0
18963,1
18964,0
18965,1
18966,0
18967,0
18968,0
18969,1
18970,0
18971,0
18972,1
18973,0
18974,1
18975,0
18976,1
18977,1
18978,1
18979,1
18980,0
18981,0
18982,1
18983,1
18984,1
18985,1
18986,0
18987,1
18988,1
18989,0
18990,1
18991,0
18992,0
18993,1
18994,1
18995,0
18996,1
18997,1
18998,1
18999,0
19000,1
19001,0
19002,1
19003,1
19004,1
19005,1
19006,1
19007,1
19008,0
19009,1
19010,1
19011,2
19012,0
19013,0
19014,1
19015,1
19016,0
19017,1
19018,1
19019,0
19020,1
19021,1
19022,1
19023,1
19024,0
19025,0
19026,0
19027,1
19028,1
19029,0
19030,0
19031,1
19032,1
19033,0
19034,1
19035,0
19036,1
19037,0
19038,0
19039,1
19040,1
19041,1
19042,1
19043,0
19044,1
19045,0
19046,0
19047,1
19048,0
19049,1
19050,0
19051,1
19052,1
19053,1
19054,1
19055,0
19056,1
19057,0
19058,0
19059,1
19060,0
19061,1
19062,1
19063,1
19064,1
19065,0
19066,0
19067,0
19068,1
19069,0
19070,1
19071,0
19072,1
19073,1
19074,1
19075,0
19076,0
19077,0
19078,1
19079,1
19080,0
19081,0
19082,0
19083,1
19084,1
19085,1
19086,1
19087,0
19088,0
19089,1
19090,1
19091,1
19092,1
19093,1
19094,1
19095,0
19096,1
19097,0
19098,1
19099,0
19100,0
19101,1
19102,0
19103,1
19104,1
19105,1
19106,0
19107,1
19108,0
19109,1
19110,1
19111,0
19112,1
19113,1
19114,0
19115,1
19116,0
19117,1
19118,1
19119,1
19120,1
19121,1
19122,0
19123,0
19124,0
19125,1
19126,0
19127,0
19128,0
19129,0
19130,0
19131,1
19132,0
19133,0
19134,0
19135,0
19136,0
19137,1
19138,1
19139,1
19140,1
19141,1
19142,0
19143,0
19144,0
19145,0
19146,1
19147,1
19148,1
19149,1
19150,1
19151,0
19152,0
19153,1
19154,0
19155,1
19156,1
19157,1
19158,1
19159,1
19160,0
19161,0
19162,0
19163,1
19164,1
19165,0
19166,0
19167,0
19168,1
19169,1
19170,1
19171,1
19172,1
19173,0
19174,0
19175,1
19176,1
19177,1
19178,1
19179,0
19180,1
19181,0
19182,1
19183,0
19184,0
19185,0
19186,0
19187,1
19188,0
19189,0
19190,0
19191,0
19192,0
19193,1
19194,0
19195,0
19196,1
19197,1
19198,0
19199,0
19200,1
19201,0
19202,0
19203,0
19204,1
19205,1
19206,1
19207,1
19208,1
19209,0
19210,0
19211,1
19212,1
19213,0
19214,1
19215,0
19216,0
19217,1
19218,0
19219,1
19220,0
19221,1
19222,1
19223,0
19224,1
19225,1
19226,0
19227,0
19228,0
19229,1
19230,0
19231,1
19232,1
19233,1
19234,0
19235,1
19236,1
19237,1
19238,1
19239,1
19240,0
19241,0
19242,1
19243,0
19244,1
19245,0
19246,0
19247,1
19248,0
19249,1
19250,0
19251,1
19252,1
19253,1
19254,1
19255,1
19256,0
19257,1
19258,1
19259,1
19260,1
19261,0
19262,1
19263,0
19264,1
19265,1
19266,1
19267,1
19268,1
19269,1
19270,0
19271,1
19272,1
19273,0
19274,1
19275,1
19276,1
19277,1
19278,0
19279,0
19280,1
19281,0
19282,1
19283,1
19284,0
19285,1
19286,1
19287,0
19288,0
19289,1
19290,1
19291,1
19292,1
19293,1
19294,1
19295,1
19296,0
19297,1
19298,1
19299,1
19300,1
19301,0
19302,1
19303,1
19304,0
19305,1
19306,0
19307,0
19308,0
19309,1
19310,1
19311,0
19312,0
19313,0
19314,1
19315,0
19316,0
19317,0
19318,1
19319,1
19320,1
19321,1
19322,1
19323,0
19324,1
19325,0
19326,1
19327,1
19328,0
19329,0
19330,0
19331,0
19332,0
19333,0
19334,1
19335,1
19336,1
19337,1
19338,0
19339,1
19340,0
19341,0
19342,1
19343,1
19344,0
19345,0
19346,0
19347,1
19348,1
19349,0
19350,0
19351,1
19352,0
19353,0
19354,1
19355,0
19356,1
19357,1
19358,0
19359,0
19360,0
19361,1
19362,0
19363,0
19364,0
19365,0
19366,1
19367,1
19368,0
19369,1
19370,1
19371,1
19372,0
19373,0
19374,0
19375,1
19376,1
19377,0
19378,0
19379,1
19380,1
19381,0
19382,1
19383,0
19384,1
19385,1
19386,0
19387,0
19388,1
19389,1
19390,1
19391,0
19392,0
19393,1
19394,0
19395,1
19396,1
19397,0
19398,1
19399,1
19400,1
19401,1
19402,0
19403,1
19404,0
19405,1
19406,1
19407,0
19408,0
19409,1
19410,1
19411,1
19412,0
19413,1
19414,1
19415,1
19416,1
19417,1
19418,0
19419,1
19420,1
19421,0
19422,1
19423,1
19424,0
19425,1
19426,0
19427,1
19428,1
19429,0
19430,1
19431,0
19432,0
19433,1
19434,1
19435,0
19436,0
19437,0
19438,0
19439,0
19440,0
19441,1
19442,0
19443,0
19444,0
19445,1
19446,0
19447,1
19448,0
19449,0
19450,1
19451,0
19452,1
19453,1
19454,1
19455,1
19456,1
19457,0
19458,0
19459,0
19460,1
19461,0
19462,1
19463,1
19464,1
19465,1
19466,1
19467,1
19468,1
19469,0
19470,0
19471,1
19472,1
19473,1
19474,0
19475,1
19476,1
19477,1
19478,0
19479,1
19480,1
19481,0
19482,0
19483,1
19484,1
19485,0
19486,1
19487,0
19488,0
19489,0
19490,0
19491,0
19492,1
19493,0
19494,0
19495,0
19496,1
19497,0
19498,1
19499,0
19500,0
19501,1
19502,1
19503,0
19504,0
19505,1
19506,0
19507,1
19508,0
19509,1
19510,1
19511,1
19512,1
19513,1
19514,0
19515,0
19516,1
19517,1
19518,0
19519,0
19520,0
19521,0
19522,1
19523,0
19524,1
19525,0
19526,0
19527,1
19528,0
19529,0
19530,1
19531,0
19532,0
19533,1
19534,0
19535,1
19536,1
19537,1
19538,0
19539,1
19540,1
19541,0
19542,0
19543,0
19544,0
19545,0
19546,0
19547,1
19548,0
19549,1
19550,1
19551,0
19552,0
19553,1
19554,1
19555,0
19556,0
19557,1
19558,0
19559,0
19560,0
19561,1
19562,1
19563,0
19564,1
19565,0
19566,1
19567,0
19568,0
19569,0
19570,0
19571,0
19572,1
19573,0
19574,1
19575,1
19576,1
19577,0
19578,1
19579,1
19580,0
19581,1
19582,0
19583,0
19584,1
19585,1
19586,1
19587,0
19588,1
19589,0
19590,1
19591,1
19592,0
19593,1
19594,1
19595,0
19596,1
19597,1
19598,1
19599,1
19600,1
19601,1
19602,0
19603,1
19604,1
19605,1
19606,1
19607,0
19608,0
19609,1
19610,1
19611,0
19612,1
19613,0
19614,0
19615,1
19616,1
19617,1
19618,0
19619,1
19620,1
19621,1
19622,1
19623,0
19624,0
19625,1
19626,0
19627,0
19628,1
19629,1
19630,0
19631,0
19632,1
19633,0
19634,0
19635,1
19636,1
19637,0
19638,1
19639,1
19640,0
19641,1
19642,1
19643,0
19644,1
19645,0
19646,1
19647,0
19648,0
19649,1
19650,1
19651,0
19652,0
19653,0
19654,1
19655,1
19656,0
19657,1
19658,1
19659,1
19660,0
19661,1
19662,1
19663,1
19664,0
19665,1
19666,1
19667,1
19668,1
19669,1
19670,0
19671,1
19672,1
19673,0
19674,1
19675,1
19676,1
19677,1
19678,0
19679,1
19680,1
19681,1
19682,0
19683,0
19684,1
19685,0
19686,1
19687,0
19688,1
19689,1
19690,0
19691,0
19692,0
19693,0
19694,0
19695,0
19696,0
19697,0
19698,0
19699,0
19700,0
19701,0
19702,0
19703,1
19704,1
19705,1
19706,1
19707,1
19708,0
19709,0
19710,0
19711,1
19712,1
19713,0
19714,1
19715,0
19716,1
19717,1
19718,1
19719,1
19720,1
19721,1
19722,0
19723,1
19724,1
19725,1
19726,0
19727,0
19728,1
19729,1
19730,1
19731,1
19732,1
19733,1
19734,0
19735,0
19736,1
19737,1
19738,1
19739,1
19740,1
19741,1
19742,0
19743,1
19744,1
19745,1
19746,1
19747,0
19748,0
19749,1
19750,0
19751,0
19752,0
19753,0
19754,0
19755,0
19756,1
19757,1
19758,1
19759,0
19760,1
19761,1
19762,0
19763,1
19764,0
19765,0
19766,0
19767,0
19768,1
19769,1
19770,1
19771,1
19772,0
19773,1
19774,0
19775,1
19776,1
19777,0
19778,1
19779,1
19780,0
19781,0
19782,1
19783,0
19784,1
19785,0
19786,0
19787,1
19788,0
19789,0
19790,0
19791,1
19792,0
19793,0
19794,0
19795,1
19796,1
19797,0
19798,1
19799,1
19800,0
19801,1
19802,1
19803,1
19804,0
19805,0
19806,1
19807,0
19808,0
19809,0
19810,1
19811,0
19812,1
19813,1
19814,0
19815,0
19816,0
19817,0
19818,0
19819,0
19820,1
19821,0
19822,0
19823,0
19824,1
19825,1
19826,0
19827,0
19828,1
19829,1
19830,1
19831,1
19832,0
19833,1
19834,0
19835,1
19836,1
19837,0
19838,0
19839,1
19840,1
19841,1
19842,0
19843,0
19844,1
19845,0
19846,0
19847,1
19848,1
19849,0
19850,0
19851,0
19852,0
19853,1
19854,0
19855,0
19856,0
19857,0
19858,0
19859,0
19860,0
19861,1
19862,0
19863,1
19864,1
19865,0
19866,1
19867,1
19868,1
19869,1
19870,0
19871,1
19872,0
19873,0
19874,0
19875,0
19876,1
19877,0
19878,0
19879,1
19880,0
19881,1
19882,0
19883,1
19884,0
19885,1
19886,1
19887,1
19888,1
19889,1
19890,1
19891,1
19892,1
19893,0
19894,0
19895,1
19896,1
19897,1
19898,1
19899,1
19900,1
19901,0
19902,1
19903,1
19904,0
19905,1
19906,0
19907,0
19908,1
19909,1
19910,1
19911,0
19912,1
19913,1
19914,1
19915,1
19916,0
19917,1
19918,1
19919,1
19920,1
19921,0
19922,0
19923,0
19924,0
19925,0
19926,0
19927,0
19928,0
19929,1
19930,1
19931,0
19932,1
19933,1
19934,1
19935,0
19936,1
19937,1
19938,1
19939,0
19940,0
19941,1
19942,1
19943,0
19944,1
19945,1
19946,1
19947,1
19948,0
19949,1
19950,1
19951,0
19952,0
19953,1
19954,1
19955,1
19956,1
19957,1
19958,0
19959,1
19960,1
19961,0
19962,0
19963,0
19964,0
19965,1
19966,1
19967,0
19968,1
19969,1
19970,1
19971,1
19972,0
19973,1
19974,1
19975,0
19976,1
19977,0
19978,1
19979,1
19980,0
19981,0
19982,0
19983,0
19984,1
19985,1
19986,0
19987,1
19988,1
19989,0
19990,1
19991,0
19992,0
19993,1
19994,1
19995,1
19996,2
19997,0
19998,0
19999,1
20000,0
20001,0
20002,0
20003,0
20004,1
20005,0
20006,0
20007,1
20008,0
20009,1
20010,0
20011,0
20012,0
20013,0
20014,0
20015,0
20016,0
20017,0
20018,1
20019,1
20020,1
20021,1
20022,1
20023,1
20024,1
20025,1
20026,1
20027,1
20028,1
20029,0
20030,1
20031,1
20032,0
20033,0
20034,1
20035,0
20036,0
20037,1
20038,0
20039,0
20040,0
20041,1
20042,0
20043,0
20044,1
20045,1
20046,1
20047,0
20048,0
20049,0
20050,0
20051,0
20052,1
20053,1
20054,0
20055,1
20056,1
20057,1
20058,0
20059,0
20060,1
20061,0
20062,1
20063,0
20064,1
20065,1
20066,1
20067,1
20068,1
20069,1
20070,1
20071,1
20072,0
20073,0
20074,0
20075,1
20076,0
20077,0
20078,1
20079,0
20080,1
20081,0
20082,1
20083,0
20084,1
20085,1
20086,1
20087,0
20088,0
20089,0
20090,0
20091,0
20092,1
20093,1
20094,1
20095,1
20096,1
20097,0
20098,0
20099,1
20100,0
20101,1
20102,0
20103,0
20104,1
20105,0
20106,1
20107,0
20108,0
20109,1
20110,0
20111,1
20112,1
20113,0
20114,1
20115,1
20116,0
20117,1
20118,1
20119,0
20120,0
20121,1
20122,1
20123,0
20124,1
20125,0
20126,0
20127,1
20128,1
20129,1
20130,0
20131,0
20132,0
20133,1
20134,1
20135,0
20136,1
20137,1
20138,1
20139,0
20140,1
20141,0
20142,1
20143,1
20144,1
20145,0
20146,0
20147,0
20148,1
20149,1
20150,0
20151,1
20152,1
20153,1
20154,1
20155,0
20156,0
20157,0
20158,1
20159,0
20160,0
20161,0
20162,1
20163,1
20164,1
20165,1
20166,0
20167,1
20168,0
20169,1
20170,0
20171,1
20172,0
20173,1
20174,1
20175,1
20176,1
20177,0
20178,1
20179,0
20180,1
20181,0
20182,1
20183,1
20184,1
20185,1
20186,1
20187,1
20188,0
20189,0
20190,0
20191,1
20192,1
20193,1
20194,1
20195,0
20196,1
20197,0
20198,0
20199,1
20200,1
20201,1
20202,1
20203,1
20204,1
20205,1
20206,1
20207,0
20208,0
20209,0
20210,0
20211,1
20212,0
20213,0
20214,0
20215,0
20216,1
20217,1
20218,0
20219,1
20220,1
20221,0
20222,0
20223,1
20224,1
20225,0
20226,0
20227,1
20228,0
20229,0
20230,0
20231,0
20232,0
20233,0
20234,0
20235,1
20236,1
20237,0
20238,1
20239,1
20240,1
20241,1
20242,1
20243,0
20244,0
20245,0
20246,1
20247,1
20248,0
20249,1
20250,0
20251,0
20252,0
20253,1
20254,0
20255,0
20256,1
20257,0
20258,0
20259,1
20260,1
20261,0
20262,0
20263,1
20264,1
20265,0
20266,1
20267,1
20268,1
20269,1
20270,0
20271,0
20272,1
20273,1
20274,1
20275,1
20276,1
20277,1
20278,0
20279,1
20280,0
20281,0
20282,0
20283,1
20284,1
20285,0
20286,0
20287,1
20288,1
20289,1
20290,1
20291,1
20292,1
20293,1
20294,0
20295,1
20296,0
20297,1
20298,1
20299,1
20300,1
20301,0
20302,0
20303,1
20304,1
20305,1
20306,0
20307,1
20308,0
20309,0
20310,0
20311,1
20312,1
20313,1
20314,1
20315,0
20316,1
20317,1
20318,0
20319,0
20320,1
20321,0
20322,1
20323,1
20324,0
20325,0
20326,1
20327,1
20328,0
20329,0
20330,1
20331,0
20332,1
20333,0
20334,0
20335,1
20336,0
20337,1
20338,0
20339,0
20340,0
20341,1
20342,0
20343,0
20344,0
20345,1
20346,0
20347,1
20348,0
20349,0
20350,1
20351,1
20352,0
20353,0
20354,0
20355,1
20356,0
20357,0
20358,1
20359,0
20360,0
20361,0
20362,0
20363,1
20364,1
20365,1
20366,0
20367,0
20368,0
20369,0
20370,1
20371,1
20372,1
20373,0
20374,1
20375,1
20376,0
20377,0
20378,0
20379,0
20380,1
20381,0
20382,1
20383,1
20384,0
20385,1
20386,1
20387,0
20388,0
20389,0
20390,1
20391,1
20392,0
20393,0
20394,1
20395,0
20396,0
20397,1
20398,0
20399,1
20400,1
20401,1
20402,1
20403,1
20404,0
20405,1
20406,1
20407,0
20408,1
20409,1
20410,0
20411,0
20412,0
20413,0
20414,1
20415,0
20416,1
20417,1
20418,0
20419,0
20420,1
20421,0
20422,0
20423,1
20424,1
20425,1
20426,1
20427,0
20428,1
20429,1
20430,0
20431,0
20432,1
20433,0
20434,1
20435,1
20436,1
20437,0
20438,0
20439,1
20440,0
20441,1
20442,0
20443,1
20444,0
20445,0
20446,0
20447,0
20448,1
20449,1
20450,0
20451,0
20452,1
20453,1
20454,0
20455,1
20456,1
20457,0
20458,1
20459,1
20460,0
20461,1
20462,0
20463,1
20464,0
20465,0
20466,1
20467,0
20468,1
20469,1
20470,1
20471,0
20472,1
20473,1
20474,0
20475,0
20476,0
20477,0
20478,1
20479,1
20480,1
20481,0
20482,1
20483,1
20484,1
20485,1
20486,1
20487,0
20488,1
20489,1
20490,0
20491,0
20492,0
20493,1
20494,0
20495,0
20496,1
20497,1
20498,1
20499,0
20500,1
20501,0
20502,0
20503,1
20504,0
20505,1
20506,1
20507,0
20508,0
20509,0
20510,0
20511,0
20512,0
20513,1
20514,0
20515,0
20516,0
20517,1
20518,1
20519,0
20520,0
20521,1
20522,1
20523,1
20524,0
20525,0
20526,1
20527,0
20528,1
20529,1
20530,1
20531,0
20532,1
20533,0
20534,0
20535,1
20536,1
20537,0
20538,1
20539,0
20540,0
20541,1
20542,1
20543,1
20544,0
20545,1
20546,0
20547,0
20548,0
20549,1
20550,0
20551,0
20552,0
20553,0
20554,1
20555,0
20556,0
20557,0
20558,1
20559,0
20560,0
20561,0
20562,1
20563,0
20564,0
20565,0
20566,0
20567,1
20568,0
20569,1
20570,0
20571,1
20572,0
20573,1
20574,0
20575,1
20576,1
20577,1
20578,1
20579,1
20580,0
20581,1
20582,1
20583,1
20584,1
20585,1
20586,0
20587,0
20588,0
20589,0
20590,1
20591,1
20592,1
20593,0
20594,1
20595,1
20596,0
20597,1
20598,0
20599,1
20600,0
20601,1
20602,0
20603,0
20604,0
20605,1
20606,1
20607,0
20608,0
20609,0
20610,0
20611,1
20612,0
20613,1
20614,1
20615,1
20616,1
20617,0
20618,0
20619,0
20620,0
20621,0
20622,0
20623,1
20624,0
20625,1
20626,0
20627,1
20628,0
20629,1
20630,1
20631,0
20632,0
20633,0
20634,1
20635,0
20636,1
20637,0
20638,0
20639,0
20640,0
20641,1
20642,0
20643,1
20644,1
20645,0
20646,0
20647,0
20648,1
20649,0
20650,0
20651,0
20652,1
20653,0
20654,1
20655,1
20656,0
20657,0
20658,1
20659,1
20660,0
20661,0
20662,0
20663,1
20664,1
20665,0
20666,0
20667,1
20668,0
20669,1
20670,0
20671,1
20672,1
20673,0
20674,0
20675,0
20676,0
20677,1
20678,0
20679,0
20680,0
20681,0
20682,0
20683,0
20684,0
20685,0
20686,1
20687,0
20688,0
20689,0
20690,1
20691,0
20692,0
20693,1
20694,1
20695,0
20696,1
20697,0
20698,0
20699,0
20700,0
20701,0
20702,0
20703,0
20704,1
20705,1
20706,0
20707,0
20708,1
20709,0
20710,0
20711,0
20712,0
20713,1
20714,1
20715,0
20716,0
20717,0
20718,0
20719,0
20720,0
20721,1
20722,1
20723,0
20724,0
20725,0
20726,1
20727,1
20728,1
20729,0
20730,1
20731,0
20732,0
20733,1
20734,1
20735,0
20736,0
20737,0
20738,0
20739,1
20740,0
20741,0
20742,0
20743,0
20744,1
20745,1
20746,1
20747,0
20748,0
20749,1
20750,0
20751,0
20752,1
20753,1
20754,0
20755,0
20756,1
20757,1
20758,0
20759,1
20760,1
20761,1
20762,1
20763,1
20764,1
20765,1
20766,1
20767,0
20768,0
20769,0
20770,1
20771,0
20772,1
20773,0
20774,0
20775,1
20776,0
20777,0
20778,1
20779,0
20780,1
20781,0
20782,1
20783,0
20784,0
20785,1
20786,1
20787,0
20788,1
20789,1
20790,1
20791,0
20792,1
20793,1
20794,1
20795,0
20796,0
20797,0
20798,1
20799,0
20800,1
20801,0
20802,0
20803,1
20804,1
20805,0
20806,1
20807,0
20808,0
20809,1
20810,0
20811,1
20812,0
20813,0
20814,1
20815,0
20816,0
20817,0
20818,0
20819,1
20820,0
20821,1
20822,1
20823,0
20824,0
20825,0
20826,1
20827,0
20828,1
20829,0
20830,0
20831,1
20832,1
20833,1
20834,0
20835,0
20836,1
20837,1
20838,0
20839,0
20840,1
20841,1
20842,1
20843,1
20844,1
20845,1
20846,0
20847,0
20848,1
20849,0
20850,0
20851,1
20852,1
20853,1
20854,0
20855,1
20856,0
20857,0
20858,0
20859,1
20860,0
20861,1
20862,0
20863,1
20864,1
20865,0
20866,0
20867,1
20868,0
20869,0
20870,1
20871,1
20872,1
20873,0
20874,1
20875,0
20876,0
20877,0
20878,1
20879,0
20880,0
20881,1
20882,1
20883,0
20884,0
20885,1
20886,0
20887,0
20888,0
20889,0
20890,1
20891,0
20892,0
20893,1
20894,1
20895,0
20896,1
20897,0
20898,1
20899,1
20900,0
20901,0
20902,0
20903,0
20904,1
20905,1
20906,0
20907,0
20908,0
20909,1
20910,1
20911,1
20912,0
20913,0
20914,1
20915,0
20916,0
20917,1
20918,0
20919,0
20920,1
20921,0
20922,1
20923,0
20924,0
20925,0
20926,1
20927,1
20928,0
20929,1
20930,0
20931,1
20932,0
20933,1
20934,1
20935,0
20936,1
20937,0
20938,0
20939,1
20940,0
20941,0
20942,1
20943,1
20944,1
20945,1
20946,0
20947,0
20948,0
20949,1
20950,0
20951,0
20952,0
20953,1
20954,1
20955,1
20956,0
20957,1
20958,0
20959,1
20960,1
20961,0
20962,0
20963,0
20964,0
20965,1
20966,0
20967,0
20968,1
20969,0
20970,0
20971,1
20972,1
20973,1
20974,0
20975,0
20976,0
20977,1
20978,0
20979,1
20980,1
20981,1
20982,0
20983,1
20984,1
20985,0
20986,0
20987,0
20988,1
20989,0
20990,1
20991,0
20992,0
20993,1
20994,0
20995,1
20996,1
20997,1
20998,0
20999,0
21000,1
21001,1
21002,0
21003,1
21004,0
21005,1
21006,1
21007,0
21008,0
21009,0
21010,1
21011,0
21012,1
21013,1
21014,0
21015,0
21016,0
21017,0
21018,1
21019,0
21020,0
21021,1
21022,1
21023,0
21024,0
21025,1
21026,0
21027,0
21028,0
21029,0
21030,0
21031,0
21032,1
21033,1
21034,0
21035,0
21036,1
21037,1
21038,1
21039,0
21040,0
21041,0
21042,1
21043,0
21044,0
21045,1
21046,1
21047,0
21048,0
21049,1
21050,1
21051,0
21052,0
21053,1
21054,0
21055,1
21056,0
21057,1
21058,1
21059,0
21060,0
21061,1
21062,1
21063,1
21064,1
21065,1
21066,0
21067,0
21068,1
21069,1
21070,1
21071,0
21072,0
21073,0
21074,0
21075,0
21076,0
21077,1
21078,1
21079,0
21080,0
21081,0
21082,1
21083,1
21084,0
21085,0
21086,1
21087,0
21088,1
21089,1
21090,1
21091,0
21092,1
21093,0
21094,0
21095,1
21096,0
21097,1
21098,0
21099,1
21100,1
21101,0
21102,0
21103,1
21104,0
21105,0
21106,0
21107,0
21108,0
21109,0
21110,1
21111,1
21112,0
21113,1
21114,1
21115,1
21116,0
21117,0
21118,1
21119,1
21120,1
21121,1
21122,0
21123,1
21124,1
21125,1
21126,1
21127,0
21128,0
21129,1
21130,1
21131,1
21132,1
21133,1
21134,1
21135,1
21136,0
21137,0
21138,1
21139,0
21140,0
21141,0
21142,0
21143,1
21144,1
21145,0
21146,1
21147,1
21148,1
21149,0
21150,0
21151,1
21152,1
21153,0
21154,0
21155,0
21156,0
21157,0
21158,0
21159,1
21160,1
21161,1
21162,1
21163,0
21164,1
21165,0
21166,1
21167,0
21168,0
21169,1
21170,1
21171,0
21172,0
21173,1
21174,1
21175,0
21176,0
21177,0
21178,0
21179,0
21180,1
21181,1
21182,1
21183,1
21184,0
21185,1
21186,1
21187,1
21188,0
21189,1
21190,1
21191,0
21192,0
21193,1
21194,1
21195,0
21196,0
21197,1
21198,1
21199,1
21200,1
21201,0
21202,1
21203,0
21204,0
21205,0
21206,1
21207,0
21208,0
21209,0
21210,1
21211,0
21212,1
21213,1
21214,1
21215,1
21216,1
21217,0
21218,1
21219,1
21220,0
21221,0
21222,1
21223,0
21224,0
21225,0
21226,1
21227,1
21228,0
21229,1
21230,0
21231,1
21232,0
21233,0
21234,0
21235,0
21236,0
21237,0
21238,0
21239,1
21240,1
21241,0
21242,0
21243,0
21244,1
21245,0
21246,1
21247,1
21248,0
21249,0
21250,1
21251,1
21252,1
21253,0
21254,1
21255,0
21256,0
21257,1
21258,0
21259,0
21260,0
21261,1
21262,0
21263,0
21264,0
21265,1
21266,1
21267,1
21268,0
21269,0
21270,1
21271,1
21272,1
21273,1
21274,1
21275,0
21276,1
21277,0
21278,1
21279,1
21280,0
21281,1
21282,0
21283,1
21284,0
21285,0
21286,1
21287,0
21288,0
21289,1
21290,0
21291,1
21292,1
21293,1
21294,1
21295,1
21296,0
21297,1
21298,0
21299,1
21300,0
21301,1
21302,0
21303,0
21304,0
21305,1
21306,0
21307,0
21308,1
21309,0
21310,0
21311,0
21312,0
21313,0
21314,0
21315,0
21316,1
21317,1
21318,0
21319,1
21320,0
21321,0
21322,1
21323,0
21324,0
21325,0
21326,1
21327,0
21328,0
21329,1
21330,1
21331,1
21332,1
21333,0
21334,1
21335,0
21336,1
21337,1
21338,1
21339,0
21340,1
21341,1
21342,1
21343,1
21344,1
21345,1
21346,0
21347,0
21348,0
21349,0
21350,0
21351,0
21352,1
21353,1
21354,1
21355,1
21356,1
21357,1
21358,1
21359,0
21360,0
21361,1
21362,0
21363,1
21364,1
21365,1
21366,0
21367,1
21368,0
21369,0
21370,1
21371,1
21372,1
21373,1
21374,0
21375,0
21376,1
21377,1
21378,1
21379,1
21380,0
21381,0
21382,1
21383,1
21384,0
21385,0
21386,0
21387,1
21388,0
21389,1
21390,0
21391,0
21392,0
21393,1
21394,1
21395,0
21396,1
21397,1
21398,0
21399,1
21400,0
21401,0
21402,1
21403,1
21404,1
21405,1
21406,0
21407,1
21408,1
21409,0
21410,0
21411,0
21412,0
21413,1
21414,1
21415,0
21416,1
21417,0
21418,1
21419,1
21420,1
21421,1
21422,0
21423,0
21424,1
21425,1
21426,0
21427,0
21428,0
21429,1
21430,0
21431,1
21432,1
21433,0
21434,1
21435,0
21436,0
21437,1
21438,0
21439,1
21440,1
21441,1
21442,1
21443,0
21444,0
21445,0
21446,1
21447,0
21448,1
21449,1
21450,1
21451,1
21452,1
21453,1
21454,0
21455,0
21456,1
21457,1
21458,0
21459,1
21460,1
21461,0
21462,0
21463,0
21464,1
21465,1
21466,0
21467,0
21468,0
21469,1
21470,1
21471,1
21472,0
21473,1
21474,1
21475,0
21476,1
21477,0
21478,1
21479,0
21480,1
21481,0
21482,0
21483,0
21484,0
21485,0
21486,1
21487,0
21488,1
21489,1
21490,0
21491,1
21492,0
21493,0
21494,1
21495,0
21496,0
21497,0
21498,1
21499,1
21500,0
21501,0
21502,0
21503,1
21504,0
21505,0
21506,1
21507,1
21508,0
21509,1
21510,1
21511,0
21512,1
21513,0
21514,1
21515,0
21516,1
21517,0
21518,0
21519,1
21520,0
21521,0
21522,1
21523,0
21524,0
21525,0
21526,1
21527,0
21528,2
21529,1
21530,0
21531,0
21532,1
21533,1
21534,0
21535,0
21536,0
21537,0
21538,0
21539,0
21540,1
21541,0
21542,1
21543,1
21544,1
21545,1
21546,0
21547,0
21548,0
21549,1
21550,1
21551,1
21552,1
21553,1
21554,0
21555,0
21556,0
21557,0
21558,0
21559,0
21560,1
21561,1
21562,1
21563,0
21564,0
21565,0
21566,1
21567,0
21568,1
21569,0
21570,0
21571,1
21572,1
21573,0
21574,0
21575,1
21576,0
21577,1
21578,1
21579,1
21580,1
21581,0
21582,1
21583,1
21584,1
21585,1
21586,0
21587,0
21588,0
21589,0
21590,1
21591,1
21592,0
21593,0
21594,1
21595,0
21596,1
21597,0
21598,1
21599,0
21600,0
21601,0
21602,1
21603,1
21604,0
21605,0
21606,0
21607,0
21608,1
21609,1
21610,1
21611,0
21612,0
21613,0
21614,1
21615,1
21616,0
21617,1
21618,1
21619,0
21620,1
21621,0
21622,1
21623,1
21624,1
21625,1
21626,0
21627,0
21628,0
21629,0
21630,0
21631,0
21632,0
21633,0
21634,1
21635,0
21636,1
21637,0
21638,0
21639,1
21640,1
21641,0
21642,0
21643,1
21644,1
21645,0
21646,0
21647,0
21648,0
21649,0
21650,1
21651,0
21652,0
21653,1
21654,0
21655,1
21656,0
21657,0
21658,1
21659,1
21660,0
21661,0
21662,1
21663,1
21664,0
21665,1
21666,1
21667,0
21668,1
21669,0
21670,0
21671,0
21672,0
21673,0
21674,0
21675,0
21676,0
21677,1
21678,1
21679,1
21680,1
21681,0
21682,1
21683,1
21684,0
21685,0
21686,0
21687,1
21688,0
21689,0
21690,0
21691,1
21692,1
21693,0
21694,1
21695,1
21696,0
21697,0
21698,1
21699,1
21700,0
21701,0
21702,1
21703,0
21704,1
21705,1
21706,0
21707,1
21708,1
21709,1
21710,1
21711,0
21712,0
21713,0
21714,1
21715,1
21716,1
21717,1
21718,0
21719,0
21720,1
21721,1
21722,1
21723,1
21724,1
21725,0
21726,0
21727,0
21728,0
21729,1
21730,1
21731,1
21732,1
21733,1
21734,0
21735,1
21736,1
21737,0
21738,1
21739,0
21740,1
21741,0
21742,1
21743,0
21744,1
21745,0
21746,1
21747,1
21748,1
21749,1
21750,1
21751,1
21752,1
21753,1
21754,1
21755,0
21756,0
21757,1
21758,0
21759,1
21760,1
21761,1
21762,1
21763,1
21764,1
21765,1
21766,0
21767,1
21768,0
21769,1
21770,0
21771,0
21772,0
21773,0
21774,0
21775,1
21776,1
21777,1
21778,0
21779,0
21780,1
21781,0
21782,0
21783,1
21784,1
21785,0
21786,0
21787,0
21788,1
21789,1
21790,1
21791,1
21792,0
21793,0
21794,0
21795,1
21796,0
21797,0
21798,0
21799,1
21800,0
21801,0
21802,0
21803,0
21804,1
21805,1
21806,1
21807,0
21808,1
21809,1
21810,1
21811,0
21812,1
21813,0
21814,0
21815,0
21816,1
21817,1
21818,1
21819,1
21820,1
21821,1
21822,1
21823,0
21824,1
21825,0
21826,0
21827,0
21828,1
21829,0
21830,0
21831,0
21832,1
21833,0
21834,0
21835,1
21836,0
21837,0
21838,0
21839,0
21840,0
21841,1
21842,1
21843,0
21844,0
21845,1
21846,1
21847,0
21848,0
21849,0
21850,1
21851,0
21852,1
21853,1
21854,0
21855,1
21856,0
21857,1
21858,0
21859,1
21860,1
21861,1
21862,1
21863,1
21864,1
21865,0
21866,1
21867,1
21868,1
21869,1
21870,0
21871,0
21872,1
21873,1
21874,0
21875,0
21876,0
21877,1
21878,1
21879,1
21880,1
21881,0
21882,1
21883,1
21884,1
21885,1
21886,1
21887,0
21888,1
21889,0
21890,0
21891,0
21892,1
21893,0
21894,1
21895,1
21896,0
21897,0
21898,0
21899,0
21900,0
21901,0
21902,0
21903,1
21904,1
21905,1
21906,0
21907,1
21908,1
21909,0
21910,0
21911,0
21912,1
21913,1
21914,1
21915,1
21916,1
21917,1
21918,0
21919,1
21920,1
21921,0
21922,0
21923,0
21924,0
21925,1
21926,0
21927,1
21928,1
21929,1
21930,0
21931,0
21932,1
21933,1
21934,0
21935,1
21936,1
21937,1
21938,1
21939,1
21940,0
21941,0
21942,1
21943,0
21944,0
21945,0
21946,0
21947,0
21948,1
21949,0
21950,1
21951,1
21952,0
21953,0
21954,1
21955,0
21956,0
21957,1
21958,1
21959,0
21960,1
21961,1
21962,1
21963,1
21964,1
21965,0
21966,0
21967,0
21968,1
21969,0
21970,1
21971,1
21972,1
21973,1
21974,1
21975,0
21976,1
21977,1
21978,0
21979,1
21980,1
21981,0
21982,1
21983,1
21984,0
21985,1
21986,0
21987,1
21988,1
21989,1
21990,0
21991,1
21992,1
21993,1
21994,0
21995,0
21996,1
21997,0
21998,1
21999,0
22000,0
22001,0
22002,0
22003,0
22004,1
22005,0
22006,0
22007,0
22008,0
22009,1
22010,0
22011,0
22012,1
22013,0
22014,1
22015,0
22016,1
22017,1
22018,1
22019,1
22020,1
22021,1
22022,1
22023,1
22024,1
22025,1
22026,1
22027,0
22028,0
22029,0
22030,1
22031,1
22032,0
22033,0
22034,0
22035,0
22036,1
22037,0
22038,0
22039,1
22040,0
22041,1
22042,0
22043,0
22044,1
22045,0
22046,1
22047,1
22048,1
22049,0
22050,0
22051,1
22052,0
22053,0
22054,1
22055,0
22056,0
22057,1
22058,0
22059,0
22060,0
22061,1
22062,1
22063,1
22064,0
22065,1
22066,0
22067,1
22068,1
22069,1
22070,1
22071,1
22072,1
22073,0
22074,1
22075,1
22076,0
22077,1
22078,0
22079,1
22080,0
22081,1
22082,1
22083,1
22084,0
22085,0
22086,1
22087,0
22088,0
22089,1
22090,1
22091,0
22092,0
22093,0
22094,1
22095,1
22096,0
22097,0
22098,0
22099,1
22100,1
22101,1
22102,1
22103,1
22104,1
22105,1
22106,1
22107,0
22108,1
22109,0
22110,1
22111,0
22112,0
22113,1
22114,0
22115,0
22116,1
22117,0
22118,1
22119,1
22120,0
22121,0
22122,0
22123,0
22124,1
22125,0
22126,1
22127,0
22128,0
22129,0
22130,1
22131,1
22132,0
22133,0
22134,0
22135,0
22136,0
22137,1
22138,0
22139,1
22140,1
22141,1
22142,1
22143,1
22144,0
22145,1
22146,0
22147,0
22148,0
22149,1
22150,0
22151,1
22152,0
22153,1
22154,0
22155,0
22156,1
22157,1
22158,1
22159,1
22160,1
22161,1
22162,0
22163,1
22164,1
22165,1
22166,1
22167,1
22168,1
22169,1
22170,0
22171,0
22172,0
22173,1
22174,0
22175,0
22176,0
22177,1
22178,0
22179,1
22180,0
22181,1
22182,1
22183,0
22184,1
22185,1
22186,0
22187,0
22188,1
22189,0
22190,1
22191,1
22192,1
22193,0
22194,1
22195,0
22196,1
22197,1
22198,1
22199,0
22200,1
22201,1
22202,0
22203,1
22204,1
22205,0
22206,0
22207,0
22208,1
22209,0
22210,1
22211,1
22212,0
22213,0
22214,1
22215,0
22216,1
22217,1
22218,1
22219,1
22220,1
22221,0
22222,1
22223,0
22224,1
22225,0
22226,0
22227,1
22228,0
22229,1
22230,1
22231,0
22232,1
22233,1
22234,0
22235,1
22236,1
22237,0
22238,1
22239,1
22240,1
22241,1
22242,0
22243,1
22244,0
22245,1
22246,0
22247,0
22248,1
22249,0
22250,1
22251,1
22252,0
22253,0
22254,1
22255,1
22256,1
22257,0
22258,1
22259,0
22260,1
22261,1
22262,0
22263,0
22264,1
22265,1
22266,1
22267,1
22268,1
22269,1
22270,0
22271,1
22272,0
22273,0
22274,0
22275,0
22276,1
22277,0
22278,1
22279,1
22280,1
22281,1
22282,1
22283,1
22284,1
22285,0
22286,0
22287,0
22288,0
22289,1
22290,0
22291,1
22292,1
22293,0
22294,0
22295,0
22296,1
22297,1
22298,0
22299,0
22300,1
22301,0
22302,0
22303,1
22304,1
22305,0
22306,1
22307,0
22308,1
22309,1
22310,1
22311,0
22312,0
22313,0
22314,0
22315,0
22316,1
22317,0
22318,0
22319,0
22320,1
22321,0
22322,1
22323,1
22324,0
22325,1
22326,1
22327,1
22328,1
22329,0
22330,1
22331,1
22332,1
22333,1
22334,0
22335,1
22336,1
22337,1
22338,1
22339,1
22340,1
22341,1
22342,0
22343,0
22344,0
22345,1
22346,1
22347,1
22348,1
22349,0
22350,0
22351,1
22352,1
22353,0
22354,0
22355,1
22356,1
22357,0
22358,1
22359,1
22360,1
22361,1
22362,1
22363,0
22364,1
22365,1
22366,0
22367,0
22368,0
22369,1
22370,1
22371,0
22372,1
22373,1
22374,1
22375,0
22376,0
22377,1
22378,1
22379,1
22380,1
22381,1
22382,0
22383,1
22384,0
22385,1
22386,0
22387,1
22388,0
22389,1
22390,1
22391,0
22392,1
22393,1
22394,0
22395,1
22396,1
22397,1
22398,1
22399,1
22400,1
22401,1
22402,1
22403,0
22404,1
22405,0
22406,0
22407,1
22408,0
22409,1
22410,0
22411,0
22412,1
22413,0
22414,0
22415,1
22416,1
22417,1
22418,1
22419,0
22420,0
22421,1
22422,0
22423,1
22424,1
22425,0
22426,1
22427,0
22428,0
22429,1
22430,1
22431,0
22432,1
22433,1
22434,1
22435,1
22436,1
22437,1
22438,0
22439,0
22440,0
22441,1
22442,1
22443,1
22444,0
22445,0
22446,1
22447,0
22448,0
22449,1
22450,1
22451,0
22452,0
22453,1
22454,1
22455,1
22456,1
22457,0
22458,1
22459,1
22460,0
22461,1
22462,0
22463,1
22464,0
22465,1
22466,0
22467,1
22468,0
22469,1
22470,0
22471,0
22472,0
22473,1
22474,0
22475,1
22476,1
22477,0
22478,1
22479,1
22480,1
22481,1
22482,0
22483,1
22484,1
22485,0
22486,1
22487,1
22488,0
22489,0
22490,0
22491,0
22492,1
22493,0
22494,0
22495,1
22496,1
22497,0
22498,1
22499,1
22500,1
22501,1
22502,1
22503,0
22504,1
22505,0
22506,0
22507,1
22508,1
22509,1
22510,0
22511,0
22512,1
22513,1
22514,0
22515,1
22516,1
22517,0
22518,1
22519,1
22520,0
22521,1
22522,1
22523,1
22524,1
22525,1
22526,0
22527,1
22528,1
22529,1
22530,1
22531,1
22532,1
22533,1
22534,1
22535,1
22536,0
22537,0
22538,1
22539,1
22540,0
22541,0
22542,1
22543,1
22544,0
22545,0
22546,1
22547,1
22548,0
22549,1
22550,1
22551,0
22552,0
22553,1
22554,0
22555,1
22556,1
22557,0
22558,0
22559,1
22560,1
22561,1
22562,0
22563,1
22564,0
22565,1
22566,1
22567,0
22568,1
22569,0
22570,0
22571,1
22572,0
22573,1
22574,0
22575,0
22576,1
22577,0
22578,0
22579,0
22580,0
22581,0
22582,1
22583,1
22584,0
22585,1
22586,1
22587,0
22588,1
22589,1
22590,0
22591,1
22592,0
22593,0
22594,0
22595,1
22596,0
22597,0
22598,1
22599,1
22600,1
22601,1
22602,0
22603,1
22604,0
22605,1
22606,0
22607,1
22608,0
22609,1
22610,1
22611,1
22612,0
22613,0
22614,0
22615,0
22616,0
22617,0
22618,0
22619,1
22620,1
22621,1
22622,1
22623,1
22624,1
22625,1
22626,0
22627,0
22628,0
22629,0
22630,0
22631,1
22632,1
22633,0
22634,1
22635,1
22636,0
22637,1
22638,1
22639,0
22640,0
22641,0
22642,1
22643,0
22644,1
22645,0
22646,1
22647,1
22648,0
22649,0
22650,1
22651,0
22652,1
22653,0
22654,0
22655,0
22656,1
22657,1
22658,1
22659,0
22660,1
22661,1
22662,0
22663,1
22664,0
22665,1
22666,1
22667,0
22668,0
22669,1
22670,1
22671,0
22672,1
22673,0
22674,1
22675,0
22676,0
22677,1
22678,1
22679,0
22680,1
22681,1
22682,1
22683,0
22684,0
22685,1
22686,0
22687,1
22688,1
22689,1
22690,1
22691,1
22692,0
22693,1
22694,1
22695,0
22696,1
22697,1
22698,0
22699,1
22700,0
22701,0
22702,0
22703,1
22704,1
22705,1
22706,1
22707,1
22708,0
22709,1
22710,1
22711,0
22712,0
22713,1
22714,1
22715,0
22716,0
22717,1
22718,0
22719,0
22720,0
22721,0
22722,0
22723,0
22724,1
22725,0
22726,0
22727,0
22728,0
22729,1
22730,0
22731,0
22732,0
22733,0
22734,1
22735,1
22736,1
22737,1
22738,0
22739,0
22740,0
22741,1
22742,1
22743,0
22744,1
22745,1
22746,1
22747,0
22748,1
22749,1
22750,1
22751,1
22752,1
22753,0
22754,1
22755,1
22756,0
22757,1
22758,1
22759,1
22760,1
22761,1
22762,0
22763,0
22764,0
22765,0
22766,0
22767,0
22768,1
22769,0
22770,0
22771,1
22772,1
22773,1
22774,0
22775,1
22776,1
22777,0
22778,0
22779,0
22780,0
22781,0
22782,0
22783,0
22784,1
22785,1
22786,1
22787,1
22788,1
22789,0
22790,1
22791,0
22792,1
22793,1
22794,1
22795,1
22796,0
22797,0
22798,0
22799,0
22800,1
22801,1
22802,0
22803,1
22804,1
22805,1
22806,0
22807,1
22808,0
22809,0
22810,1
22811,1
22812,1
22813,0
22814,0
22815,0
22816,1
22817,0
22818,0
22819,0
22820,1
22821,1
22822,0
22823,1
22824,1
22825,1
22826,1
22827,1
22828,0
22829,1
22830,1
22831,1
22832,0
22833,1
22834,1
22835,1
22836,1
22837,1
22838,1
22839,1
22840,0
22841,1
22842,0
22843,0
22844,1
22845,0
22846,1
22847,0
22848,1
22849,1
22850,1
22851,0
22852,1
22853,0
22854,1
22855,1
22856,1
22857,1
22858,0
22859,0
22860,1
22861,1
22862,1
22863,0
22864,0
22865,0
22866,1
22867,1
22868,1
22869,0
22870,1
22871,0
22872,0
22873,1
22874,1
22875,0
22876,0
22877,0
22878,1
22879,1
22880,1
22881,1
22882,0
22883,1
22884,0
22885,1
22886,0
22887,0
22888,1
22889,1
22890,1
22891,0
22892,1
22893,0
22894,0
22895,0
22896,1
22897,0
22898,1
22899,0
22900,0
22901,1
22902,0
22903,1
22904,1
22905,1
22906,1
22907,1
22908,1
22909,0
22910,1
22911,1
22912,1
22913,1
22914,1
22915,0
22916,1
22917,1
22918,1
22919,1
22920,0
22921,1
22922,1
22923,0
22924,1
22925,1
22926,1
22927,1
22928,0
22929,0
22930,1
22931,1
22932,0
22933,1
22934,1
22935,0
22936,1
22937,1
22938,1
22939,0
22940,1
22941,0
22942,1
22943,1
22944,1
22945,0
22946,1
22947,0
22948,1
22949,1
22950,0
22951,0
22952,0
22953,0
22954,0
22955,0
22956,1
22957,1
22958,1
22959,1
22960,0
22961,0
22962,0
22963,1
22964,1
22965,1
22966,1
22967,1
22968,0
22969,1
22970,0
22971,1
22972,1
22973,1
22974,1
22975,1
22976,1
22977,0
22978,1
22979,0
22980,0
22981,1
22982,0
22983,0
22984,1
22985,0
22986,0
22987,0
22988,1
22989,1
22990,1
22991,0
22992,1
22993,0
22994,1
22995,1
22996,2
22997,0
22998,0
22999,0
23000,1
23001,0
23002,0
23003,1
23004,1
23005,1
23006,0
23007,1
23008,0
23009,0
23010,1
23011,1
23012,1
23013,1
23014,1
23015,1
23016,1
23017,1
23018,1
23019,1
23020,0
23021,1
23022,1
23023,0
23024,0
23025,0
23026,1
23027,0
23028,1
23029,1
23030,1
23031,1
23032,1
23033,1
23034,1
23035,0
23036,0
23037,0
23038,0
23039,1
23040,0
23041,1
23042,0
23043,1
23044,1
23045,0
23046,1
23047,0
23048,0
23049,1
23050,1
23051,1
23052,1
23053,0
23054,1
23055,1
23056,1
23057,1
23058,1
23059,1
23060,0
23061,0
23062,0
23063,0
23064,1
23065,1
23066,1
23067,0
23068,1
23069,1
23070,0
23071,0
23072,1
23073,0
23074,1
23075,1
23076,0
23077,0
23078,0
23079,1
23080,0
23081,1
23082,0
23083,0
23084,1
23085,1
23086,1
23087,0
23088,1
23089,1
23090,1
23091,0
23092,0
23093,1
23094,0
23095,1
23096,1
23097,0
23098,1
23099,1
23100,1
23101,0
23102,1
23103,1
23104,1
23105,1
23106,1
23107,1
23108,1
23109,1
23110,1
23111,1
23112,1
23113,1
23114,1
23115,0
23116,1
23117,1
23118,0
23119,1
23120,1
23121,1
23122,0
23123,1
23124,1
23125,0
23126,1
23127,0
23128,1
23129,0
23130,1
23131,0
23132,0
23133,0
23134,0
23135,0
23136,1
23137,1
23138,0
23139,1
23140,0
23141,0
23142,0
23143,1
23144,0
23145,0
23146,1
23147,1
23148,1
23149,0
23150,1
23151,1
23152,1
23153,0
23154,1
23155,0
23156,0
23157,1
23158,0
23159,1
23160,1
23161,1
23162,1
23163,1
23164,1
23165,1
23166,1
23167,1
23168,1
23169,1
23170,0
23171,1
23172,1
23173,1
23174,1
23175,0
23176,1
23177,1
23178,1
23179,1
23180,1
23181,1
23182,1
23183,1
23184,0
23185,1
23186,1
23187,0
23188,1
23189,0
23190,0
23191,1
23192,1
23193,0
23194,1
23195,0
23196,1
23197,0
23198,1
23199,1
23200,0
23201,1
23202,1
23203,0
23204,0
23205,1
23206,1
23207,1
23208,1
23209,0
23210,0
23211,1
23212,1
23213,1
23214,1
23215,0
23216,0
23217,1
23218,1
23219,0
23220,0
23221,0
23222,0
23223,1
23224,1
23225,0
23226,0
23227,0
23228,1
23229,0
23230,0
23231,0
23232,0
23233,0
23234,0
23235,1
23236,1
23237,0
23238,1
23239,0
23240,0
23241,0
23242,1
23243,0
23244,1
23245,1
23246,1
23247,1
23248,0
23249,1
23250,0
23251,0
23252,0
23253,0
23254,1
23255,0
23256,0
23257,1
23258,1
23259,0
23260,1
23261,1
23262,1
23263,1
23264,1
23265,0
23266,0
23267,1
23268,0
23269,1
23270,1
23271,1
23272,0
23273,0
23274,0
23275,0
23276,1
23277,1
23278,0
23279,0
23280,0
23281,1
23282,0
23283,0
23284,1
23285,0
23286,0
23287,0
23288,0
23289,1
23290,1
23291,0
23292,1
23293,0
23294,1
23295,0
23296,1
23297,1
23298,0
23299,1
23300,0
23301,1
23302,1
23303,1
23304,0
23305,1
23306,1
23307,1
23308,0
23309,0
23310,0
23311,0
23312,1
23313,0
23314,1
23315,0
23316,1
23317,1
23318,1
23319,0
23320,0
23321,1
23322,1
23323,0
23324,1
23325,1
23326,1
23327,0
23328,1
23329,1
23330,0
23331,1
23332,1
23333,0
23334,1
23335,1
23336,1
23337,0
23338,1
23339,1
23340,0
23341,1
23342,2
23343,1
23344,0
23345,0
23346,0
23347,1
23348,1
23349,1
23350,0
23351,1
23352,1
23353,0
23354,1
23355,1
23356,1
23357,1
23358,1
23359,0
23360,0
23361,0
23362,0
23363,1
23364,1
23365,0
23366,0
23367,0
23368,1
23369,0
23370,1
23371,1
23372,1
23373,1
23374,0
23375,1
23376,1
23377,1
23378,1
23379,1
23380,0
23381,1
23382,1
23383,0
23384,1
23385,0
23386,0
23387,1
23388,1
23389,0
23390,1
23391,0
23392,0
23393,1
23394,0
23395,1
23396,0
23397,0
23398,1
23399,1
23400,1
23401,1
23402,0
23403,1
23404,0
23405,1
23406,0
23407,1
23408,1
23409,0
23410,0
23411,1
23412,1
23413,1
23414,1
23415,1
23416,1
23417,0
23418,1
23419,1
23420,0
23421,1
23422,1
23423,1
23424,0
23425,0
23426,0
23427,0
23428,0
23429,1
23430,0
23431,0
23432,1
23433,1
23434,0
23435,1
23436,0
23437,1
23438,0
23439,1
23440,1
23441,0
23442,0
23443,0
23444,0
23445,0
23446,0
23447,0
23448,0
23449,0
23450,0
23451,0
23452,1
23453,1
23454,1
23455,1
23456,0
23457,1
23458,0
23459,1
23460,0
23461,1
23462,1
23463,0
23464,0
23465,1
23466,0
23467,1
23468,1
23469,0
23470,0
23471,0
23472,1
23473,1
23474,1
23475,1
23476,1
23477,0
23478,1
23479,1
23480,0
23481,0
23482,1
23483,0
23484,1
23485,1
23486,1
23487,1
23488,0
23489,0
23490,1
23491,0
23492,1
23493,1
23494,1
23495,0
23496,1
23497,0
23498,1
23499,1
23500,1
23501,1
23502,1
23503,1
23504,0
23505,0
23506,0
23507,1
23508,1
23509,0
23510,1
23511,1
23512,1
23513,1
23514,0
23515,0
23516,0
23517,0
23518,1
23519,0
23520,0
23521,1
23522,1
23523,1
23524,1
23525,0
23526,0
23527,1
23528,0
23529,1
23530,0
23531,1
23532,1
23533,0
23534,0
23535,1
23536,0
23537,1
23538,1
23539,1
23540,0
23541,1
23542,0
23543,1
23544,0
23545,1
23546,1
23547,0
23548,0
23549,1
23550,1
23551,1
23552,1
23553,1
23554,1
23555,0
23556,1
23557,0
23558,1
23559,0
23560,0
23561,0
23562,1
23563,0
23564,0
23565,0
23566,0
23567,0
23568,0
23569,0
23570,0
23571,0
23572,0
23573,1
23574,1
23575,0
23576,0
23577,0
23578,1
23579,1
23580,0
23581,0
23582,0
23583,1
23584,1
23585,1
23586,1
23587,1
23588,1
23589,0
23590,0
23591,0
23592,1
23593,1
23594,0
23595,0
23596,0
23597,1
23598,0
23599,1
23600,1
23601,1
23602,0
23603,1
23604,1
23605,1
23606,1
23607,0
23608,0
23609,0
23610,1
23611,0
23612,0
23613,1
23614,1
23615,0
23616,0
23617,0
23618,0
23619,1
23620,1
23621,0
23622,0
23623,1
23624,0
23625,1
23626,1
23627,0
23628,1
23629,0
23630,1
23631,1
23632,1
23633,1
23634,1
23635,1
23636,0
23637,1
23638,1
23639,1
23640,1
23641,1
23642,1
23643,0
23644,0
23645,0
23646,1
23647,1
23648,1
23649,0
23650,1
23651,1
23652,0
23653,0
23654,1
23655,1
23656,1
23657,1
23658,1
23659,0
23660,1
23661,1
23662,1
23663,1
23664,0
23665,1
23666,0
23667,0
23668,0
23669,1
23670,0
23671,0
23672,0
23673,0
23674,1
23675,1
23676,1
23677,1
23678,0
23679,1
23680,1
23681,0
23682,0
23683,1
23684,0
23685,1
23686,1
23687,1
23688,0
23689,0
23690,0
23691,0
23692,0
23693,1
23694,0
23695,1
23696,0
23697,0
23698,0
23699,0
23700,0
23701,0
23702,1
23703,0
23704,1
23705,0
23706,0
23707,1
23708,1
23709,1
23710,1
23711,1
23712,1
23713,1
23714,1
23715,1
23716,0
23717,1
23718,1
23719,1
23720,1
23721,0
23722,1
23723,0
23724,1
23725,1
23726,1
23727,0
23728,1
23729,1
23730,1
23731,1
23732,1
23733,1
23734,1
23735,0
23736,1
23737,1
23738,1
23739,1
23740,0
23741,1
23742,1
23743,1
23744,0
23745,1
23746,0
23747,0
23748,0
23749,1
23750,0
23751,1
23752,1
23753,0
23754,0
23755,0
23756,1
23757,1
23758,1
23759,0
23760,0
23761,1
23762,1
23763,0
23764,1
23765,1
23766,0
23767,1
23768,0
23769,0
23770,0
23771,0
23772,0
23773,0
23774,1
23775,0
23776,1
23777,1
23778,1
23779,0
23780,0
23781,0
23782,0
23783,0
23784,1
23785,1
23786,0
23787,0
23788,1
23789,1
23790,1
23791,0
23792,0
23793,1
23794,1
23795,1
23796,0
23797,1
23798,1
23799,1
23800,0
23801,0
23802,1
23803,1
23804,1
23805,1
23806,1
23807,0
23808,0
23809,0
23810,1
23811,1
23812,0
23813,0
23814,0
23815,1
23816,1
23817,1
23818,1
23819,0
23820,1
23821,1
23822,0
23823,0
23824,1
23825,1
23826,1
23827,0
23828,0
23829,0
23830,1
23831,1
23832,1
23833,1
23834,1
23835,1
23836,1
23837,2
23838,1
23839,0
23840,1
23841,0
23842,0
23843,0
23844,0
23845,1
23846,0
23847,1
23848,0
23849,1
23850,0
23851,0
23852,0
23853,0
23854,1
23855,1
23856,0
23857,1
23858,1
23859,0
23860,1
23861,1
23862,0
23863,0
23864,0
23865,0
23866,1
23867,1
23868,0
23869,0
23870,0
23871,0
23872,2
23873,0
23874,1
23875,1
23876,1
23877,1
23878,1
23879,0
23880,1
23881,1
23882,1
23883,1
23884,1
23885,1
23886,0
23887,1
23888,0
23889,1
23890,1
23891,0
23892,0
23893,1
23894,0
23895,1
23896,1
23897,0
23898,1
23899,0
23900,0
23901,1
23902,0
23903,1
23904,1
23905,1
23906,0
23907,0
23908,0
23909,1
23910,0
23911,1
23912,1
23913,1
23914,1
23915,0
23916,0
23917,1
23918,1
23919,0
23920,1
23921,0
23922,0
23923,0
23924,1
23925,0
23926,0
23927,1
23928,0
23929,0
23930,0
23931,1
23932,1
23933,0
23934,1
23935,1
23936,0
23937,1
23938,1
23939,0
23940,1
23941,1
23942,0
23943,1
23944,1
23945,0
23946,1
23947,1
23948,1
23949,1
23950,1
23951,1
23952,1
23953,0
23954,0
23955,0
23956,1
23957,1
23958,1
23959,0
23960,1
23961,0
23962,0
23963,0
23964,1
23965,1
23966,1
23967,0
23968,1
23969,0
23970,1
23971,0
23972,1
23973,0
23974,1
23975,0
23976,1
23977,1
23978,0
23979,1
23980,0
23981,0
23982,0
23983,1
23984,1
23985,1
23986,1
23987,0
23988,0
23989,1
23990,0
23991,0
23992,0
23993,0
23994,1
23995,1
23996,0
23997,1
23998,0
23999,0
24000,1
24001,1
24002,0
24003,1
24004,0
24005,0
24006,1
24007,0
24008,0
24009,1
24010,1
24011,1
24012,0
24013,0
24014,0
24015,0
24016,0
24017,1
24018,1
24019,0
24020,1
24021,0
24022,0
24023,1
24024,1
24025,1
24026,1
24027,1
24028,1
24029,1
24030,1
24031,0
24032,0
24033,1
24034,1
24035,1
24036,0
24037,1
24038,0
24039,0
24040,1
24041,1
24042,0
24043,0
24044,0
24045,1
24046,1
24047,0
24048,1
24049,1
24050,1
24051,0
24052,0
24053,1
24054,1
24055,1
24056,1
24057,1
24058,1
24059,0
24060,1
24061,1
24062,1
24063,0
24064,1
24065,1
24066,0
24067,0
24068,0
24069,1
24070,0
24071,1
24072,1
24073,1
24074,0
24075,1
24076,0
24077,0
24078,0
24079,0
24080,0
24081,1
24082,0
24083,0
24084,1
24085,0
24086,1
24087,1
24088,1
24089,1
24090,1
24091,1
24092,1
24093,1
24094,1
24095,1
24096,0
24097,1
24098,1
24099,1
24100,1
24101,1
24102,0
24103,0
24104,1
24105,1
24106,1
24107,1
24108,1
24109,1
24110,1
24111,1
24112,0
24113,1
24114,1
24115,1
24116,0
24117,0
24118,1
24119,0
24120,0
24121,1
24122,1
24123,0
24124,0
24125,1
24126,1
24127,1
24128,0
24129,1
24130,1
24131,0
24132,0
24133,1
24134,0
24135,0
24136,0
24137,1
24138,0
24139,1
24140,1
24141,0
24142,1
24143,1
24144,0
24145,0
24146,1
24147,0
24148,1
24149,1
24150,1
24151,0
24152,1
24153,1
24154,0
24155,1
24156,0
24157,1
24158,1
24159,1
24160,1
24161,1
24162,1
24163,1
24164,0
24165,0
24166,0
24167,1
24168,1
24169,1
24170,1
24171,1
24172,0
24173,0
24174,0
24175,1
24176,0
24177,1
24178,1
24179,1
24180,1
24181,0
24182,1
24183,0
24184,0
24185,1
24186,1
24187,1
24188,1
24189,1
24190,0
24191,1
24192,1
24193,0
24194,0
24195,1
24196,1
24197,1
24198,1
24199,0
24200,1
24201,0
24202,1
24203,0
24204,0
24205,0
24206,1
24207,1
24208,1
24209,1
24210,0
24211,1
24212,0
24213,0
24214,1
24215,1
24216,1
24217,1
24218,0
24219,1
24220,1
24221,1
24222,0
24223,1
24224,1
24225,0
24226,1
24227,1
24228,0
24229,1
24230,1
24231,1
24232,1
24233,0
24234,0
24235,0
24236,1
24237,1
24238,0
24239,0
24240,1
24241,0
24242,0
24243,0
24244,1
24245,0
24246,0
24247,0
24248,0
24249,1
24250,0
24251,1
24252,1
24253,1
24254,0
24255,1
24256,1
24257,1
24258,1
24259,0
24260,1
24261,1
24262,0
24263,1
24264,1
24265,1
24266,1
24267,1
24268,1
24269,1
24270,1
24271,1
24272,1
24273,0
24274,1
24275,0
24276,1
24277,0
24278,1
24279,0
24280,0
24281,1
24282,0
24283,1
24284,0
24285,0
24286,1
24287,0
24288,1
24289,0
24290,1
24291,0
24292,0
24293,1
24294,1
24295,1
24296,0
24297,1
24298,1
24299,1
24300,1
24301,1
24302,1
24303,0
24304,1
24305,0
24306,0
24307,0
24308,0
24309,1
24310,1
24311,0
24312,1
24313,0
24314,1
24315,0
24316,0
24317,0
24318,0
24319,1
24320,0
24321,1
24322,1
24323,0
24324,1
24325,0
24326,0
24327,1
24328,0
24329,0
24330,0
24331,1
24332,1
24333,0
24334,1
24335,0
24336,1
24337,0
24338,1
24339,0
24340,1
24341,1
24342,0
24343,1
24344,1
24345,1
24346,1
24347,1
24348,0
24349,0
24350,1
24351,0
24352,1
24353,0
24354,1
24355,1
24356,1
24357,1
24358,0
24359,0
24360,0
24361,1
24362,1
24363,1
24364,0
24365,0
24366,1
24367,0
24368,1
24369,0
24370,1
24371,0
24372,1
24373,0
24374,0
24375,0
24376,0
24377,1
24378,1
24379,1
24380,1
24381,1
24382,0
24383,0
24384,0
24385,0
24386,1
24387,0
24388,1
24389,0
24390,1
24391,0
24392,0
24393,0
24394,1
24395,0
24396,1
24397,1
24398,1
24399,1
24400,0
24401,1
24402,1
24403,0
24404,0
24405,1
24406,1
24407,0
24408,0
24409,0
24410,1
24411,0
24412,1
24413,0
24414,0
24415,1
24416,1
24417,0
24418,0
24419,1
24420,1
24421,1
24422,0
24423,0
24424,1
24425,0
24426,1
24427,0
24428,1
24429,1
24430,0
24431,1
24432,0
24433,0
24434,0
24435,1
24436,0
24437,0
24438,1
24439,0
24440,1
24441,1
24442,1
24443,1
24444,0
24445,1
24446,0
24447,0
24448,0
24449,1
24450,1
24451,1
24452,1
24453,1
24454,0
24455,0
24456,1
24457,0
24458,0
24459,1
24460,0
24461,1
24462,1
24463,0
24464,0
24465,1
24466,0
24467,0
24468,1
24469,1
24470,1
24471,1
24472,1
24473,0
24474,1
24475,1
24476,1
24477,1
24478,1
24479,0
24480,0
24481,0
24482,1
24483,0
24484,1
24485,1
24486,0
24487,1
24488,1
24489,1
24490,1
24491,0
24492,1
24493,0
24494,0
24495,0
24496,0
24497,0
24498,1
24499,0
24500,1
24501,2
24502,1
24503,1
24504,1
24505,1
24506,0
24507,1
24508,0
24509,1
24510,0
24511,1
24512,1
24513,0
24514,0
24515,1
24516,0
24517,1
24518,1
24519,0
24520,0
24521,1
24522,0
24523,1
24524,0
24525,1
24526,0
24527,1
24528,0
24529,0
24530,1
24531,1
24532,0
24533,0
24534,0
24535,1
24536,0
24537,0
24538,1
24539,0
24540,0
24541,1
24542,1
24543,1
24544,0
24545,0
24546,1
24547,1
24548,1
24549,1
24550,1
24551,1
24552,1
24553,0
24554,1
24555,1
24556,1
24557,0
24558,0
24559,1
24560,1
24561,1
24562,1
24563,0
24564,1
24565,1
24566,1
24567,1
24568,1
24569,1
24570,1
24571,1
24572,1
24573,0
24574,0
24575,0
24576,1
24577,0
24578,0
24579,0
24580,0
24581,1
24582,1
24583,1
24584,0
24585,1
24586,1
24587,1
24588,1
24589,1
24590,1
24591,1
24592,1
24593,0
24594,1
24595,1
24596,1
24597,1
24598,1
24599,0
24600,1
24601,1
24602,1
24603,0
24604,1
24605,0
24606,0
24607,0
24608,1
24609,1
24610,1
24611,1
24612,0
24613,1
24614,1
24615,0
24616,0
24617,1
24618,1
24619,0
24620,1
24621,1
24622,1
24623,0
24624,1
24625,0
24626,1
24627,1
24628,1
24629,1
24630,1
24631,0
24632,1
24633,1
24634,1
24635,1
24636,0
24637,1
24638,1
24639,1
24640,0
24641,0
24642,0
24643,1
24644,0
24645,1
24646,1
24647,1
24648,1
24649,1
24650,0
24651,0
24652,1
24653,1
24654,1
24655,1
24656,1
24657,1
24658,1
24659,0
24660,1
24661,1
24662,1
24663,1
24664,1
24665,1
24666,0
24667,1
24668,1
24669,1
24670,1
24671,1
24672,1
24673,1
24674,0
24675,1
24676,1
24677,0
24678,0
24679,1
24680,1
24681,1
24682,1
24683,0
24684,0
24685,1
24686,1
24687,1
24688,1
24689,0
24690,0
24691,1
24692,1
24693,1
24694,0
24695,0
24696,0
24697,1
24698,0
24699,1
24700,0
24701,0
24702,1
24703,1
24704,1
24705,1
24706,0
24707,0
24708,1
24709,1
24710,1
24711,1
24712,1
24713,0
24714,0
24715,0
24716,0
24717,1
24718,0
24719,1
24720,1
24721,0
24722,0
24723,0
24724,1
24725,0
24726,0
24727,0
24728,0
24729,1
24730,1
24731,0
24732,0
24733,0
24734,0
24735,1
24736,1
24737,0
24738,0
24739,1
24740,1
24741,1
24742,1
24743,1
24744,0
24745,0
24746,1
24747,1
24748,0
24749,0
24750,0
24751,0
24752,1
24753,0
24754,1
24755,0
24756,1
24757,1
24758,1
24759,1
24760,0
24761,0
24762,1
24763,0
24764,0
24765,1
24766,1
24767,0
24768,0
24769,0
24770,0
24771,1
24772,0
24773,0
24774,0
24775,0
24776,1
24777,1
24778,0
24779,0
24780,0
24781,1
24782,0
24783,0
24784,1
24785,1
24786,0
24787,1
24788,0
24789,1
24790,1
24791,1
24792,1
24793,1
24794,0
24795,1
24796,1
24797,1
24798,1
24799,1
24800,0
24801,0
24802,1
24803,1
24804,0
24805,1
24806,0
24807,1
24808,1
24809,1
24810,1
24811,1
24812,1
24813,0
24814,0
24815,0
24816,1
24817,0
24818,0
24819,0
24820,0
24821,1
24822,1
24823,1
24824,1
24825,1
24826,1
24827,1
24828,0
24829,1
24830,1
24831,1
24832,0
24833,1
24834,1
24835,0
24836,0
24837,0
24838,0
24839,1
24840,0
24841,0
24842,0
24843,1
24844,1
24845,1
24846,0
24847,0
24848,0
24849,1
24850,0
24851,1
24852,0
24853,0
24854,0
24855,0
24856,1
24857,0
24858,1
24859,1
24860,0
24861,0
24862,1
24863,0
24864,1
24865,1
24866,1
24867,0
24868,1
24869,1
24870,1
24871,0
24872,0
24873,1
24874,1
24875,1
24876,1
24877,1
24878,1
24879,0
24880,1
24881,1
24882,1
24883,0
24884,1
24885,0
24886,0
24887,0
24888,1
24889,1
24890,1
24891,0
24892,1
24893,1
24894,1
24895,1
24896,0
24897,1
24898,1
24899,1
24900,1
24901,0
24902,1
24903,0
24904,0
24905,0
24906,1
24907,0
24908,1
24909,1
24910,0
24911,0
24912,0
24913,1
24914,0
24915,1
24916,1
24917,0
24918,1
24919,0
24920,0
24921,0
24922,0
24923,1
24924,1
24925,0
24926,0
24927,0
24928,0
24929,0
24930,0
24931,1
24932,0
24933,1
24934,1
24935,1
24936,0
24937,1
24938,1
24939,1
24940,0
24941,0
24942,0
24943,1
24944,0
24945,1
24946,0
24947,0
24948,0
24949,1
24950,0
24951,0
24952,1
24953,1
24954,1
24955,0
24956,1
24957,0
24958,0
24959,0
24960,1
24961,0
24962,1
24963,1
24964,0
24965,0
24966,1
24967,1
24968,0
24969,1
24970,1
24971,0
24972,1
24973,0
24974,1
24975,0
24976,1
24977,0
24978,1
24979,1
24980,1
24981,0
24982,0
24983,1
24984,0
24985,1
24986,1
24987,1
24988,0
24989,1
24990,1
24991,0
24992,0
24993,0
24994,0
24995,1
24996,1
24997,1
24998,1
24999,1
25000,0
25001,1
25002,0
25003,0
25004,1
25005,1
25006,1
25007,0
25008,0
25009,1
25010,1
25011,1
25012,1
25013,0
25014,0
25015,0
25016,0
25017,1
25018,1
25019,0
25020,0
25021,0
25022,0
25023,0
25024,1
25025,0
25026,0
25027,1
25028,0
25029,1
25030,0
25031,0
25032,1
25033,0
25034,1
25035,1
25036,0
25037,0
25038,1
25039,0
25040,0
25041,1
25042,0
25043,1
25044,1
25045,1
25046,0
25047,1
25048,1
25049,0
25050,1
25051,1
25052,1
25053,0
25054,1
25055,1
25056,0
25057,1
25058,0
25059,1
25060,0
25061,0
25062,1
25063,1
25064,1
25065,1
25066,0
25067,1
25068,1
25069,1
25070,0
25071,1
25072,0
25073,0
25074,1
25075,1
25076,1
25077,1
25078,1
25079,0
25080,0
25081,0
25082,0
25083,1
25084,0
25085,0
25086,1
25087,1
25088,0
25089,0
25090,1
25091,1
25092,0
25093,1
25094,1
25095,1
25096,1
25097,1
25098,1
25099,1
25100,1
25101,1
25102,0
25103,1
25104,0
25105,0
25106,0
25107,1
25108,1
25109,1
25110,0
25111,1
25112,1
25113,0
25114,1
25115,1
25116,1
25117,1
25118,1
25119,0
25120,1
25121,1
25122,1
25123,0
25124,0
25125,0
25126,1
25127,1
25128,0
25129,0
25130,1
25131,1
25132,1
25133,0
25134,0
25135,1
25136,0
25137,1
25138,0
25139,0
25140,0
25141,0
25142,0
25143,1
25144,0
25145,0
25146,1
25147,1
25148,0
25149,1
25150,1
25151,0
25152,0
25153,1
25154,1
25155,0
25156,1
25157,0
25158,0
25159,0
25160,0
25161,1
25162,1
25163,0
25164,0
25165,0
25166,1
25167,0
25168,0
25169,1
25170,1
25171,1
25172,1
25173,1
25174,0
25175,1
25176,1
25177,1
25178,1
25179,0
25180,0
25181,0
25182,1
25183,1
25184,0
25185,0
25186,1
25187,0
25188,0
25189,1
25190,1
25191,0
25192,0
25193,0
25194,1
25195,0
25196,1
25197,0
25198,1
25199,0
25200,1
25201,0
25202,1
25203,1
25204,0
25205,0
25206,0
25207,1
25208,0
25209,1
25210,1
25211,1
25212,1
25213,0
25214,0
25215,0
25216,1
25217,1
25218,1
25219,0
25220,1
25221,0
25222,0
25223,0
25224,0
25225,1
25226,1
25227,0
25228,0
25229,1
25230,0
25231,1
25232,1
25233,1
25234,0
25235,0
25236,0
25237,0
25238,0
25239,1
25240,0
25241,0
25242,0
25243,1
25244,0
25245,0
25246,0
25247,0
25248,1
25249,1
25250,0
25251,0
25252,1
25253,0
25254,0
25255,0
25256,1
25257,0
25258,1
25259,0
25260,1
25261,0
25262,1
25263,0
25264,1
25265,1
25266,1
25267,1
25268,1
25269,0
25270,1
25271,1
25272,0
25273,1
25274,0
25275,1
25276,0
25277,0
25278,1
25279,1
25280,1
25281,0
25282,0
25283,1
25284,1
25285,1
25286,1
25287,0
25288,0
25289,0
25290,0
25291,1
25292,1
25293,0
25294,0
25295,0
25296,0
25297,0
25298,1
25299,1
25300,0
25301,1
25302,1
25303,0
25304,1
25305,0
25306,0
25307,0
25308,0
25309,0
25310,0
25311,1
25312,1
25313,1
25314,0
25315,1
25316,1
25317,1
25318,0
25319,0
25320,0
25321,1
25322,1
25323,0
25324,0
25325,1
25326,1
25327,1
25328,0
25329,1
25330,1
25331,0
25332,1
25333,1
25334,1
25335,1
25336,1
25337,0
25338,1
25339,0
25340,0
25341,0
25342,0
25343,0
25344,0
25345,0
25346,1
25347,0
25348,1
25349,0
25350,0
25351,1
25352,0
25353,0
25354,0
25355,0
25356,1
25357,0
25358,0
25359,0
25360,0
25361,0
25362,1
25363,1
25364,0
25365,0
25366,1
25367,0
25368,0
25369,0
25370,1
25371,1
25372,1
25373,1
25374,0
25375,0
25376,1
25377,0
25378,0
25379,0
25380,1
25381,0
25382,1
25383,0
25384,0
25385,1
25386,1
25387,1
25388,1
25389,1
25390,1
25391,1
25392,1
25393,1
25394,1
25395,0
25396,0
25397,0
25398,1
25399,1
25400,1
25401,0
25402,0
25403,0
25404,1
25405,1
25406,1
25407,0
25408,1
25409,0
25410,0
25411,0
25412,1
25413,0
25414,0
25415,0
25416,1
25417,0
25418,1
25419,0
25420,0
25421,0
25422,0
25423,0
25424,0
25425,1
25426,1
25427,1
25428,0
25429,1
25430,1
25431,1
25432,1
25433,0
25434,0
25435,1
25436,1
25437,0
25438,1
25439,0
25440,0
25441,1
25442,1
25443,0
25444,0
25445,0
25446,1
25447,0
25448,0
25449,1
25450,1
25451,0
25452,1
25453,0
25454,1
25455,0
25456,0
25457,0
25458,1
25459,1
25460,0
25461,0
25462,1
25463,0
25464,1
25465,1
25466,1
25467,0
25468,0
25469,1
25470,1
25471,1
25472,0
25473,1
25474,1
25475,0
25476,0
25477,0
25478,0
25479,1
25480,0
25481,1
25482,0
25483,0
25484,0
25485,1
25486,1
25487,0
25488,0
25489,1
25490,1
25491,1
25492,1
25493,0
25494,1
25495,0
25496,0
25497,1
25498,0
25499,0
25500,0
25501,0
25502,0
25503,0
25504,0
25505,1
25506,0
25507,0
25508,1
25509,0
25510,1
25511,1
25512,0
25513,1
25514,0
25515,1
25516,1
25517,0
25518,1
25519,1
25520,0
25521,1
25522,1
25523,1
25524,0
25525,1
25526,0
25527,0
25528,0
25529,1
25530,0
25531,0
25532,0
25533,0
25534,0
25535,1
25536,0
25537,0
25538,0
25539,1
25540,0
25541,1
25542,0
25543,0
25544,1
25545,0
25546,0
25547,0
25548,1
25549,0
25550,0
25551,0
25552,0
25553,0
25554,1
25555,0
25556,1
25557,1
25558,1
25559,1
25560,1
25561,0
25562,0
25563,1
25564,0
25565,1
25566,0
25567,1
25568,1
25569,0
25570,0
25571,1
25572,0
25573,0
25574,0
25575,0
25576,0
25577,1
25578,1
25579,1
25580,1
25581,0
25582,0
25583,1
25584,1
25585,1
25586,0
25587,0
25588,1
25589,0
25590,0
25591,0
25592,0
25593,1
25594,0
25595,0
25596,0
25597,0
25598,1
25599,1
25600,0
25601,0
25602,0
25603,1
25604,0
25605,1
25606,0
25607,1
25608,1
25609,0
25610,0
25611,0
25612,0
25613,0
25614,0
25615,1
25616,0
25617,0
25618,1
25619,1
25620,0
25621,1
25622,1
25623,0
25624,0
25625,0
25626,1
25627,0
25628,0
25629,0
25630,1
25631,0
25632,0
25633,1
25634,0
25635,0
25636,0
25637,0
25638,0
25639,1
25640,1
25641,1
25642,0
25643,0
25644,0
25645,0
25646,0
25647,0
25648,1
25649,0
25650,0
25651,0
25652,0
25653,0
25654,1
25655,1
25656,0
25657,0
25658,1
25659,1
25660,1
25661,0
25662,1
25663,1
25664,1
25665,1
25666,0
25667,0
25668,1
25669,1
25670,0
25671,0
25672,1
25673,0
25674,0
25675,1
25676,1
25677,1
25678,1
25679,0
25680,1
25681,0
25682,1
25683,1
25684,1
25685,0
25686,0
25687,0
25688,0
25689,1
25690,0
25691,0
25692,0
25693,1
25694,1
25695,0
25696,1
25697,1
25698,1
25699,0
25700,1
25701,0
25702,1
25703,0
25704,1
25705,0
25706,0
25707,0
25708,0
25709,1
25710,1
25711,1
25712,0
25713,0
25714,1
25715,0
25716,0
25717,1
25718,1
25719,1
25720,0
25721,0
25722,0
25723,0
25724,0
25725,1
25726,1
25727,1
25728,0
25729,1
25730,0
25731,0
25732,0
25733,1
25734,0
25735,1
25736,1
25737,1
25738,0
25739,1
25740,0
25741,1
25742,0
25743,1
25744,0
25745,1
25746,1
25747,1
25748,1
25749,0
25750,0
25751,1
25752,1
25753,1
25754,0
25755,1
25756,1
25757,1
25758,0
25759,0
25760,0
25761,1
25762,1
25763,1
25764,1
25765,0
25766,0
25767,1
25768,0
25769,1
25770,0
25771,1
25772,1
25773,1
25774,1
25775,0
25776,0
25777,0
25778,1
25779,0
25780,1
25781,0
25782,0
25783,0
25784,0
25785,1
25786,1
25787,0
25788,1
25789,0
25790,0
25791,1
25792,0
25793,0
25794,1
25795,0
25796,0
25797,1
25798,1
25799,0
25800,1
25801,0
25802,1
25803,1
25804,1
25805,0
25806,1
25807,1
25808,0
25809,1
25810,0
25811,0
25812,0
25813,1
25814,1
25815,0
25816,1
25817,0
25818,0
25819,0
25820,0
25821,0
25822,0
25823,0
25824,0
25825,0
25826,1
25827,1
25828,0
25829,1
25830,0
25831,1
25832,1
25833,0
25834,0
25835,0
25836,0
25837,0
25838,1
25839,0
25840,1
25841,0
25842,1
25843,0
25844,0
25845,1
25846,1
25847,0
25848,1
25849,1
25850,1
25851,1
25852,0
25853,0
25854,0
25855,0
25856,0
25857,1
25858,1
25859,1
25860,0
25861,1
25862,1
25863,0
25864,1
25865,0
25866,0
25867,0
25868,0
25869,0
25870,0
25871,1
25872,1
25873,1
25874,0
25875,0
25876,0
25877,1
25878,0
25879,0
25880,0
25881,1
25882,1
25883,0
25884,1
25885,1
25886,1
25887,0
25888,0
25889,1
25890,1
25891,1
25892,0
25893,1
25894,1
25895,1
25896,0
25897,0
25898,1
25899,0
25900,0
25901,0
25902,1
25903,1
25904,0
25905,1
25906,0
25907,1
25908,0
25909,1
25910,0
25911,1
25912,1
25913,1
25914,0
25915,1
25916,1
25917,0
25918,0
25919,0
25920,0
25921,0
25922,1
25923,0
25924,0
25925,0
25926,1
25927,0
25928,1
25929,1
25930,0
25931,0
25932,1
25933,1
25934,1
25935,0
25936,1
25937,0
25938,1
25939,1
25940,1
25941,1
25942,0
25943,1
25944,0
25945,1
25946,0
25947,1
25948,1
25949,1
25950,0
25951,1
25952,1
25953,0
25954,1
25955,0
25956,1
25957,0
25958,1
25959,1
25960,0
25961,1
25962,0
25963,1
25964,0
25965,0
25966,1
25967,0
25968,0
25969,0
25970,0
25971,1
25972,0
25973,0
25974,0
25975,0
25976,0
25977,1
25978,0
25979,0
25980,1
25981,1
25982,0
25983,0
25984,0
25985,0
25986,0
25987,1
25988,0
25989,1
25990,0
25991,1
25992,0
25993,0
25994,1
25995,1
25996,1
25997,1
25998,0
25999,0
26000,1
26001,0
26002,0
26003,0
26004,1
26005,0
26006,1
26007,0
26008,0
26009,0
26010,1
26011,0
26012,1
26013,0
26014,0
26015,1
26016,0
26017,0
26018,0
26019,1
26020,0
26021,0
26022,0
26023,0
26024,0
26025,0
26026,0
26027,1
26028,0
26029,0
26030,1
26031,1
26032,0
26033,1
26034,0
26035,0
26036,0
26037,0
26038,0
26039,0
26040,1
26041,1
26042,1
26043,0
26044,1
26045,0
26046,0
26047,0
26048,1
26049,1
26050,0
26051,0
26052,0
26053,1
26054,0
26055,1
26056,1
26057,0
26058,0
26059,0
26060,0
26061,0
26062,0
26063,0
26064,0
26065,1
26066,0
26067,0
26068,0
26069,0
26070,1
26071,0
26072,0
26073,0
26074,0
26075,1
26076,0
26077,0
26078,1
26079,0
26080,1
26081,1
26082,1
26083,0
26084,1
26085,0
26086,1
26087,1
26088,0
26089,1
26090,0
26091,0
26092,1
26093,1
26094,0
26095,0
26096,1
26097,0
26098,0
26099,0
26100,1
26101,0
26102,0
26103,0
26104,0
26105,0
26106,1
26107,0
26108,1
26109,0
26110,0
26111,0
26112,0
26113,1
26114,0
26115,1
26116,1
26117,0
26118,0
26119,0
26120,0
26121,1
26122,1
26123,0
26124,1
26125,0
26126,0
26127,1
26128,0
26129,0
26130,0
26131,0
26132,0
26133,0
26134,0
26135,0
26136,0
26137,0
26138,1
26139,1
26140,0
26141,0
26142,0
26143,1
26144,0
26145,0
26146,0
26147,0
26148,1
26149,0
26150,1
26151,0
26152,0
26153,1
26154,1
26155,1
26156,1
26157,0
26158,0
26159,0
26160,0
26161,0
26162,0
26163,1
26164,1
26165,0
26166,1
26167,1
26168,0
26169,1
26170,0
26171,1
26172,1
26173,1
26174,1
26175,1
26176,1
26177,0
26178,0
26179,0
26180,1
26181,0
26182,1
26183,0
26184,0
26185,0
26186,0
26187,1
26188,0
26189,1
26190,0
26191,0
26192,0
26193,1
26194,0
26195,1
26196,1
26197,1
26198,1
26199,0
26200,0
26201,1
26202,0
26203,0
26204,0
26205,1
26206,0
26207,0
26208,0
26209,1
26210,0
26211,1
26212,1
26213,1
26214,1
26215,0
26216,1
26217,0
26218,0
26219,1
26220,1
26221,1
26222,0
26223,1
26224,0
26225,0
26226,0
26227,0
26228,1
26229,0
26230,0
26231,1
26232,0
26233,0
26234,1
26235,0
26236,0
26237,1
26238,0
26239,0
26240,0
26241,0
26242,0
26243,0
26244,0
26245,0
26246,0
26247,0
26248,0
26249,0
26250,0
26251,1
26252,1
26253,0
26254,0
26255,0
26256,0
26257,1
26258,0
26259,0
26260,1
26261,1
26262,1
26263,1
26264,0
26265,0
26266,0
26267,1
26268,1
26269,0
26270,0
26271,0
26272,0
26273,1
26274,0
26275,1
26276,1
26277,0
26278,1
26279,0
26280,1
26281,0
26282,0
26283,0
26284,1
26285,0
26286,0
26287,0
26288,1
26289,1
26290,0
26291,0
26292,0
26293,0
26294,1
26295,1
26296,0
26297,0
26298,0
26299,0
26300,0
26301,0
26302,1
26303,1
26304,1
26305,1
26306,0
26307,0
26308,0
26309,0
26310,1
26311,0
26312,0
26313,0
26314,1
26315,0
26316,0
26317,1
26318,0
26319,1
26320,1
26321,1
26322,1
26323,0
26324,1
26325,1
26326,0
26327,1
26328,1
26329,0
26330,1
26331,1
26332,1
26333,1
26334,1
26335,0
26336,1
26337,1
26338,1
26339,1
26340,0
26341,0
26342,0
26343,1
26344,1
26345,0
26346,0
26347,0
26348,0
26349,0
26350,1
26351,1
26352,0
26353,1
26354,1
26355,0
26356,0
26357,0
26358,0
26359,1
26360,1
26361,0
26362,1
26363,1
26364,0
26365,0
26366,0
26367,1
26368,0
26369,0
26370,1
26371,1
26372,0
26373,0
26374,0
26375,1
26376,1
26377,0
26378,0
26379,0
26380,0
26381,0
26382,0
26383,0
26384,1
26385,0
26386,0
26387,0
26388,0
26389,1
26390,1
26391,0
26392,1
26393,1
26394,1
26395,1
26396,1
26397,1
26398,1
26399,1
26400,0
26401,0
26402,0
26403,1
26404,0
26405,0
26406,0
26407,1
26408,0
26409,1
26410,0
26411,0
26412,1
26413,0
26414,0
26415,0
26416,1
26417,1
26418,1
26419,1
26420,1
26421,1
26422,1
26423,0
26424,0
26425,0
26426,0
26427,0
26428,0
26429,0
26430,1
26431,0
26432,0
26433,0
26434,0
26435,0
26436,0
26437,0
26438,1
26439,0
26440,1
26441,0
26442,1
26443,0
26444,0
26445,0
26446,0
26447,0
26448,0
26449,1
26450,0
26451,0
26452,1
26453,0
26454,0
26455,1
26456,0
26457,0
26458,0
26459,1
26460,0
26461,0
26462,0
26463,0
26464,1
26465,1
26466,0
26467,0
26468,0
26469,1
26470,0
26471,1
26472,0
26473,0
26474,0
26475,0
26476,0
26477,0
26478,0
26479,0
26480,0
26481,0
26482,0
26483,0
26484,0
26485,1
26486,1
26487,0
26488,0
26489,0
26490,0
26491,1
26492,0
26493,0
26494,0
26495,1
26496,0
26497,0
26498,1
26499,0
26500,1
26501,1
26502,1
26503,0
26504,0
26505,0
26506,0
26507,0
26508,1
26509,0
26510,1
26511,1
26512,1
26513,1
26514,0
26515,1
26516,0
26517,0
26518,1
26519,0
26520,1
26521,0
26522,1
26523,0
26524,1
26525,0
26526,0
26527,1
26528,0
26529,1
26530,1
26531,0
26532,0
26533,0
26534,0
26535,0
26536,0
26537,0
26538,1
26539,0
26540,1
26541,1
26542,0
26543,0
26544,0
26545,1
26546,0
26547,0
26548,1
26549,0
26550,0
26551,0
26552,0
26553,1
26554,1
26555,0
26556,1
26557,0
26558,1
26559,1
26560,1
26561,0
26562,0
26563,1
26564,0
26565,1
26566,0
26567,0
26568,0
26569,0
26570,0
26571,1
26572,0
26573,0
26574,0
26575,1
26576,0
26577,0
26578,0
26579,0
26580,1
26581,0
26582,0
26583,0
26584,0
26585,0
26586,1
26587,0
26588,0
26589,0
26590,1
26591,2
26592,1
26593,1
26594,0
26595,0
26596,0
26597,0
26598,0
26599,0
26600,0
26601,0
26602,1
26603,0
26604,0
26605,1
26606,0
26607,0
26608,1
26609,1
26610,0
26611,0
26612,0
26613,0
26614,1
26615,0
26616,0
26617,0
26618,1
26619,0
26620,0
26621,0
26622,0
26623,0
26624,1
26625,1
26626,0
26627,0
26628,0
26629,0
26630,1
26631,1
26632,0
26633,0
26634,1
26635,0
26636,0
26637,0
26638,0
26639,1
26640,0
26641,1
26642,1
26643,0
26644,0
26645,0
26646,0
26647,1
26648,1
26649,0
26650,0
26651,0
26652,0
26653,1
26654,0
26655,0
26656,1
26657,1
26658,0
26659,0
26660,0
26661,0
26662,1
26663,0
26664,0
26665,0
26666,0
26667,0
26668,1
26669,0
26670,1
26671,0
26672,0
26673,0
26674,0
26675,1
26676,0
26677,1
26678,0
26679,1
26680,0
26681,0
26682,1
26683,1
26684,0
26685,0
26686,0
26687,0
26688,1
26689,0
26690,0
26691,0
26692,1
26693,0
26694,1
26695,0
26696,0
26697,0
26698,0
26699,0
26700,0
26701,0
26702,0
26703,0
26704,0
26705,1
26706,1
26707,0
26708,0
26709,0
26710,0
26711,1
26712,0
26713,0
26714,0
26715,1
26716,1
26717,1
26718,1
26719,0
26720,0
26721,0
26722,0
26723,0
26724,1
26725,1
26726,1
26727,1
26728,0
26729,0
26730,0
26731,0
26732,0
26733,0
26734,0
26735,0
26736,0
26737,1
26738,0
26739,0
26740,0
26741,0
26742,0
26743,0
26744,0
26745,1
26746,1
26747,1
26748,0
26749,1
26750,0
26751,1
26752,1
26753,0
26754,0
26755,1
26756,0
26757,0
26758,1
26759,1
26760,0
26761,0
26762,0
26763,1
26764,0
26765,0
26766,1
26767,0
26768,0
26769,0
26770,0
26771,1
26772,1
26773,0
26774,0
26775,1
26776,0
26777,1
26778,0
26779,0
26780,1
26781,0
26782,1
26783,0
26784,0
26785,0
26786,0
26787,0
26788,0
26789,1
26790,1
26791,0
26792,0
26793,0
26794,0
26795,0
26796,1
26797,0
26798,1
26799,0
26800,0
26801,1
26802,1
26803,0
26804,1
26805,0
26806,1
26807,1
26808,1
26809,0
26810,0
26811,0
26812,1
26813,1
26814,1
26815,0
26816,1
26817,0
26818,0
26819,0
26820,1
26821,0
26822,0
26823,0
26824,1
26825,0
26826,0
26827,0
26828,0
26829,1
26830,0
26831,0
26832,1
26833,0
26834,0
26835,1
26836,0
26837,0
26838,1
26839,1
26840,1
26841,0
26842,1
26843,1
26844,1
26845,1
26846,0
26847,0
26848,0
26849,0
26850,0
26851,0
26852,0
26853,1
26854,1
26855,1
26856,0
26857,0
26858,0
26859,0
26860,0
26861,1
26862,1
26863,1
26864,0
26865,0
26866,0
26867,0
26868,0
26869,0
26870,0
26871,1
26872,0
26873,1
26874,0
26875,1
26876,1
26877,1
26878,0
26879,0
26880,1
26881,0
26882,0
26883,1
26884,0
26885,0
26886,1
26887,1
26888,0
26889,1
26890,1
26891,1
26892,0
26893,0
26894,1
26895,1
26896,1
26897,0
26898,1
26899,0
26900,0
26901,0
26902,1
26903,1
26904,1
26905,1
26906,0
26907,0
26908,1
26909,0
26910,0
26911,1
26912,0
26913,0
26914,0
26915,1
26916,1
26917,0
26918,0
26919,0
26920,0
26921,0
26922,1
26923,0
26924,0
26925,0
26926,0
26927,0
26928,1
26929,0
26930,0
26931,0
26932,0
26933,0
26934,0
26935,1
26936,1
26937,0
26938,1
26939,0
26940,1
26941,0
26942,0
26943,1
26944,1
26945,1
26946,0
26947,0
26948,0
26949,1
26950,0
26951,0
26952,1
26953,0
26954,0
26955,0
26956,0
26957,0
26958,0
26959,1
26960,1
26961,0
26962,0
26963,0
26964,0
26965,0
26966,0
26967,0
26968,0
26969,1
26970,0
26971,0
26972,1
26973,0
26974,0
26975,1
26976,1
26977,1
26978,0
26979,0
26980,0
26981,1
26982,1
26983,0
26984,0
26985,0
26986,1
26987,0
26988,0
26989,1
26990,1
26991,0
26992,0
26993,1
26994,1
26995,0
26996,1
26997,0
26998,1
26999,0
27000,0
27001,0
27002,0
27003,1
27004,0
27005,0
27006,1
27007,1
27008,0
27009,0
27010,1
27011,0
27012,0
27013,1
27014,0
27015,1
27016,1
27017,0
27018,0
27019,1
27020,1
27021,0
27022,0
27023,1
27024,1
27025,1
27026,0
27027,0
27028,1
27029,0
27030,1
27031,0
27032,0
27033,1
27034,1
27035,0
27036,1
27037,0
27038,0
27039,1
27040,0
27041,0
27042,0
27043,0
27044,0
27045,0
27046,1
27047,0
27048,1
27049,0
27050,1
27051,1
27052,0
27053,0
27054,1
27055,0
27056,1
27057,1
27058,0
27059,1
27060,0
27061,1
27062,0
27063,1
27064,0
27065,0
27066,1
27067,1
27068,0
27069,1
27070,0
27071,0
27072,0
27073,1
27074,1
27075,0
27076,1
27077,0
27078,0
27079,0
27080,0
27081,0
27082,1
27083,0
27084,1
27085,1
27086,0
27087,0
27088,1
27089,0
27090,0
27091,0
27092,0
27093,0
27094,1
27095,0
27096,1
27097,0
27098,0
27099,1
27100,0
27101,1
27102,0
27103,0
27104,0
27105,0
27106,1
27107,0
27108,1
27109,1
27110,0
27111,1
27112,0
27113,1
27114,0
27115,0
27116,1
27117,1
27118,1
27119,0
27120,1
27121,0
27122,1
27123,1
27124,1
27125,0
27126,1
27127,0
27128,1
27129,0
27130,0
27131,0
27132,1
27133,0
27134,1
27135,1
27136,0
27137,0
27138,0
27139,1
27140,0
27141,1
27142,0
27143,0
27144,1
27145,1
27146,1
27147,0
27148,1
27149,0
27150,0
27151,1
27152,0
27153,1
27154,0
27155,1
27156,0
27157,0
27158,0
27159,1
27160,0
27161,1
27162,1
27163,0
27164,0
27165,0
27166,1
27167,1
27168,1
27169,0
27170,0
27171,1
27172,0
27173,1
27174,1
27175,0
27176,0
27177,0
27178,0
27179,0
27180,0
27181,0
27182,0
27183,0
27184,0
27185,1
27186,0
27187,0
27188,0
27189,1
27190,1
27191,0
27192,1
27193,1
27194,1
27195,1
27196,1
27197,1
27198,1
27199,0
27200,0
27201,1
27202,0
27203,0
27204,0
27205,0
27206,1
27207,0
27208,1
27209,1
27210,0
27211,0
27212,0
27213,0
27214,1
27215,0
27216,0
27217,0
27218,1
27219,0
27220,0
27221,0
27222,0
27223,0
27224,1
27225,0
27226,0
27227,0
27228,1
27229,1
27230,1
27231,1
27232,1
27233,0
27234,0
27235,0
27236,0
27237,1
27238,0
27239,0
27240,0
27241,1
27242,0
27243,0
27244,0
27245,1
27246,0
27247,0
27248,1
27249,1
27250,0
27251,1
27252,0
27253,0
27254,0
27255,0
27256,0
27257,0
27258,0
27259,0
27260,0
27261,0
27262,0
27263,0
27264,0
27265,1
27266,0
27267,0
27268,0
27269,1
27270,1
27271,0
27272,1
27273,1
27274,1
27275,0
27276,0
27277,0
27278,1
27279,0
27280,0
27281,1
27282,0
27283,0
27284,0
27285,0
27286,0
27287,1
27288,0
27289,1
27290,1
27291,0
27292,0
27293,0
27294,1
27295,0
27296,0
27297,0
27298,1
27299,1
27300,0
27301,0
27302,0
27303,1
27304,0
27305,0
27306,1
27307,0
27308,0
27309,1
27310,1
27311,0
27312,1
27313,0
27314,0
27315,0
27316,0
27317,1
27318,1
27319,1
27320,1
27321,1
27322,0
27323,0
27324,1
27325,1
27326,1
27327,1
27328,0
27329,1
27330,0
27331,1
27332,0
27333,0
27334,1
27335,0
27336,1
27337,0
27338,0
27339,0
27340,1
27341,0
27342,1
27343,0
27344,1
27345,0
27346,1
27347,0
27348,0
27349,1
27350,1
27351,0
27352,0
27353,0
27354,1
27355,0
27356,1
27357,0
27358,1
27359,0
27360,0
27361,1
27362,1
27363,0
27364,0
27365,0
27366,0
27367,1
27368,0
27369,0
27370,0
27371,1
27372,1
27373,0
27374,1
27375,1
27376,1
27377,0
27378,0
27379,0
27380,0
27381,1
27382,0
27383,1
27384,0
27385,1
27386,0
27387,0
27388,0
27389,0
27390,1
27391,0
27392,1
27393,0
27394,1
27395,0
27396,0
27397,0
27398,0
27399,1
27400,1
27401,1
27402,0
27403,0
27404,1
27405,0
27406,1
27407,0
27408,0
27409,0
27410,0
27411,1
27412,1
27413,1
27414,1
27415,0
27416,0
27417,1
27418,1
27419,1
27420,0
27421,1
27422,0
27423,0
27424,1
27425,1
27426,1
27427,0
27428,0
27429,1
27430,0
27431,0
27432,0
27433,0
27434,1
27435,1
27436,0
27437,1
27438,0
27439,0
27440,1
27441,1
27442,1
27443,0
27444,1
27445,0
27446,0
27447,1
27448,0
27449,0
27450,1
27451,0
27452,0
27453,0
27454,1
27455,1
27456,0
27457,0
27458,0
27459,0
27460,0
27461,0
27462,0
27463,0
27464,1
27465,1
27466,1
27467,0
27468,0
27469,0
27470,0
27471,0
27472,0
27473,0
27474,0
27475,0
27476,1
27477,0
27478,0
27479,1
27480,1
27481,0
27482,1
27483,1
27484,1
27485,1
27486,0
27487,0
27488,0
27489,0
27490,1
27491,0
27492,0
27493,0
27494,1
27495,1
27496,0
27497,0
27498,0
27499,0
27500,1
27501,0
27502,0
27503,1
27504,0
27505,0
27506,1
27507,0
27508,1
27509,1
27510,1
27511,0
27512,1
27513,0
27514,1
27515,0
27516,0
27517,0
27518,0
27519,0
27520,0
27521,0
27522,1
27523,0
27524,1
27525,0
27526,0
27527,0
27528,0
27529,1
27530,1
27531,0
27532,0
27533,0
27534,0
27535,0
27536,0
27537,1
27538,1
27539,0
27540,0
27541,1
27542,0
27543,1
27544,1
27545,1
27546,1
27547,0
27548,1
27549,0
27550,1
27551,0
27552,1
27553,0
27554,1
27555,0
27556,0
27557,0
27558,1
27559,1
27560,1
27561,0
27562,0
27563,1
27564,1
27565,1
27566,1
27567,0
27568,1
27569,1
27570,1
27571,0
27572,1
27573,1
27574,0
27575,0
27576,1
27577,0
27578,1
27579,0
27580,1
27581,1
27582,0
27583,0
27584,0
27585,1
27586,0
27587,1
27588,0
27589,0
27590,1
27591,0
27592,0
27593,0
27594,0
27595,1
27596,0
27597,1
27598,0
27599,0
27600,0
27601,0
27602,1
27603,0
27604,1
27605,0
27606,0
27607,0
27608,1
27609,0
27610,1
27611,0
27612,0
27613,0
27614,0
27615,1
27616,1
27617,0
27618,0
27619,0
27620,0
27621,1
27622,0
27623,0
27624,0
27625,0
27626,0
27627,0
27628,0
27629,0
27630,0
27631,1
27632,0
27633,1
27634,1
27635,0
27636,0
27637,0
27638,0
27639,1
27640,0
27641,1
27642,0
27643,1
27644,1
27645,1
27646,1
27647,0
27648,2
27649,0
27650,1
27651,1
27652,1
27653,0
27654,0
27655,0
27656,0
27657,0
27658,1
27659,0
27660,1
27661,1
27662,0
27663,0
27664,0
27665,0
27666,1
27667,0
27668,1
27669,0
27670,0
27671,0
27672,1
27673,0
27674,0
27675,0
27676,1
27677,0
27678,0
27679,0
27680,0
27681,0
27682,1
27683,0
27684,1
27685,1
27686,0
27687,0
27688,0
27689,1
27690,0
27691,0
27692,1
27693,0
27694,1
27695,0
27696,0
27697,0
27698,0
27699,1
27700,1
27701,1
27702,0
27703,0
27704,0
27705,0
27706,0
27707,0
27708,1
27709,0
27710,1
27711,0
27712,0
27713,0
27714,1
27715,1
27716,1
27717,0
27718,1
27719,1
27720,0
27721,0
27722,1
27723,0
27724,0
27725,0
27726,0
27727,1
27728,1
27729,0
27730,0
27731,0
27732,0
27733,1
27734,1
27735,0
27736,0
27737,0
27738,0
27739,1
27740,1
27741,0
27742,0
27743,1
27744,0
27745,1
27746,0
27747,1
27748,0
27749,0
27750,0
27751,1
27752,1
27753,0
27754,0
27755,0
27756,1
27757,0
27758,0
27759,0
27760,1
27761,0
27762,0
27763,0
27764,0
27765,0
27766,0
27767,0
27768,1
27769,0
27770,0
27771,0
27772,0
27773,0
27774,0
27775,0
27776,0
27777,1
27778,0
27779,1
27780,0
27781,0
27782,1
27783,0
27784,0
27785,1
27786,0
27787,1
27788,1
27789,0
27790,1
27791,1
27792,1
27793,0
27794,1
27795,0
27796,0
27797,1
27798,0
27799,0
27800,1
27801,0
27802,0
27803,0
27804,1
27805,0
27806,0
27807,0
27808,0
27809,0
27810,0
27811,0
27812,0
27813,1
27814,0
27815,1
27816,0
27817,0
27818,0
27819,0
27820,0
27821,0
27822,0
27823,1
27824,1
27825,0
27826,1
27827,1
27828,0
27829,0
27830,1
27831,0
27832,0
27833,0
27834,0
27835,0
27836,1
27837,0
27838,0
27839,0
27840,0
27841,0
27842,1
27843,0
27844,0
27845,0
27846,0
27847,0
27848,0
27849,0
27850,0
27851,0
27852,1
27853,0
27854,0
27855,1
27856,0
27857,1
27858,0
27859,1
27860,0
27861,0
27862,1
27863,1
27864,0
27865,1
27866,0
27867,1
27868,1
27869,1
27870,0
27871,0
27872,0
27873,1
27874,0
27875,1
27876,1
27877,1
27878,0
27879,1
27880,1
27881,1
27882,0
27883,0
27884,0
27885,0
27886,0
27887,0
27888,0
27889,1
27890,0
27891,0
27892,1
27893,0
27894,0
27895,0
27896,1
27897,1
27898,0
27899,1
27900,0
27901,0
27902,1
27903,1
27904,0
27905,0
27906,0
27907,1
27908,1
27909,1
27910,1
27911,1
27912,0
27913,1
27914,0
27915,1
27916,0
27917,1
27918,0
27919,0
27920,1
27921,1
27922,1
27923,1
27924,1
27925,0
27926,1
27927,1
27928,0
27929,1
27930,0
27931,0
27932,1
27933,1
27934,1
27935,0
27936,1
27937,0
27938,0
27939,0
27940,0
27941,0
27942,1
27943,0
27944,0
27945,1
27946,0
27947,0
27948,1
27949,1
27950,0
27951,0
27952,0
27953,0
27954,1
27955,0
27956,0
27957,0
27958,0
27959,0
27960,0
27961,0
27962,1
27963,1
27964,0
27965,1
27966,0
27967,0
27968,0
27969,1
27970,0
27971,1
27972,0
27973,0
27974,1
27975,0
27976,0
27977,0
27978,1
27979,1
27980,1
27981,0
27982,1
27983,0
27984,0
27985,0
27986,0
27987,1
27988,0
27989,1
27990,0
27991,0
27992,0
27993,0
27994,1
27995,0
27996,0
27997,0
27998,0
27999,0
28000,0
28001,0
28002,0
28003,0
28004,1
28005,0
28006,0
28007,0
28008,1
28009,0
28010,0
28011,1
28012,0
28013,0
28014,0
28015,1
28016,0
28017,0
28018,0
28019,1
28020,1
28021,0
28022,1
28023,1
28024,0
28025,1
28026,1
28027,1
28028,0
28029,1
28030,0
28031,0
28032,0
28033,1
28034,1
28035,0
28036,1
28037,1
28038,1
28039,1
28040,0
28041,0
28042,0
28043,0
28044,0
28045,0
28046,1
28047,1
28048,1
28049,1
28050,1
28051,0
28052,1
28053,0
28054,0
28055,0
28056,0
28057,0
28058,0
28059,1
28060,1
28061,1
28062,1
28063,1
28064,1
28065,0
28066,0
28067,0
28068,0
28069,0
28070,1
28071,1
28072,1
28073,0
28074,0
28075,1
28076,0
28077,0
28078,1
28079,1
28080,0
28081,0
28082,0
28083,1
28084,1
28085,1
28086,0
28087,1
28088,1
28089,0
28090,1
28091,0
28092,0
28093,0
28094,0
28095,1
28096,1
28097,1
28098,0
28099,1
28100,1
28101,0
28102,1
28103,0
28104,0
28105,1
28106,0
28107,0
28108,0
28109,1
28110,0
28111,0
28112,0
28113,1
28114,0
28115,1
28116,1
28117,1
28118,1
28119,0
28120,1
28121,0
28122,1
28123,0
28124,1
28125,0
28126,0
28127,0
28128,0
28129,1
28130,0
28131,0
28132,1
28133,1
28134,0
28135,1
28136,1
28137,1
28138,0
28139,1
28140,1
28141,0
28142,0
28143,0
28144,1
28145,0
28146,1
28147,0
28148,0
28149,0
28150,1
28151,1
28152,1
28153,0
28154,0
28155,1
28156,0
28157,1
28158,0
28159,1
28160,0
28161,1
28162,0
28163,1
28164,0
28165,0
28166,0
28167,1
28168,1
28169,1
28170,0
28171,0
28172,1
28173,1
28174,1
28175,0
28176,0
28177,0
28178,1
28179,0
28180,0
28181,1
28182,1
28183,1
28184,0
28185,1
28186,1
28187,0
28188,1
28189,0
28190,0
28191,0
28192,1
28193,1
28194,1
28195,0
28196,0
28197,1
28198,1
28199,1
28200,1
28201,0
28202,0
28203,0
28204,0
28205,0
28206,0
28207,1
28208,0
28209,1
28210,1
28211,0
28212,0
28213,0
28214,0
28215,0
28216,0
28217,0
28218,1
28219,0
28220,1
28221,0
28222,1
28223,1
28224,1
28225,0
28226,0
28227,1
28228,1
28229,0
28230,0
28231,1
28232,0
28233,0
28234,0
28235,0
28236,0
28237,1
28238,0
28239,1
28240,0
28241,0
28242,0
28243,1
28244,0
28245,0
28246,1
28247,0
28248,1
28249,0
28250,0
28251,0
28252,0
28253,1
28254,0
28255,1
28256,0
28257,0
28258,1
28259,1
28260,1
28261,0
28262,1
28263,1
28264,0
28265,0
28266,1
28267,0
28268,0
28269,1
28270,1
28271,0
28272,0
28273,0
28274,0
28275,1
28276,0
28277,1
28278,0
28279,1
28280,0
28281,1
28282,1
28283,0
28284,1
28285,0
28286,1
28287,1
28288,0
28289,0
28290,0
28291,1
28292,1
28293,0
28294,1
28295,0
28296,0
28297,0
28298,0
28299,0
28300,1
28301,0
28302,0
28303,1
28304,1
28305,0
28306,0
28307,1
28308,1
28309,0
28310,1
28311,1
28312,0
28313,1
28314,0
28315,0
28316,1
28317,0
28318,0
28319,1
28320,0
28321,1
28322,1
28323,0
28324,0
28325,1
28326,0
28327,1
28328,0
28329,1
28330,0
28331,0
28332,0
28333,0
28334,0
28335,0
28336,1
28337,0
28338,0
28339,1
28340,1
28341,0
28342,0
28343,1
28344,1
28345,1
28346,0
28347,0
28348,0
28349,1
28350,0
28351,0
28352,1
28353,0
28354,1
28355,1
28356,1
28357,0
28358,1
28359,0
28360,1
28361,1
28362,1
28363,0
28364,1
28365,0
28366,0
28367,1
28368,0
28369,0
28370,1
28371,0
28372,1
28373,1
28374,1
28375,0
28376,1
28377,0
28378,1
28379,1
28380,0
28381,0
28382,0
28383,0
28384,0
28385,1
28386,0
28387,1
28388,1
28389,0
28390,1
28391,0
28392,0
28393,0
28394,0
28395,1
28396,0
28397,0
28398,0
28399,0
28400,0
28401,0
28402,0
28403,0
28404,0
28405,0
28406,1
28407,1
28408,1
28409,0
28410,1
28411,1
28412,0
28413,1
28414,0
28415,0
28416,1
28417,1
28418,0
28419,1
28420,0
28421,0
28422,1
28423,1
28424,1
28425,0
28426,1
28427,1
28428,1
28429,1
28430,0
28431,0
28432,1
28433,0
28434,0
28435,0
28436,1
28437,1
28438,0
28439,0
28440,0
28441,1
28442,0
28443,0
28444,1
28445,1
28446,0
28447,0
28448,1
28449,1
28450,0
28451,0
28452,0
28453,0
28454,1
28455,2
28456,0
28457,1
28458,0
28459,0
28460,0
28461,1
28462,0
28463,0
28464,1
28465,0
28466,0
28467,0
28468,0
28469,1
28470,0
28471,0
28472,0
28473,0
28474,1
28475,0
28476,0
28477,1
28478,1
28479,1
28480,1
28481,1
28482,1
28483,0
28484,1
28485,0
28486,0
28487,1
28488,1
28489,1
28490,0
28491,0
28492,1
28493,0
28494,1
28495,0
28496,1
28497,1
28498,1
28499,1
28500,1
28501,1
28502,0
28503,0
28504,1
28505,0
28506,0
28507,0
28508,1
28509,0
28510,0
28511,0
28512,0
28513,0
28514,1
28515,0
28516,0
28517,0
28518,1
28519,1
28520,0
28521,0
28522,0
28523,1
28524,1
28525,1
28526,0
28527,0
28528,0
28529,1
28530,1
28531,0
28532,0
28533,1
28534,0
28535,0
28536,0
28537,0
28538,0
28539,1
28540,0
28541,1
28542,1
28543,1
28544,1
28545,1
28546,1
28547,1
28548,0
28549,1
28550,0
28551,1
28552,1
28553,1
28554,1
28555,0
28556,1
28557,0
28558,1
28559,0
28560,0
28561,0
28562,1
28563,0
28564,1
28565,0
28566,1
28567,0
28568,0
28569,0
28570,0
28571,0
28572,1
28573,0
28574,0
28575,0
28576,0
28577,0
28578,1
28579,0
28580,1
28581,1
28582,0
28583,1
28584,1
28585,1
28586,1
28587,0
28588,1
28589,0
28590,1
28591,0
28592,0
28593,0
28594,0
28595,1
28596,1
28597,0
28598,0
28599,0
28600,0
28601,0
28602,1
28603,1
28604,1
28605,0
28606,1
28607,1
28608,1
28609,1
28610,1
28611,1
28612,1
28613,1
28614,0
28615,0
28616,0
28617,0
28618,0
28619,1
28620,0
28621,0
28622,0
28623,0
28624,1
28625,0
28626,0
28627,1
28628,1
28629,0
28630,1
28631,0
28632,1
28633,0
28634,1
28635,0
28636,1
28637,1
28638,1
28639,0
28640,1
28641,0
28642,1
28643,1
28644,0
28645,1
28646,0
28647,1
28648,0
28649,0
28650,0
28651,0
28652,0
28653,0
28654,0
28655,1
28656,1
28657,1
28658,1
28659,1
28660,0
28661,1
28662,0
28663,1
28664,0
28665,1
28666,0
28667,0
28668,0
28669,1
28670,0
28671,1
28672,1
28673,0
28674,1
28675,1
28676,0
28677,1
28678,0
28679,1
28680,1
28681,0
28682,1
28683,1
28684,0
28685,1
28686,0
28687,0
28688,1
28689,0
28690,0
28691,0
28692,1
28693,0
28694,1
28695,1
28696,0
28697,1
28698,0
28699,1
28700,0
28701,1
28702,0
28703,0
28704,1
28705,0
28706,1
28707,1
28708,0
28709,1
28710,1
28711,0
28712,1
28713,0
28714,1
28715,1
28716,0
28717,0
28718,0
28719,0
28720,1
28721,1
28722,1
28723,1
28724,0
28725,0
28726,0
28727,1
28728,1
28729,1
28730,1
28731,0
28732,0
28733,1
28734,1
28735,0
28736,0
28737,1
28738,1
28739,1
28740,0
28741,1
28742,1
28743,1
28744,0
28745,0
28746,0
28747,1
28748,1
28749,0
28750,0
28751,0
28752,1
28753,1
28754,0
28755,0
28756,1
28757,1
28758,1
28759,1
28760,1
28761,0
28762,0
28763,0
28764,1
28765,1
28766,0
28767,0
28768,0
28769,0
28770,1
28771,0
28772,1
28773,0
28774,0
28775,1
28776,1
28777,0
28778,1
28779,0
28780,0
28781,1
28782,0
28783,1
28784,0
28785,0
28786,1
28787,0
28788,1
28789,1
28790,1
28791,0
28792,1
28793,1
28794,1
28795,0
28796,1
28797,0
28798,1
28799,0
28800,0
28801,1
28802,1
28803,1
28804,1
28805,0
28806,0
28807,1
28808,1
28809,1
28810,0
28811,0
28812,0
28813,0
28814,0
28815,0
28816,0
28817,1
28818,0
28819,0
28820,1
28821,0
28822,0
28823,1
28824,0
28825,1
28826,0
28827,0
28828,0
28829,1
28830,1
28831,0
28832,0
28833,0
28834,1
28835,0
28836,0
28837,0
28838,1
28839,0
28840,0
28841,0
28842,0
28843,0
28844,0
28845,0
28846,1
28847,1
28848,0
28849,0
28850,1
28851,0
28852,0
28853,0
28854,1
28855,0
28856,0
28857,1
28858,1
28859,0
28860,1
28861,0
28862,0
28863,1
28864,1
28865,1
28866,1
28867,1
28868,1
28869,1
28870,0
28871,1
28872,1
28873,1
28874,0
28875,0
28876,0
28877,0
28878,1
28879,1
28880,0
28881,0
28882,0
28883,0
28884,1
28885,0
28886,0
28887,0
28888,0
28889,0
28890,0
28891,1
28892,1
28893,0
28894,1
28895,1
28896,1
28897,1
28898,0
28899,1
28900,0
28901,0
28902,0
28903,1
28904,0
28905,0
28906,0
28907,0
28908,0
28909,0
28910,0
28911,0
28912,1
28913,0
28914,1
28915,0
28916,1
28917,1
28918,1
28919,0
28920,1
28921,0
28922,1
28923,1
28924,1
28925,0
28926,1
28927,0
28928,1
28929,1
28930,0
28931,1
28932,1
28933,1
28934,1
28935,0
28936,0
28937,0
28938,1
28939,0
28940,0
28941,0
28942,1
28943,1
28944,1
28945,0
28946,1
28947,1
28948,1
28949,1
28950,0
28951,1
28952,0
28953,1
28954,1
28955,1
28956,1
28957,1
28958,1
28959,1
28960,0
28961,1
28962,1
28963,1
28964,1
28965,1
28966,0
28967,0
28968,0
28969,0
28970,0
28971,0
28972,0
28973,0
28974,0
28975,0
28976,1
28977,1
28978,0
28979,1
28980,1
28981,1
28982,0
28983,1
28984,0
28985,1
28986,0
28987,0
28988,0
28989,0
28990,1
28991,1
28992,1
28993,1
28994,1
28995,0
28996,0
28997,1
28998,1
28999,1
29000,0
29001,0
29002,1
29003,0
29004,0
29005,1
29006,1
29007,0
29008,0
29009,0
29010,0
29011,1
29012,0
29013,1
29014,1
29015,1
29016,1
29017,1
29018,1
29019,0
29020,1
29021,1
29022,1
29023,0
29024,0
29025,0
29026,0
29027,1
29028,0
29029,1
29030,0
29031,1
29032,0
29033,0
29034,1
29035,1
29036,1
29037,1
29038,0
29039,0
29040,0
29041,1
29042,1
29043,0
29044,0
29045,0
29046,1
29047,0
29048,0
29049,1
29050,1
29051,0
29052,1
29053,0
29054,1
29055,1
29056,1
29057,1
29058,1
29059,0
29060,0
29061,0
29062,0
29063,0
29064,1
29065,1
29066,1
29067,1
29068,1
29069,1
29070,1
29071,0
29072,1
29073,0
29074,0
29075,0
29076,0
29077,1
29078,1
29079,1
29080,1
29081,0
29082,1
29083,1
29084,1
29085,0
29086,0
29087,1
29088,0
29089,0
29090,0
29091,0
29092,1
29093,0
29094,1
29095,0
29096,1
29097,0
29098,1
29099,0
29100,1
29101,0
29102,0
29103,0
29104,0
29105,0
29106,0
29107,0
29108,1
29109,0
29110,1
29111,1
29112,0
29113,1
29114,0
29115,0
29116,1
29117,0
29118,0
29119,1
29120,0
29121,0
29122,1
29123,1
29124,0
29125,0
29126,1
29127,0
29128,0
29129,0
29130,0
29131,1
29132,0
29133,0
29134,0
29135,0
29136,1
29137,0
29138,1
29139,1
29140,1
29141,0
29142,0
29143,0
29144,0
29145,0
29146,0
29147,0
29148,0
29149,0
29150,0
29151,0
29152,0
29153,1
29154,1
29155,0
29156,1
29157,0
29158,0
29159,1
29160,1
29161,0
29162,0
29163,0
29164,1
29165,1
29166,1
29167,1
29168,0
29169,0
29170,1
29171,0
29172,0
29173,1
29174,1
29175,0
29176,0
29177,1
29178,1
29179,1
29180,0
29181,1
29182,0
29183,0
29184,1
29185,1
29186,0
29187,1
29188,0
29189,0
29190,1
29191,0
29192,0
29193,1
29194,1
29195,1
29196,1
29197,1
29198,1
29199,0
29200,1
29201,0
29202,0
29203,1
29204,1
29205,1
29206,0
29207,0
29208,1
29209,0
29210,0
29211,1
29212,1
29213,1
29214,0
29215,0
29216,0
29217,1
29218,0
29219,1
29220,0
29221,0
29222,1
29223,0
29224,1
29225,1
29226,1
29227,1
29228,0
29229,0
29230,0
29231,0
29232,1
29233,0
29234,1
29235,0
29236,1
29237,1
29238,1
29239,0
29240,1
29241,1
29242,1
29243,0
29244,1
29245,0
29246,0
29247,0
29248,0
29249,0
29250,0
29251,0
29252,1
29253,0
29254,0
29255,0
29256,0
29257,1
29258,0
29259,0
29260,0
29261,0
29262,1
29263,1
29264,0
29265,1
29266,1
29267,0
29268,0
29269,1
29270,1
29271,1
29272,0
29273,0
29274,1
29275,0
29276,1
29277,0
29278,0
29279,1
29280,1
29281,0
29282,0
29283,1
29284,1
29285,0
29286,1
29287,1
29288,1
29289,0
29290,1
29291,0
29292,1
29293,1
29294,1
29295,0
29296,0
29297,1
29298,0
29299,0
29300,0
29301,1
29302,0
29303,0
29304,1
29305,0
29306,0
29307,0
29308,1
29309,1
29310,0
29311,0
29312,1
29313,0
29314,1
29315,0
29316,1
29317,0
29318,0
29319,0
29320,0
29321,0
29322,0
29323,1
29324,1
29325,0
29326,0
29327,0
29328,0
29329,0
29330,0
29331,1
29332,1
29333,0
29334,1
29335,0
29336,0
29337,0
29338,0
29339,0
29340,1
29341,0
29342,1
29343,0
29344,0
29345,1
29346,1
29347,0
29348,1
29349,1
29350,0
29351,0
29352,0
29353,0
29354,0
29355,0
29356,1
29357,1
29358,0
29359,0
29360,0
29361,1
29362,1
29363,1
29364,1
29365,1
29366,0
29367,1
29368,0
29369,1
29370,1
29371,0
29372,1
29373,0
29374,0
29375,0
29376,0
29377,0
29378,0
29379,0
29380,0
29381,0
29382,0
29383,0
29384,1
29385,1
29386,1
29387,1
29388,1
29389,0
29390,1
29391,1
29392,0
29393,0
29394,0
29395,0
29396,1
29397,1
29398,0
29399,0
29400,1
29401,1
29402,1
29403,0
29404,1
29405,0
29406,0
29407,1
29408,0
29409,0
29410,0
29411,0
29412,0
29413,0
29414,0
29415,0
29416,1
29417,1
29418,0
29419,0
29420,0
29421,0
29422,1
29423,0
29424,1
29425,0
29426,0
29427,1
29428,0
29429,0
29430,0
29431,1
29432,0
29433,1
29434,1
29435,0
29436,0
29437,0
29438,1
29439,1
29440,0
29441,1
29442,1
29443,0
29444,0
29445,1
29446,1
29447,1
29448,1
29449,0
29450,0
29451,0
29452,1
29453,1
29454,0
29455,0
29456,1
29457,1
29458,1
29459,0
29460,1
29461,0
29462,1
29463,0
29464,0
29465,0
29466,1
29467,0
29468,1
29469,0
29470,1
29471,0
29472,1
29473,0
29474,0
29475,0
29476,1
29477,1
29478,0
29479,0
29480,0
29481,0
29482,0
29483,1
29484,1
29485,0
29486,1
29487,0
29488,1
29489,0
29490,1
29491,0
29492,0
29493,1
29494,0
29495,0
29496,1
29497,0
29498,0
29499,1
29500,1
29501,1
29502,0
29503,0
29504,0
29505,1
29506,1
29507,0
29508,0
29509,1
29510,0
29511,0
29512,0
29513,1
29514,0
29515,1
29516,1
29517,0
29518,1
29519,0
29520,0
29521,2
29522,0
29523,0
29524,1
29525,0
29526,1
29527,0
29528,0
29529,1
29530,0
29531,0
29532,0
29533,0
29534,0
29535,0
29536,0
29537,0
29538,1
29539,1
29540,1
29541,1
29542,0
29543,0
29544,0
29545,1
29546,0
29547,1
29548,0
29549,1
29550,1
29551,1
29552,0
29553,1
29554,1
29555,0
29556,0
29557,0
29558,1
29559,1
29560,0
29561,1
29562,0
29563,1
29564,1
29565,1
29566,1
29567,0
29568,0
29569,0
29570,1
29571,1
29572,1
29573,0
29574,1
29575,0
29576,1
29577,1
29578,0
29579,1
29580,0
29581,0
29582,1
29583,0
29584,1
29585,0
29586,1
29587,0
29588,0
29589,1
29590,0
29591,0
29592,1
29593,1
29594,0
29595,0
29596,0
29597,1
29598,1
29599,1
29600,0
29601,0
29602,1
29603,0
29604,0
29605,0
29606,0
29607,1
29608,0
29609,1
29610,0
29611,1
29612,1
29613,1
29614,0
29615,0
29616,1
29617,1
29618,0
29619,1
29620,1
29621,0
29622,1
29623,1
29624,1
29625,1
29626,1
29627,0
29628,0
29629,0
29630,0
29631,0
29632,0
29633,0
29634,1
29635,0
29636,1
29637,0
29638,1
29639,1
29640,1
29641,1
29642,1
29643,1
29644,1
29645,0
29646,1
29647,0
29648,0
29649,1
29650,1
29651,0
29652,1
29653,1
29654,0
29655,1
29656,0
29657,1
29658,0
29659,1
29660,0
29661,1
29662,1
29663,0
29664,0
29665,0
29666,0
29667,1
29668,1
29669,1
29670,0
29671,0
29672,1
29673,1
29674,1
29675,0
29676,1
29677,0
29678,0
29679,0
29680,1
29681,1
29682,0
29683,1
29684,1
29685,0
29686,1
29687,1
29688,0
29689,0
29690,1
29691,0
29692,0
29693,0
29694,1
29695,1
29696,1
29697,0
29698,0
29699,0
29700,0
29701,1
29702,1
29703,0
29704,0
29705,1
29706,0
29707,0
29708,0
29709,0
29710,1
29711,1
29712,0
29713,1
29714,0
29715,1
29716,1
29717,0
29718,0
29719,1
29720,1
29721,0
29722,1
29723,0
29724,0
29725,0
29726,0
29727,0
29728,1
29729,0
29730,0
29731,0
29732,0
29733,0
29734,0
29735,1
29736,1
29737,0
29738,0
29739,0
29740,1
29741,1
29742,0
29743,0
29744,1
29745,0
29746,1
29747,0
29748,1
29749,0
29750,1
29751,0
29752,0
29753,1
29754,1
29755,0
29756,1
29757,0
29758,0
29759,1
29760,0
29761,0
29762,0
29763,1
29764,1
29765,1
29766,0
29767,1
29768,0
29769,1
29770,0
29771,1
29772,1
29773,1
29774,0
29775,1
29776,0
29777,0
29778,1
29779,1
29780,0
29781,0
29782,1
29783,1
29784,1
29785,0
29786,1
29787,0
29788,1
29789,0
29790,1
29791,1
29792,1
29793,0
29794,1
29795,0
29796,1
29797,1
29798,0
29799,1
29800,1
29801,0
29802,0
29803,0
29804,1
29805,0
29806,1
29807,1
29808,0
29809,1
29810,0
29811,0
29812,0
29813,1
29814,1
29815,1
29816,0
29817,0
29818,1
29819,0
29820,0
29821,0
29822,1
29823,1
29824,0
29825,1
29826,1
29827,0
29828,1
29829,0
29830,1
29831,0
29832,0
29833,1
29834,0
29835,0
29836,1
29837,0
29838,1
29839,0
29840,0
29841,1
29842,1
29843,0
29844,1
29845,0
29846,0
29847,1
29848,1
29849,1
29850,0
29851,0
29852,1
29853,1
29854,1
29855,0
29856,1
29857,0
29858,1
29859,1
29860,0
29861,1
29862,1
29863,1
29864,1
29865,0
29866,1
29867,1
29868,1
29869,0
29870,1
29871,0
29872,0
29873,0
29874,1
29875,1
29876,1
29877,1
29878,1
29879,0
29880,0
29881,0
29882,0
29883,0
29884,0
29885,1
29886,1
29887,1
29888,1
29889,1
29890,0
29891,0
29892,1
29893,0
29894,1
29895,0
29896,1
29897,0
29898,0
29899,0
29900,0
29901,0
29902,1
29903,0
29904,0
29905,1
29906,1
29907,1
29908,0
29909,0
29910,1
29911,0
29912,1
29913,0
29914,0
29915,0
29916,1
29917,1
29918,1
29919,0
29920,1
29921,0
29922,0
29923,1
29924,1
29925,0
29926,1
29927,1
29928,0
29929,1
29930,1
29931,1
29932,1
29933,1
29934,0
29935,1
29936,0
29937,1
29938,0
29939,1
29940,0
29941,1
29942,0
29943,0
29944,0
29945,0
29946,0
29947,1
29948,1
29949,0
29950,0
29951,1
29952,0
29953,0
29954,0
29955,1
29956,0
29957,0
29958,1
29959,1
29960,0
29961,0
29962,0
29963,1
29964,1
29965,0
29966,1
29967,1
29968,1
29969,0
29970,1
29971,0
29972,0
29973,0
29974,0
29975,1
29976,1
29977,1
29978,0
29979,1
29980,0
29981,0
29982,0
29983,0
29984,0
29985,0
29986,1
29987,0
29988,1
29989,0
29990,1
29991,0
29992,0
29993,0
29994,0
29995,0
29996,1
29997,0
29998,0
29999,1
30000,1
30001,1
30002,1
30003,0
30004,0
30005,0
30006,1
30007,1
30008,0
30009,0
30010,1
30011,0
30012,1
30013,0
30014,0
30015,0
30016,0
30017,0
30018,0
30019,1
30020,1
30021,1
30022,0
30023,0
30024,0
30025,0
30026,0
30027,0
30028,0
30029,0
30030,0
30031,0
30032,0
30033,0
30034,1
30035,0
30036,1
30037,0
30038,0
30039,0
30040,1
30041,1
30042,0
30043,1
30044,1
30045,1
30046,0
30047,1
30048,0
30049,0
30050,0
30051,1
30052,0
30053,1
30054,1
30055,1
30056,0
30057,1
30058,0
30059,0
30060,0
30061,1
30062,0
30063,1
30064,0
30065,1
30066,0
30067,0
30068,0
30069,0
30070,0
30071,1
30072,0
30073,1
30074,0
30075,1
30076,1
30077,0
30078,1
30079,0
30080,1
30081,1
30082,0
30083,0
30084,1
30085,0
30086,1
30087,1
30088,0
30089,1
30090,1
30091,0
30092,1
30093,1
30094,1
30095,1
30096,1
30097,1
30098,1
30099,1
30100,0
30101,0
30102,0
30103,1
30104,1
30105,1
30106,0
30107,1
30108,0
30109,1
30110,1
30111,0
30112,1
30113,1
30114,0
30115,0
30116,0
30117,1
30118,0
30119,0
30120,1
30121,0
30122,1
30123,0
30124,1
30125,0
30126,0
30127,1
30128,0
30129,1
30130,0
30131,1
30132,0
30133,1
30134,1
30135,1
30136,0
30137,0
30138,1
30139,1
30140,1
30141,1
30142,0
30143,1
30144,1
30145,0
30146,1
30147,0
30148,1
30149,1
30150,1
30151,0
30152,1
30153,0
30154,1
30155,1
30156,0
30157,0
30158,0
30159,0
30160,0
30161,0
30162,0
30163,0
30164,0
30165,0
30166,0
30167,0
30168,1
30169,0
30170,1
30171,0
30172,1
30173,1
30174,0
30175,1
30176,0
30177,1
30178,0
30179,0
30180,0
30181,1
30182,0
30183,0
30184,0
30185,0
30186,0
30187,0
30188,1
30189,0
30190,1
30191,1
30192,1
30193,1
30194,1
30195,1
30196,1
30197,1
30198,1
30199,0
30200,0
30201,1
30202,1
30203,1
30204,0
30205,1
30206,1
30207,0
30208,1
30209,0
30210,0
30211,0
30212,0
30213,0
30214,0
30215,1
30216,1
30217,1
30218,0
30219,0
30220,0
30221,1
30222,1
30223,0
30224,0
30225,0
30226,0
30227,0
30228,1
30229,0
30230,1
30231,1
30232,0
30233,0
30234,0
30235,0
30236,0
30237,1
30238,0
30239,1
30240,1
30241,1
30242,1
30243,0
30244,0
30245,0
30246,0
30247,1
30248,1
30249,0
30250,0
30251,1
30252,1
30253,1
30254,1
30255,0
30256,0
30257,1
30258,0
30259,0
30260,0
30261,0
30262,1
30263,1
30264,1
30265,1
30266,0
30267,0
30268,0
30269,1
30270,0
30271,1
30272,0
30273,1
30274,0
30275,1
30276,1
30277,0
30278,1
30279,1
30280,1
30281,1
30282,1
30283,1
30284,1
30285,0
30286,1
30287,0
30288,1
30289,1
30290,0
30291,0
30292,1
30293,0
30294,0
30295,1
30296,1
30297,0
30298,1
30299,0
30300,1
30301,1
30302,0
30303,0
30304,1
30305,1
30306,0
30307,0
30308,1
30309,0
30310,0
30311,1
30312,0
30313,0
30314,1
30315,1
30316,1
30317,1
30318,0
30319,0
30320,1
30321,0
30322,0
30323,0
30324,0
30325,0
30326,0
30327,0
30328,0
30329,0
30330,0
30331,1
30332,1
30333,0
30334,1
30335,1
30336,0
30337,0
30338,1
30339,0
30340,1
30341,1
30342,0
30343,0
30344,1
30345,1
30346,1
30347,0
30348,0
30349,1
30350,0
30351,1
30352,1
30353,0
30354,0
30355,1
30356,0
30357,0
30358,1
30359,0
30360,1
30361,1
30362,1
30363,0
30364,0
30365,1
30366,1
30367,0
30368,0
30369,1
30370,1
30371,1
30372,0
30373,1
30374,0
30375,1
30376,1
30377,1
30378,0
30379,1
30380,1
30381,1
30382,0
30383,1
30384,0
30385,1
30386,1
30387,0
30388,0
30389,0
30390,0
30391,1
30392,0
30393,0
30394,1
30395,1
30396,1
30397,1
30398,0
30399,0
30400,0
30401,0
30402,1
30403,0
30404,0
30405,1
30406,1
30407,1
30408,0
30409,1
30410,1
30411,0
30412,1
30413,0
30414,1
30415,1
30416,1
30417,0
30418,1
30419,0
30420,0
30421,1
30422,0
30423,0
30424,1
30425,0
30426,1
30427,1
30428,0
30429,0
30430,0
30431,1
30432,0
30433,0
30434,0
30435,1
30436,1
30437,1
30438,1
30439,1
30440,0
30441,0
30442,0
30443,1
30444,1
30445,1
30446,1
30447,0
30448,0
30449,1
30450,1
30451,0
30452,1
30453,0
30454,1
30455,0
30456,0
30457,0
30458,1
30459,1
30460,0
30461,0
30462,0
30463,1
30464,1
30465,0
30466,1
30467,0
30468,1
30469,1
30470,0
30471,0
30472,1
30473,1
30474,0
30475,1
30476,1
30477,1
30478,1
30479,0
30480,0
30481,0
30482,0
30483,0
30484,0
30485,1
30486,1
30487,0
30488,1
30489,0
30490,1
30491,1
30492,0
30493,0
30494,0
30495,1
30496,0
30497,0
30498,1
30499,0
30500,1
30501,0
30502,1
30503,0
30504,0
30505,1
30506,1
30507,0
30508,0
30509,0
30510,1
30511,0
30512,0
30513,1
30514,1
30515,0
30516,0
30517,1
30518,1
30519,1
30520,0
30521,0
30522,0
30523,0
30524,0
30525,1
30526,0
30527,0
30528,0
30529,0
30530,0
30531,1
30532,1
30533,1
30534,1
30535,0
30536,0
30537,1
30538,0
30539,1
30540,0
30541,1
30542,0
30543,1
30544,0
30545,0
30546,1
30547,1
30548,0
30549,0
30550,0
30551,0
30552,0
30553,0
30554,1
30555,0
30556,0
30557,0
30558,1
30559,1
30560,1
30561,1
30562,0
30563,0
30564,0
30565,1
30566,0
30567,0
30568,0
30569,0
30570,1
30571,1
30572,0
30573,1
30574,1
30575,0
30576,0
30577,0
30578,1
30579,0
30580,1
30581,1
30582,0
30583,1
30584,0
30585,1
30586,0
30587,1
30588,0
30589,1
30590,1
30591,1
30592,1
30593,0
30594,1
30595,1
30596,1
30597,0
30598,0
30599,1
30600,0
30601,0
30602,0
30603,0
30604,0
30605,1
30606,0
30607,1
30608,1
30609,0
30610,0
30611,0
30612,0
30613,0
30614,0
30615,1
30616,0
30617,0
30618,1
30619,1
30620,1
30621,0
30622,1
30623,0
30624,1
30625,0
30626,0
30627,0
30628,1
30629,0
30630,1
30631,0
30632,1
30633,0
30634,1
30635,0
30636,1
30637,0
30638,1
30639,0
30640,0
30641,0
30642,0
30643,1
30644,0
30645,0
30646,1
30647,1
30648,0
30649,1
30650,0
30651,1
30652,0
30653,0
30654,1
30655,1
30656,0
30657,0
30658,1
30659,1
30660,0
30661,1
30662,0
30663,1
30664,0
30665,0
30666,0
30667,0
30668,1
30669,0
30670,1
30671,1
30672,1
30673,0
30674,0
30675,1
30676,1
30677,1
30678,0
30679,0
30680,0
30681,1
30682,1
30683,0
30684,1
30685,0
30686,0
30687,1
30688,1
30689,0
30690,0
30691,0
30692,0
30693,0
30694,0
30695,1
30696,1
30697,0
30698,1
30699,1
30700,0
30701,0
30702,1
30703,0
30704,1
30705,1
30706,0
30707,1
30708,1
30709,0
30710,0
30711,0
30712,0
30713,1
30714,0
30715,0
30716,0
30717,1
30718,0
30719,0
30720,0
30721,1
30722,1
30723,0
30724,0
30725,0
30726,0
30727,0
30728,0
30729,0
30730,0
30731,1
30732,1
30733,1
30734,0
30735,0
30736,1
30737,0
30738,0
30739,0
30740,1
30741,0
30742,0
30743,0
30744,1
30745,0
30746,1
30747,1
30748,1
30749,1
30750,1
30751,1
30752,0
30753,1
30754,0
30755,0
30756,0
30757,0
30758,1
30759,1
30760,0
30761,1
30762,0
30763,0
30764,0
30765,1
30766,0
30767,0
30768,0
30769,1
30770,1
30771,0
30772,0
30773,1
30774,0
30775,0
30776,0
30777,0
30778,0
30779,0
30780,1
30781,1
30782,1
30783,0
30784,0
30785,1
30786,0
30787,0
30788,0
30789,0
30790,0
30791,0
30792,1
30793,0
30794,0
30795,0
30796,1
30797,1
30798,0
30799,1
30800,0
30801,1
30802,0
30803,0
30804,0
30805,0
30806,0
30807,0
30808,1
30809,0
30810,1
30811,0
30812,0
30813,0
30814,0
30815,0
30816,0
30817,0
30818,1
30819,0
30820,0
30821,1
30822,0
30823,0
30824,1
30825,0
30826,1
30827,1
30828,0
30829,0
30830,1
30831,1
30832,1
30833,0
30834,0
30835,0
30836,1
30837,0
30838,0
30839,1
30840,0
30841,0
30842,0
30843,0
30844,0
30845,0
30846,0
30847,0
30848,0
30849,0
30850,0
30851,0
30852,1
30853,0
30854,1
30855,1
30856,1
30857,0
30858,0
30859,1
30860,0
30861,1
30862,1
30863,1
30864,0
30865,1
30866,1
30867,0
30868,0
30869,1
30870,1
30871,1
30872,0
30873,0
30874,0
30875,0
30876,0
30877,1
30878,1
30879,1
30880,0
30881,1
30882,1
30883,1
30884,1
30885,0
30886,1
30887,0
30888,1
30889,0
30890,0
30891,1
30892,0
30893,0
30894,1
30895,0
30896,0
30897,1
30898,0
30899,0
30900,0
30901,0
30902,0
30903,0
30904,0
30905,0
30906,0
30907,1
30908,0
30909,0
30910,0
30911,1
30912,0
30913,1
30914,1
30915,0
30916,0
30917,0
30918,0
30919,0
30920,1
30921,1
30922,1
30923,1
30924,1
30925,0
30926,1
30927,1
30928,0
30929,0
30930,0
30931,1
30932,0
30933,1
30934,1
30935,0
30936,1
30937,0
30938,1
30939,1
30940,1
30941,0
30942,0
30943,1
30944,0
30945,0
30946,0
30947,0
30948,1
30949,0
30950,1
30951,1
30952,0
30953,0
30954,0
30955,1
30956,0
30957,0
30958,1
30959,0
30960,1
30961,1
30962,0
30963,0
30964,1
30965,0
30966,0
30967,0
30968,0
30969,0
30970,1
30971,1
30972,0
30973,0
30974,1
30975,1
30976,0
30977,0
30978,0
30979,1
30980,0
30981,0
30982,0
30983,0
30984,0
30985,1
30986,0
30987,1
30988,0
30989,0
30990,1
30991,0
30992,0
30993,1
30994,0
30995,1
30996,1
30997,0
30998,0
30999,1
31000,0
31001,1
31002,0
31003,0
31004,1
31005,0
31006,0
31007,0
31008,0
31009,0
31010,1
31011,0
31012,0
31013,1
31014,0
31015,0
31016,1
31017,1
31018,1
31019,1
31020,0
31021,0
31022,0
31023,0
31024,0
31025,1
31026,0
31027,0
31028,0
31029,0
31030,0
31031,1
31032,1
31033,0
31034,0
31035,0
31036,1
31037,0
31038,0
31039,0
31040,1
31041,0
31042,1
31043,1
31044,0
31045,1
31046,1
31047,1
31048,0
31049,0
31050,1
31051,1
31052,0
31053,1
31054,0
31055,1
31056,1
31057,1
31058,0
31059,0
31060,0
31061,0
31062,0
31063,0
31064,1
31065,1
31066,0
31067,1
31068,1
31069,1
31070,0
31071,0
31072,0
31073,1
31074,1
31075,0
31076,0
31077,0
31078,0
31079,1
31080,1
31081,1
31082,0
31083,1
31084,0
31085,1
31086,1
31087,0
31088,0
31089,1
31090,0
31091,0
31092,0
31093,0
31094,0
31095,0
31096,1
31097,1
31098,0
31099,0
31100,1
31101,0
31102,0
31103,0
31104,0
31105,0
31106,1
31107,0
31108,1
31109,0
31110,0
31111,1
31112,1
31113,0
31114,1
31115,0
31116,1
31117,1
31118,0
31119,0
31120,1
31121,0
31122,0
31123,0
31124,0
31125,0
31126,1
31127,1
31128,0
31129,0
31130,0
31131,1
31132,1
31133,0
31134,1
31135,0
31136,1
31137,0
31138,0
31139,0
31140,1
31141,0
31142,0
31143,1
31144,1
31145,1
31146,0
31147,0
31148,1
31149,0
31150,1
31151,1
31152,0
31153,0
31154,0
31155,0
31156,0
31157,0
31158,0
31159,0
31160,0
31161,0
31162,0
31163,0
31164,0
31165,0
31166,0
31167,1
31168,1
31169,0
31170,0
31171,0
31172,0
31173,0
31174,0
31175,0
31176,1
31177,1
31178,0
31179,0
31180,0
31181,0
31182,1
31183,0
31184,1
31185,0
31186,1
31187,0
31188,0
31189,0
31190,0
31191,1
31192,0
31193,1
31194,0
31195,1
31196,0
31197,0
31198,0
31199,0
31200,0
31201,0
31202,1
31203,0
31204,1
31205,0
31206,0
31207,0
31208,1
31209,1
31210,0
31211,1
31212,0
31213,0
31214,1
31215,0
31216,0
31217,0
31218,0
31219,1
31220,0
31221,0
31222,0
31223,1
31224,0
31225,1
31226,1
31227,0
31228,1
31229,0
31230,0
31231,0
31232,0
31233,1
31234,1
31235,1
31236,0
31237,1
31238,0
31239,0
31240,0
31241,1
31242,1
31243,1
31244,1
31245,1
31246,1
31247,0
31248,1
31249,1
31250,0
31251,0
31252,0
31253,0
31254,0
31255,1
31256,0
31257,0
31258,0
31259,1
31260,0
31261,0
31262,1
31263,0
31264,0
31265,1
31266,0
31267,1
31268,1
31269,0
31270,0
31271,0
31272,0
31273,0
31274,1
31275,0
31276,0
31277,1
31278,0
31279,0
31280,1
31281,0
31282,0
31283,1
31284,0
31285,0
31286,0
31287,0
31288,1
31289,0
31290,0
31291,1
31292,0
31293,0
31294,1
31295,0
31296,0
31297,1
31298,1
31299,1
31300,0
31301,1
31302,1
31303,0
31304,1
31305,0
31306,1
31307,0
31308,0
31309,0
31310,0
31311,0
31312,0
31313,0
31314,1
31315,0
31316,1
31317,0
31318,0
31319,1
31320,1
31321,0
31322,0
31323,1
31324,0
31325,0
31326,0
31327,1
31328,1
31329,0
31330,0
31331,1
31332,1
31333,1
31334,0
31335,0
31336,0
31337,1
31338,1
31339,1
31340,1
31341,0
31342,0
31343,1
31344,1
31345,1
31346,0
31347,1
31348,1
31349,1
31350,1
31351,0
31352,1
31353,0
31354,0
31355,0
31356,0
31357,1
31358,0
31359,0
31360,0
31361,0
31362,0
31363,0
31364,0
31365,0
31366,0
31367,0
31368,0
31369,0
31370,0
31371,1
31372,0
31373,0
31374,0
31375,0
31376,0
31377,0
31378,1
31379,0
31380,0
31381,0
31382,0
31383,0
31384,0
31385,0
31386,0
31387,1
31388,0
31389,1
31390,1
31391,0
31392,0
31393,0
31394,0
31395,0
31396,0
31397,0
31398,0
31399,0
31400,0
31401,1
31402,1
31403,0
31404,0
31405,0
31406,0
31407,0
31408,1
31409,0
31410,0
31411,0
31412,1
31413,0
31414,1
31415,0
31416,0
31417,1
31418,1
31419,0
31420,1
31421,0
31422,0
31423,0
31424,0
31425,0
31426,0
31427,0
31428,1
31429,0
31430,0
31431,0
31432,0
31433,1
31434,0
31435,0
31436,1
31437,1
31438,0
31439,0
31440,0
31441,1
31442,0
31443,1
31444,0
31445,1
31446,1
31447,0
31448,1
31449,1
31450,1
31451,1
31452,0
31453,0
31454,0
31455,0
31456,0
31457,0
31458,1
31459,0
31460,1
31461,1
31462,0
31463,0
31464,1
31465,0
31466,0
31467,0
31468,0
31469,1
31470,0
31471,0
31472,1
31473,1
31474,1
31475,1
31476,0
31477,0
31478,0
31479,0
31480,1
31481,1
31482,1
31483,0
31484,1
31485,0
31486,0
31487,0
31488,0
31489,1
31490,0
31491,1
31492,0
31493,0
31494,1
31495,0
31496,0
31497,1
31498,0
31499,0
31500,1
31501,0
31502,0
31503,0
31504,0
31505,0
31506,0
31507,1
31508,0
31509,0
31510,1
31511,0
31512,0
31513,0
31514,0
31515,1
31516,1
31517,0
31518,0
31519,1
31520,0
31521,0
31522,0
31523,0
31524,1
31525,1
31526,1
31527,0
31528,0
31529,1
31530,0
31531,1
31532,1
31533,0
31534,1
31535,1
31536,0
31537,0
31538,0
31539,0
31540,0
31541,1
31542,1
31543,0
31544,0
31545,0
31546,0
31547,0
31548,0
31549,1
31550,0
31551,1
31552,0
31553,0
31554,0
31555,1
31556,1
31557,0
31558,1
31559,1
31560,0
31561,0
31562,0
31563,0
31564,0
31565,0
31566,1
31567,0
31568,1
31569,0
31570,0
31571,1
31572,0
31573,1
31574,0
31575,0
31576,0
31577,1
31578,0
31579,0
31580,0
31581,1
31582,1
31583,0
31584,0
31585,0
31586,0
31587,0
31588,1
31589,1
31590,1
31591,0
31592,0
31593,0
31594,0
31595,1
31596,0
31597,1
31598,1
31599,0
31600,0
31601,0
31602,0
31603,0
31604,1
31605,1
31606,0
31607,0
31608,0
31609,1
31610,1
31611,0
31612,0
31613,0
31614,0
31615,0
31616,0
31617,0
31618,0
31619,0
31620,1
31621,0
31622,0
31623,0
31624,0
31625,0
31626,1
31627,0
31628,0
31629,1
31630,0
31631,0
31632,0
31633,1
31634,1
31635,0
31636,1
31637,0
31638,0
31639,1
31640,1
31641,1
31642,0
31643,1
31644,1
31645,1
31646,0
31647,0
31648,0
31649,0
31650,0
31651,0
31652,0
31653,0
31654,0
31655,0
31656,1
31657,0
31658,1
31659,1
31660,0
31661,0
31662,0
31663,0
31664,0
31665,1
31666,0
31667,0
31668,1
31669,0
31670,0
31671,1
31672,1
31673,1
31674,1
31675,1
31676,1
31677,0
31678,0
31679,0
31680,0
31681,1
31682,1
31683,0
31684,1
31685,1
31686,0
31687,0
31688,1
31689,1
31690,0
31691,0
31692,0
31693,0
31694,0
31695,0
31696,0
31697,0
31698,0
31699,0
31700,1
31701,0
31702,0
31703,1
31704,0
31705,0
31706,0
31707,0
31708,1
31709,0
31710,1
31711,0
31712,0
31713,0
31714,0
31715,0
31716,0
31717,0
31718,0
31719,0
31720,0
31721,1
31722,1
31723,0
31724,0
31725,0
31726,0
31727,0
31728,0
31729,0
31730,0
31731,1
31732,0
31733,0
31734,0
31735,0
31736,0
31737,0
31738,1
31739,0
31740,1
31741,1
31742,1
31743,0
31744,0
31745,0
31746,0
31747,0
31748,0
31749,0
31750,1
31751,0
31752,0
31753,0
31754,1
31755,0
31756,1
31757,0
31758,1
31759,0
31760,1
31761,0
31762,0
31763,1
31764,0
31765,0
31766,0
31767,0
31768,0
31769,0
31770,0
31771,1
31772,0
31773,1
31774,0
31775,0
31776,0
31777,0
31778,1
31779,1
31780,0
31781,0
31782,1
31783,1
31784,0
31785,1
31786,1
31787,0
31788,0
31789,1
31790,1
31791,0
31792,0
31793,0
31794,0
31795,0
31796,0
31797,0
31798,0
31799,0
31800,1
31801,0
31802,0
31803,1
31804,0
31805,0
31806,1
31807,0
31808,1
31809,0
31810,0
31811,0
31812,1
31813,0
31814,0
31815,0
31816,0
31817,0
31818,1
31819,0
31820,0
31821,0
31822,0
31823,1
31824,0
31825,0
31826,1
31827,1
31828,1
31829,0
31830,0
31831,0
31832,1
31833,0
31834,0
31835,0
31836,1
31837,0
31838,0
31839,1
31840,0
31841,0
31842,1
31843,1
31844,0
31845,0
31846,0
31847,1
31848,0
31849,0
31850,1
31851,1
31852,1
31853,0
31854,0
31855,0
31856,0
31857,0
31858,0
31859,0
31860,1
31861,1
31862,1
31863,0
31864,0
31865,0
31866,1
31867,1
31868,0
31869,0
31870,0
31871,0
31872,0
31873,0
31874,1
31875,1
31876,0
31877,0
31878,0
31879,0
31880,0
31881,0
31882,0
31883,0
31884,1
31885,1
31886,1
31887,0
31888,0
31889,0
31890,0
31891,0
31892,0
31893,0
31894,1
31895,0
31896,1
31897,1
31898,0
31899,1
31900,0
31901,1
31902,0
31903,1
31904,0
31905,0
31906,1
31907,0
31908,1
31909,1
31910,0
31911,0
31912,0
31913,1
31914,0
31915,0
31916,1
31917,0
31918,0
31919,0
31920,0
31921,0
31922,1
31923,0
31924,1
31925,1
31926,0
31927,0
31928,1
31929,0
31930,0
31931,0
31932,0
31933,0
31934,1
31935,0
31936,0
31937,0
31938,0
31939,1
31940,0
31941,1
31942,1
31943,0
31944,1
31945,0
31946,0
31947,0
31948,1
31949,0
31950,1
31951,1
31952,0
31953,0
31954,0
31955,1
31956,1
31957,0
31958,0
31959,1
31960,1
31961,0
31962,1
31963,0
31964,0
31965,1
31966,0
31967,1
31968,0
31969,0
31970,0
31971,0
31972,0
31973,1
31974,1
31975,1
31976,0
31977,0
31978,0
31979,0
31980,0
31981,1
31982,0
31983,0
31984,0
31985,1
31986,0
31987,0
31988,1
31989,0
31990,1
31991,0
31992,1
31993,0
31994,1
31995,0
31996,0
31997,0
31998,0
31999,1
32000,0
32001,0
32002,1
32003,0
32004,0
32005,1
32006,1
32007,0
32008,0
32009,1
32010,0
32011,0
32012,0
32013,1
32014,0
32015,0
32016,0
32017,0
32018,0
32019,0
32020,0
32021,0
32022,1
32023,0
32024,0
32025,0
32026,0
32027,1
32028,0
32029,0
32030,0
32031,1
32032,0
32033,1
32034,1
32035,0
32036,0
32037,0
32038,0
32039,0
32040,0
32041,1
32042,0
32043,0
32044,0
32045,0
32046,1
32047,0
32048,0
32049,0
32050,1
32051,0
32052,0
32053,0
32054,0
32055,0
32056,0
32057,1
32058,1
32059,1
32060,0
32061,1
32062,0
32063,0
32064,0
32065,0
32066,1
32067,0
32068,0
32069,1
32070,0
32071,0
32072,0
32073,0
32074,0
32075,0
32076,0
32077,0
32078,0
32079,1
32080,0
32081,0
32082,0
32083,1
32084,1
32085,1
32086,0
32087,0
32088,0
32089,1
32090,0
32091,0
32092,0
32093,0
32094,0
32095,0
32096,0
32097,0
32098,0
32099,0
32100,0
32101,0
32102,0
32103,0
32104,0
32105,0
32106,0
32107,0
32108,0
32109,1
32110,0
32111,0
32112,0
32113,0
32114,0
32115,0
32116,0
32117,0
32118,1
32119,0
32120,0
32121,0
32122,0
32123,0
32124,0
32125,0
32126,1
32127,0
32128,1
32129,1
32130,0
32131,1
32132,0
32133,0
32134,1
32135,0
32136,1
32137,0
32138,0
32139,0
32140,0
32141,0
32142,1
32143,0
32144,0
32145,0
32146,0
32147,0
32148,1
32149,1
32150,1
32151,0
32152,1
32153,0
32154,0
32155,1
32156,0
32157,0
32158,0
32159,0
32160,1
32161,1
32162,1
32163,0
32164,0
32165,0
32166,0
32167,0
32168,1
32169,1
32170,0
32171,1
32172,0
32173,0
32174,0
32175,0
32176,0
32177,0
32178,1
32179,0
32180,0
32181,0
32182,1
32183,1
32184,0
32185,1
32186,1
32187,0
32188,1
32189,0
32190,0
32191,0
32192,0
32193,1
32194,0
32195,1
32196,1
32197,0
32198,0
32199,0
32200,0
32201,0
32202,1
32203,1
32204,0
32205,0
32206,1
32207,1
32208,1
32209,0
32210,0
32211,0
32212,0
32213,1
32214,0
32215,0
32216,0
32217,0
32218,0
32219,0
32220,0
32221,1
32222,0
32223,0
32224,0
32225,0
32226,1
32227,0
32228,1
32229,1
32230,0
32231,0
32232,1
32233,0
32234,1
32235,1
32236,1
32237,0
32238,0
32239,0
32240,1
32241,0
32242,1
32243,0
32244,1
32245,0
32246,1
32247,1
32248,0
32249,0
32250,0
32251,0
32252,0
32253,0
32254,0
32255,0
32256,0
32257,1
32258,0
32259,1
32260,0
32261,0
32262,1
32263,0
32264,0
32265,0
32266,0
32267,0
32268,1
32269,1
32270,0
32271,1
32272,1
32273,0
32274,1
32275,0
32276,1
32277,1
32278,1
32279,0
32280,0
32281,1
32282,0
32283,1
32284,0
32285,1
32286,1
32287,1
32288,0
32289,0
32290,0
32291,0
32292,1
32293,0
32294,0
32295,1
32296,1
32297,0
32298,0
32299,0
32300,0
32301,1
32302,0
32303,1
32304,0
32305,0
32306,0
32307,0
32308,1
32309,1
32310,0
32311,1
32312,0
32313,1
32314,0
32315,0
32316,0
32317,0
32318,0
32319,0
32320,1
32321,0
32322,0
32323,0
32324,1
32325,1
32326,0
32327,0
32328,0
32329,0
32330,0
32331,0
32332,0
32333,0
32334,0
32335,0
32336,0
32337,0
32338,0
32339,0
32340,1
32341,0
32342,0
32343,1
32344,0
32345,0
32346,0
32347,0
32348,0
32349,0
32350,0
32351,1
32352,1
32353,0
32354,0
32355,0
32356,0
32357,0
32358,0
32359,0
32360,0
32361,1
32362,1
32363,1
32364,1
32365,0
32366,1
32367,1
32368,1
32369,0
32370,0
32371,1
32372,0
32373,0
32374,1
32375,1
32376,0
32377,0
32378,0
32379,1
32380,0
32381,0
32382,0
32383,0
32384,0
32385,0
32386,0
32387,0
32388,0
32389,0
32390,0
32391,0
32392,1
32393,0
32394,0
32395,0
32396,1
32397,0
32398,0
32399,0
32400,1
32401,0
32402,0
32403,1
32404,0
32405,0
32406,1
32407,0
32408,0
32409,0
32410,1
32411,1
32412,0
32413,0
32414,0
32415,0
32416,1
32417,0
32418,0
32419,0
32420,0
32421,0
32422,0
32423,1
32424,0
32425,0
32426,0
32427,1
32428,0
32429,1
32430,0
32431,0
32432,1
32433,0
32434,0
32435,1
32436,0
32437,1
32438,0
32439,1
32440,0
32441,0
32442,0
32443,0
32444,1
32445,1
32446,0
32447,0
32448,1
32449,0
32450,0
32451,0
32452,0
32453,0
32454,1
32455,0
32456,0
32457,1
32458,1
32459,1
32460,0
32461,0
32462,0
32463,0
32464,0
32465,0
32466,0
32467,0
32468,0
32469,1
32470,0
32471,0
32472,0
32473,0
32474,0
32475,0
32476,0
32477,0
32478,1
32479,1
32480,0
32481,1
32482,1
32483,0
32484,0
32485,0
32486,0
32487,0
32488,1
32489,0
32490,0
32491,1
32492,0
32493,0
32494,0
32495,0
32496,0
32497,0
32498,1
32499,0
32500,0
32501,1
32502,1
32503,1
32504,0
32505,1
32506,1
32507,0
32508,0
32509,0
32510,0
32511,0
32512,1
32513,0
32514,0
32515,0
32516,0
32517,1
32518,0
32519,0
32520,0
32521,0
32522,1
32523,0
32524,1
32525,0
32526,0
32527,1
32528,0
32529,0
32530,0
32531,0
32532,0
32533,1
32534,1
32535,0
32536,0
32537,0
32538,0
32539,1
32540,0
32541,0
32542,0
32543,0
32544,0
32545,0
32546,0
32547,1
32548,0
32549,0
32550,0
32551,0
32552,0
32553,0
32554,0
32555,0
32556,0
32557,0
32558,0
32559,0
32560,1
32561,0
32562,1
32563,0
32564,0
32565,0
32566,0
32567,0
32568,1
32569,0
32570,0
32571,0
32572,0
32573,0
32574,1
32575,0
32576,0
32577,1
32578,1
32579,0
32580,0
32581,0
32582,0
32583,0
32584,1
32585,0
32586,0
32587,0
32588,0
32589,1
32590,1
32591,0
32592,1
32593,0
32594,0
32595,0
32596,1
32597,1
32598,0
32599,1
32600,0
32601,0
32602,0
32603,1
32604,1
32605,0
32606,0
32607,1
32608,0
32609,0
32610,1
32611,1
32612,0
32613,0
32614,1
32615,0
32616,1
32617,0
32618,0
32619,0
32620,0
32621,0
32622,0
32623,1
32624,0
32625,0
32626,1
32627,0
32628,1
32629,1
32630,0
32631,1
32632,0
32633,1
32634,0
32635,1
32636,1
32637,0
32638,0
32639,1
32640,0
32641,0
32642,0
32643,0
32644,1
32645,0
32646,1
32647,0
32648,0
32649,1
32650,0
32651,0
32652,0
32653,1
32654,0
32655,1
32656,1
32657,0
32658,1
32659,1
32660,0
32661,0
32662,1
32663,1
32664,0
32665,0
32666,0
32667,1
32668,0
32669,1
32670,0
32671,0
32672,1
32673,1
32674,1
32675,0
32676,0
32677,1
32678,1
32679,0
32680,0
32681,0
32682,1
32683,1
32684,0
32685,0
32686,0
32687,0
32688,0
32689,0
32690,1
32691,0
32692,1
32693,0
32694,0
32695,0
32696,0
32697,0
32698,1
32699,1
32700,1
32701,0
32702,0
32703,0
32704,0
32705,0
32706,0
32707,0
32708,1
32709,0
32710,0
32711,1
32712,0
32713,0
32714,0
32715,0
32716,0
32717,0
32718,0
32719,1
32720,1
32721,0
32722,0
32723,0
32724,0
32725,0
32726,1
32727,1
32728,1
32729,0
32730,0
32731,0
32732,0
32733,1
32734,0
32735,1
32736,0
32737,0
32738,0
32739,1
32740,0
32741,0
32742,0
32743,1
32744,0
32745,0
32746,0
32747,0
32748,0
32749,0
32750,0
32751,0
32752,0
32753,1
32754,1
32755,0
32756,1
32757,1
32758,0
32759,0
32760,0
32761,0
32762,0
32763,0
32764,1
32765,1
32766,1
32767,1
32768,0
32769,0
32770,0
32771,1
32772,0
32773,1
32774,0
32775,1
32776,0
32777,1
32778,0
32779,0
32780,0
32781,0
32782,0
32783,1
32784,1
32785,0
32786,0
32787,0
32788,1
32789,0
32790,0
32791,0
32792,0
32793,0
32794,0
32795,0
32796,0
32797,1
32798,0
32799,0
32800,0
32801,0
32802,0
32803,0
32804,0
32805,1
32806,0
32807,1
32808,0
32809,0
32810,1
32811,0
32812,0
32813,0
32814,0
32815,0
32816,0
32817,1
32818,0
32819,0
32820,0
32821,1
32822,0
32823,1
32824,0
32825,0
32826,0
32827,0
32828,0
32829,1
32830,0
32831,0
32832,0
32833,0
32834,0
32835,0
32836,0
32837,0
32838,1
32839,1
32840,0
32841,0
32842,0
32843,0
32844,0
32845,0
32846,0
32847,0
32848,0
32849,1
32850,0
32851,0
32852,0
32853,0
32854,0
32855,0
32856,0
32857,1
32858,0
32859,0
32860,0
32861,0
32862,1
32863,0
32864,0
32865,0
32866,0
32867,1
32868,1
32869,1
32870,1
32871,0
32872,1
32873,0
32874,1
32875,0
32876,0
32877,1
32878,0
32879,0
32880,0
32881,0
32882,0
32883,0
32884,1
32885,1
32886,0
32887,1
32888,1
32889,0
32890,1
32891,0
32892,1
32893,0
32894,0
32895,0
32896,0
32897,1
32898,0
32899,1
32900,0
32901,0
32902,0
32903,0
32904,0
32905,0
32906,0
32907,0
32908,0
32909,0
32910,1
32911,0
32912,0
32913,0
32914,0
32915,0
32916,1
32917,1
32918,0
32919,1
32920,0
32921,0
32922,1
32923,0
32924,0
32925,0
32926,0
32927,0
32928,0
32929,0
32930,1
32931,1
32932,0
32933,0
32934,0
32935,1
32936,0
32937,0
32938,0
32939,0
32940,0
32941,1
32942,0
32943,0
32944,0
32945,0
32946,1
32947,0
32948,0
32949,0
32950,0
32951,1
32952,0
32953,0
32954,1
32955,0
32956,1
32957,1
32958,0
32959,0
32960,1
32961,0
32962,0
32963,0
32964,0
32965,0
32966,0
32967,0
32968,0
32969,0
32970,0
32971,0
32972,0
32973,0
32974,0
32975,1
32976,1
32977,0
32978,1
32979,0
32980,1
32981,1
32982,0
32983,1
32984,1
32985,0
32986,1
32987,0
32988,0
32989,0
32990,0
32991,1
32992,1
32993,1
32994,0
32995,0
32996,0
32997,0
32998,0
32999,0
33000,0
33001,1
33002,1
33003,0
33004,0
33005,0
33006,1
33007,0
33008,0
33009,0
33010,1
33011,0
33012,0
33013,0
33014,1
33015,0
33016,1
33017,1
33018,0
33019,1
33020,0
33021,0
33022,0
33023,1
33024,1
33025,0
33026,1
33027,0
33028,0
33029,0
33030,0
33031,0
33032,1
33033,0
33034,0
33035,0
33036,0
33037,1
33038,0
33039,1
33040,1
33041,0
33042,1
33043,1
33044,0
33045,1
33046,1
33047,0
33048,1
33049,0
33050,0
33051,1
33052,0
33053,0
33054,0
33055,0
33056,1
33057,0
33058,0
33059,0
33060,1
33061,0
33062,0
33063,0
33064,1
33065,0
33066,1
33067,0
33068,0
33069,0
33070,1
33071,0
33072,0
33073,0
33074,0
33075,0
33076,0
33077,1
33078,1
33079,0
33080,0
33081,0
33082,0
33083,1
33084,0
33085,0
33086,1
33087,0
33088,1
33089,0
33090,1
33091,0
33092,1
33093,1
33094,0
33095,1
33096,0
33097,0
33098,0
33099,0
33100,1
33101,0
33102,1
33103,0
33104,1
33105,0
33106,1
33107,0
33108,0
33109,1
33110,0
33111,1
33112,1
33113,1
33114,1
33115,0
33116,0
33117,0
33118,0
33119,0
33120,1
33121,1
33122,0
33123,1
33124,1
33125,0
33126,0
33127,0
33128,0
33129,0
33130,0
33131,1
33132,0
33133,1
33134,0
33135,0
33136,0
33137,0
33138,0
33139,1
33140,1
33141,1
33142,1
33143,0
33144,1
33145,1
33146,1
33147,0
33148,0
33149,1
33150,1
33151,1
33152,0
33153,1
33154,1
33155,0
33156,1
33157,0
33158,1
33159,0
33160,0
33161,0
33162,0
33163,1
33164,0
33165,0
33166,0
33167,0
33168,0
33169,0
33170,0
33171,0
33172,0
33173,0
33174,0
33175,1
33176,1
33177,0
33178,1
33179,1
33180,1
33181,1
33182,0
33183,0
33184,0
33185,0
33186,0
33187,0
33188,0
33189,0
33190,0
33191,1
33192,0
33193,0
33194,0
33195,0
33196,0
33197,0
33198,0
33199,0
33200,0
33201,0
33202,0
33203,0
33204,1
33205,0
33206,0
33207,0
33208,1
33209,0
33210,1
33211,1
33212,0
33213,0
33214,0
33215,0
33216,0
33217,0
33218,0
33219,0
33220,0
33221,0
33222,0
33223,0
33224,0
33225,0
33226,0
33227,0
33228,1
33229,0
33230,0
33231,0
33232,1
33233,0
33234,0
33235,0
33236,0
33237,0
33238,0
33239,1
33240,0
33241,0
33242,1
33243,0
33244,0
33245,1
33246,0
33247,1
33248,0
33249,0
33250,0
33251,0
33252,0
33253,0
33254,1
33255,1
33256,0
33257,1
33258,1
33259,0
33260,0
33261,0
33262,0
33263,0
33264,0
33265,1
33266,0
33267,0
33268,0
33269,0
33270,0
33271,1
33272,0
33273,0
33274,1
33275,1
33276,0
33277,0
33278,1
33279,0
33280,1
33281,0
33282,0
33283,0
33284,0
33285,0
33286,0
33287,0
33288,0
33289,0
33290,0
33291,0
33292,1
33293,1
33294,0
33295,0
33296,1
33297,0
33298,0
33299,1
33300,0
33301,1
33302,0
33303,0
33304,0
33305,1
33306,0
33307,0
33308,0
33309,0
33310,1
33311,1
33312,0
33313,0
33314,0
33315,0
33316,0
33317,1
33318,0
33319,0
33320,1
33321,1
33322,0
33323,0
33324,0
33325,0
33326,0
33327,0
33328,1
33329,0
33330,1
33331,1
33332,0
33333,0
33334,1
33335,1
33336,1
33337,0
33338,0
33339,0
33340,0
33341,0
33342,0
33343,0
33344,0
33345,0
33346,1
33347,0
33348,0
33349,0
33350,0
33351,0
33352,1
33353,0
33354,0
33355,0
33356,1
33357,1
33358,1
33359,0
33360,0
33361,0
33362,1
33363,1
33364,0
33365,0
33366,0
33367,1
33368,0
33369,1
33370,0
33371,0
33372,0
33373,0
33374,0
33375,1
33376,0
33377,0
33378,1
33379,0
33380,0
33381,0
33382,1
33383,0
33384,0
33385,0
33386,0
33387,1
33388,1
33389,0
33390,0
33391,0
33392,0
33393,1
33394,0
33395,1
33396,1
33397,0
33398,0
33399,0
33400,0
33401,0
33402,1
33403,0
33404,1
33405,0
33406,1
33407,0
33408,1
33409,0
33410,0
33411,0
33412,1
33413,0
33414,0
33415,1
33416,0
33417,1
33418,1
33419,1
33420,0
33421,0
33422,0
33423,0
33424,1
33425,0
33426,1
33427,0
33428,1
33429,1
33430,1
33431,1
33432,0
33433,0
33434,0
33435,0
33436,1
33437,0
33438,0
33439,0
33440,0
33441,1
33442,0
33443,0
33444,0
33445,0
33446,0
33447,1
33448,1
33449,1
33450,1
33451,0
33452,1
33453,1
33454,0
33455,0
33456,0
33457,0
33458,0
33459,1
33460,1
33461,0
33462,1
33463,0
33464,0
33465,1
33466,0
33467,1
33468,0
33469,1
33470,0
33471,0
33472,1
33473,0
33474,1
33475,1
33476,1
33477,0
33478,0
33479,0
33480,0
33481,0
33482,0
33483,0
33484,0
33485,0
33486,1
33487,0
33488,1
33489,1
33490,1
33491,0
33492,0
33493,1
33494,0
33495,1
33496,0
33497,1
33498,0
33499,0
33500,0
33501,1
33502,0
33503,0
33504,0
33505,0
33506,0
33507,0
33508,0
33509,1
33510,1
33511,0
33512,1
33513,1
33514,1
33515,0
33516,1
33517,1
33518,1
33519,1
33520,0
33521,1
33522,0
33523,0
33524,0
33525,0
33526,0
33527,1
33528,0
33529,1
33530,1
33531,0
33532,0
33533,0
33534,0
33535,0
33536,0
33537,0
33538,0
33539,0
33540,0
33541,1
33542,0
33543,0
33544,0
33545,0
33546,1
33547,0
33548,0
33549,1
33550,1
33551,0
33552,1
33553,0
33554,0
33555,0
33556,1
33557,0
33558,0
33559,0
33560,1
33561,0
33562,0
33563,0
33564,0
33565,1
33566,1
33567,0
33568,1
33569,0
33570,0
33571,0
33572,0
33573,0
33574,1
33575,1
33576,1
33577,0
33578,0
33579,1
33580,1
33581,0
33582,0
33583,0
33584,0
33585,0
33586,0
33587,0
33588,0
33589,0
33590,0
33591,0
33592,0
33593,0
33594,0
33595,0
33596,0
33597,0
33598,1
33599,1
33600,1
33601,0
33602,1
33603,0
33604,1
33605,0
33606,0
33607,1
33608,1
33609,0
33610,0
33611,0
33612,0
33613,1
33614,0
33615,0
33616,1
33617,0
33618,0
33619,0
33620,0
33621,0
33622,0
33623,0
33624,0
33625,0
33626,1
33627,0
33628,0
33629,0
33630,0
33631,0
33632,0
33633,0
33634,0
33635,0
33636,0
33637,0
33638,0
33639,1
33640,1
33641,0
33642,1
33643,0
33644,0
33645,1
33646,0
33647,0
33648,0
33649,1
33650,0
33651,0
33652,0
33653,0
33654,0
33655,0
33656,0
33657,0
33658,1
33659,0
33660,0
33661,0
33662,1
33663,1
33664,1
33665,1
33666,0
33667,0
33668,0
33669,0
33670,0
33671,0
33672,0
33673,1
33674,0
33675,0
33676,0
33677,0
33678,0
33679,0
33680,0
33681,0
33682,0
33683,0
33684,0
33685,0
33686,0
33687,0
33688,0
33689,0
33690,0
33691,0
33692,0
33693,0
33694,0
33695,0
33696,1
33697,0
33698,0
33699,0
33700,1
33701,0
33702,0
33703,0
33704,1
33705,1
33706,0
33707,1
33708,0
33709,0
33710,1
33711,0
33712,1
33713,0
33714,0
33715,0
33716,0
33717,0
33718,0
33719,0
33720,0
33721,0
33722,1
33723,0
33724,0
33725,0
33726,0
33727,1
33728,1
33729,0
33730,1
33731,0
33732,1
33733,1
33734,0
33735,0
33736,0
33737,0
33738,0
33739,0
33740,0
33741,0
33742,1
33743,0
33744,0
33745,0
33746,1
33747,0
33748,0
33749,1
33750,0
33751,1
33752,1
33753,0
33754,1
33755,0
33756,0
33757,0
33758,1
33759,0
33760,0
33761,0
33762,0
33763,0
33764,1
33765,1
33766,1
33767,0
33768,1
33769,0
33770,0
33771,1
33772,0
33773,0
33774,1
33775,1
33776,0
33777,0
33778,1
33779,0
33780,0
33781,0
33782,0
33783,1
33784,0
33785,1
33786,0
33787,1
33788,0
33789,1
33790,0
33791,0
33792,1
33793,1
33794,0
33795,0
33796,1
33797,0
33798,0
33799,0
33800,0
33801,1
33802,0
33803,0
33804,1
33805,0
33806,1
33807,1
33808,0
33809,0
33810,0
33811,0
33812,1
33813,0
33814,1
33815,0
33816,1
33817,0
33818,0
33819,0
33820,0
33821,0
33822,1
33823,0
33824,0
33825,1
33826,0
33827,0
33828,0
33829,0
33830,0
33831,1
33832,1
33833,0
33834,1
33835,1
33836,1
33837,0
33838,0
33839,1
33840,0
33841,1
33842,0
33843,0
33844,1
33845,0
33846,0
33847,0
33848,0
33849,0
33850,1
33851,0
33852,0
33853,0
33854,1
33855,1
33856,0
33857,0
33858,0
33859,0
33860,0
33861,0
33862,0
33863,0
33864,1
33865,0
33866,0
33867,0
33868,1
33869,1
33870,1
33871,0
33872,0
33873,1
33874,0
33875,0
33876,0
33877,0
33878,0
33879,0
33880,1
33881,0
33882,0
33883,1
33884,0
33885,0
33886,1
33887,0
33888,1
33889,0
33890,1
33891,0
33892,0
33893,1
33894,0
33895,0
33896,0
33897,0
33898,1
33899,1
33900,0
33901,0
33902,0
33903,0
33904,0
33905,0
33906,1
33907,1
33908,0
33909,1
33910,1
33911,0
33912,0
33913,0
33914,0
33915,0
33916,0
33917,0
33918,0
33919,0
33920,1
33921,0
33922,0
33923,1
33924,0
33925,0
33926,1
33927,0
33928,1
33929,0
33930,1
33931,1
33932,1
33933,0
33934,0
33935,0
33936,0
33937,0
33938,0
33939,0
33940,1
33941,1
33942,0
33943,0
33944,1
33945,0
33946,0
33947,0
33948,0
33949,0
33950,0
33951,0
33952,0
33953,1
33954,1
33955,0
33956,1
33957,1
33958,0
33959,0
33960,0
33961,1
33962,0
33963,0
33964,1
33965,0
33966,1
33967,1
33968,1
33969,0
33970,1
33971,0
33972,0
33973,0
33974,0
33975,0
33976,1
33977,0
33978,0
33979,0
33980,0
33981,0
33982,1
33983,0
33984,0
33985,0
33986,0
33987,0
33988,1
33989,1
33990,1
33991,0
33992,1
33993,1
33994,1
33995,0
33996,0
33997,0
33998,0
33999,0
34000,0
34001,0
34002,0
34003,0
34004,0
34005,0
34006,0
34007,0
34008,1
34009,0
34010,1
34011,0
34012,0
34013,0
34014,1
34015,0
34016,1
34017,1
34018,0
34019,0
34020,0
34021,1
34022,1
34023,1
34024,0
34025,0
34026,1
34027,1
34028,0
34029,0
34030,0
34031,0
34032,0
34033,0
34034,0
34035,0
34036,0
34037,0
34038,0
34039,0
34040,0
34041,0
34042,1
34043,1
34044,0
34045,0
34046,1
34047,1
34048,1
34049,0
34050,1
34051,0
34052,1
34053,0
34054,0
34055,0
34056,0
34057,0
34058,1
34059,1
34060,0
34061,0
34062,0
34063,0
34064,0
34065,0
34066,1
34067,0
34068,0
34069,0
34070,0
34071,0
34072,0
34073,0
34074,0
34075,0
34076,0
34077,0
34078,1
34079,1
34080,0
34081,0
34082,0
34083,0
34084,0
34085,1
34086,1
34087,1
34088,1
34089,0
34090,0
34091,0
34092,1
34093,1
34094,0
34095,0
34096,0
34097,1
34098,1
34099,1
34100,1
34101,1
34102,1
34103,0
34104,1
34105,1
34106,0
34107,0
34108,1
34109,0
34110,0
34111,0
34112,1
34113,1
34114,1
34115,1
34116,1
34117,0
34118,1
34119,0
34120,1
34121,1
34122,1
34123,0
34124,0
34125,0
34126,1
34127,0
34128,0
34129,0
34130,0
34131,0
34132,0
34133,0
34134,0
34135,0
34136,0
34137,1
34138,0
34139,0
34140,0
34141,0
34142,0
34143,0
34144,0
34145,0
34146,1
34147,0
34148,0
34149,0
34150,0
34151,1
34152,0
34153,1
34154,0
34155,1
34156,0
34157,0
34158,0
34159,1
34160,0
34161,0
34162,1
34163,1
34164,1
34165,1
34166,1
34167,0
34168,0
34169,1
34170,1
34171,0
34172,0
34173,0
34174,1
34175,0
34176,1
34177,1
34178,0
34179,0
34180,0
34181,0
34182,1
34183,0
34184,0
34185,0
34186,0
34187,0
34188,0
34189,0
34190,0
34191,1
34192,1
34193,1
34194,1
34195,0
34196,0
34197,0
34198,0
34199,1
34200,0
34201,1
34202,0
34203,0
34204,1
34205,1
34206,0
34207,0
34208,0
34209,0
34210,0
34211,0
34212,1
34213,0
34214,1
34215,0
34216,0
34217,0
34218,0
34219,1
34220,1
34221,1
34222,1
34223,0
34224,1
34225,0
34226,1
34227,1
34228,0
34229,0
34230,0
34231,0
34232,0
34233,0
34234,0
34235,0
34236,0
34237,0
34238,0
34239,0
34240,1
34241,1
34242,0
34243,1
34244,0
34245,0
34246,1
34247,1
34248,1
34249,0
34250,0
34251,0
34252,1
34253,0
34254,0
34255,1
34256,1
34257,0
34258,1
34259,0
34260,1
34261,0
34262,0
34263,0
34264,0
34265,0
34266,0
34267,0
34268,1
34269,0
34270,1
34271,0
34272,1
34273,1
34274,1
34275,0
34276,1
34277,0
34278,0
34279,1
34280,0
34281,0
34282,0
34283,0
34284,0
34285,1
34286,1
34287,1
34288,1
34289,0
34290,1
34291,0
34292,1
34293,1
34294,0
34295,1
34296,0
34297,0
34298,1
34299,1
34300,0
34301,0
34302,0
34303,0
34304,0
34305,0
34306,1
34307,1
34308,0
34309,0
34310,0
34311,0
34312,1
34313,0
34314,0
34315,0
34316,0
34317,0
34318,1
34319,0
34320,0
34321,0
34322,0
34323,0
34324,1
34325,1
34326,1
34327,1
34328,0
34329,1
34330,0
34331,0
34332,1
34333,0
34334,0
34335,1
34336,1
34337,1
34338,0
34339,0
34340,1
34341,1
34342,0
34343,1
34344,0
34345,0
34346,0
34347,0
34348,0
34349,0
34350,0
34351,0
34352,0
34353,1
34354,0
34355,0
34356,0
34357,0
34358,0
34359,0
34360,1
34361,1
34362,1
34363,0
34364,1
34365,0
34366,0
34367,1
34368,0
34369,1
34370,1
34371,1
34372,0
34373,1
34374,0
34375,1
34376,0
34377,0
34378,1
34379,0
34380,0
34381,0
34382,1
34383,0
34384,0
34385,1
34386,0
34387,0
34388,0
34389,1
34390,0
34391,0
34392,1
34393,0
34394,0
34395,1
34396,0
34397,1
34398,1
34399,0
34400,0
34401,0
34402,1
34403,0
34404,0
34405,1
34406,1
34407,0
34408,0
34409,0
34410,1
34411,1
34412,0
34413,0
34414,1
34415,0
34416,0
34417,0
34418,1
34419,1
34420,1
34421,0
34422,0
34423,1
34424,0
34425,0
34426,0
34427,0
34428,0
34429,0
34430,1
34431,0
34432,1
34433,1
34434,0
34435,0
34436,0
34437,1
34438,1
34439,0
34440,0
34441,1
34442,0
34443,1
34444,1
34445,1
34446,0
34447,1
34448,0
34449,1
34450,0
34451,0
34452,1
34453,1
34454,1
34455,1
34456,1
34457,0
34458,0
34459,1
34460,0
34461,0
34462,1
34463,0
34464,0
34465,0
34466,0
34467,0
34468,0
34469,1
34470,0
34471,0
34472,1
34473,0
34474,0
34475,0
34476,0
34477,0
34478,1
34479,0
34480,0
34481,1
34482,0
34483,0
34484,0
34485,1
34486,0
34487,1
34488,1
34489,0
34490,1
34491,0
34492,0
34493,0
34494,1
34495,0
34496,0
34497,0
34498,0
34499,0
34500,0
34501,1
34502,0
34503,1
34504,1
34505,1
34506,0
34507,0
34508,1
34509,1
34510,0
34511,1
34512,1
34513,0
34514,0
34515,1
34516,0
34517,0
34518,1
34519,1
34520,0
34521,0
34522,0
34523,0
34524,0
34525,0
34526,0
34527,0
34528,0
34529,0
34530,0
34531,1
34532,0
34533,1
34534,0
34535,1
34536,0
34537,1
34538,1
34539,0
34540,1
34541,0
34542,0
34543,0
34544,1
34545,1
34546,1
34547,1
34548,1
34549,0
34550,1
34551,0
34552,0
34553,0
34554,0
34555,0
34556,0
34557,1
34558,1
34559,0
34560,0
34561,1
34562,0
34563,0
34564,0
34565,0
34566,0
34567,0
34568,0
34569,0
34570,0
34571,0
34572,1
34573,1
34574,1
34575,1
34576,0
34577,0
34578,0
34579,0
34580,0
34581,0
34582,0
34583,0
34584,0
34585,0
34586,1
34587,1
34588,0
34589,0
34590,0
34591,0
34592,0
34593,1
34594,0
34595,0
34596,0
34597,1
34598,1
34599,0
34600,1
34601,1
34602,0
34603,1
34604,0
34605,1
34606,0
34607,0
34608,0
34609,1
34610,1
34611,1
34612,1
34613,1
34614,1
34615,1
34616,0
34617,0
34618,0
34619,0
34620,0
34621,0
34622,0
34623,0
34624,0
34625,1
34626,1
34627,0
34628,0
34629,1
34630,0
34631,0
34632,0
34633,1
34634,1
34635,0
34636,1
34637,0
34638,1
34639,1
34640,0
34641,0
34642,0
34643,0
34644,1
34645,0
34646,1
34647,0
34648,0
34649,1
34650,0
34651,0
34652,1
34653,0
34654,1
34655,0
34656,0
34657,0
34658,1
34659,1
34660,1
34661,0
34662,0
34663,0
34664,1
34665,0
34666,1
34667,1
34668,1
34669,0
34670,0
34671,0
34672,1
34673,1
34674,0
34675,0
34676,1
34677,0
34678,0
34679,0
34680,0
34681,1
34682,1
34683,0
34684,1
34685,0
34686,0
34687,0
34688,1
34689,0
34690,0
34691,0
34692,0
34693,1
34694,0
34695,1
34696,1
34697,0
34698,1
34699,0
34700,1
34701,0
34702,0
34703,1
34704,0
34705,1
34706,1
34707,0
34708,0
34709,0
34710,0
34711,1
34712,1
34713,1
34714,0
34715,0
34716,0
34717,1
34718,0
34719,1
34720,0
34721,1
34722,0
34723,0
34724,0
34725,0
34726,0
34727,1
34728,0
34729,0
34730,0
34731,1
34732,0
34733,0
34734,1
34735,1
34736,0
34737,1
34738,1
34739,1
34740,0
34741,1
34742,0
34743,1
34744,0
34745,1
34746,0
34747,0
34748,0
34749,0
34750,1
34751,0
34752,0
34753,0
34754,1
34755,0
34756,0
34757,1
34758,0
34759,0
34760,0
34761,0
34762,0
34763,1
34764,0
34765,1
34766,1
34767,0
34768,1
34769,0
34770,1
34771,0
34772,0
34773,1
34774,1
34775,1
34776,1
34777,0
34778,1
34779,1
34780,1
34781,1
34782,0
34783,1
34784,0
34785,0
34786,0
34787,0
34788,1
34789,0
34790,0
34791,0
34792,0
34793,1
34794,0
34795,1
34796,1
34797,0
34798,0
34799,0
34800,1
34801,1
34802,0
34803,0
34804,1
34805,1
34806,1
34807,0
34808,1
34809,0
34810,0
34811,0
34812,1
34813,1
34814,1
34815,1
34816,1
34817,1
34818,1
34819,0
34820,0
34821,0
34822,0
34823,1
34824,0
34825,0
34826,0
34827,1
34828,0
34829,1
34830,0
34831,1
34832,0
34833,1
34834,1
34835,0
34836,0
34837,1
34838,0
34839,0
34840,0
34841,0
34842,0
34843,0
34844,0
34845,0
34846,0
34847,1
34848,0
34849,0
34850,1
34851,0
34852,0
34853,0
34854,0
34855,0
34856,0
34857,1
34858,1
34859,1
34860,1
34861,0
34862,0
34863,1
34864,0
34865,0
34866,0
34867,0
34868,1
34869,0
34870,1
34871,0
34872,0
34873,1
34874,0
34875,0
34876,1
34877,0
34878,1
34879,0
34880,1
34881,0
34882,1
34883,0
34884,1
34885,0
34886,0
34887,1
34888,0
34889,0
34890,0
34891,0
34892,0
34893,0
34894,0
34895,1
34896,0
34897,1
34898,1
34899,0
34900,0
34901,1
34902,0
34903,0
34904,1
34905,0
34906,1
34907,1
34908,0
34909,0
34910,0
34911,0
34912,0
34913,1
34914,0
34915,0
34916,0
34917,1
34918,1
34919,0
34920,0
34921,0
34922,0
34923,0
34924,0
34925,0
34926,0
34927,1
34928,1
34929,0
34930,1
34931,1
34932,1
34933,0
34934,1
34935,0
34936,1
34937,0
34938,0
34939,0
34940,1
34941,0
34942,0
34943,1
34944,0
34945,0
34946,1
34947,0
34948,1
34949,0
34950,0
34951,0
34952,0
34953,1
34954,1
34955,1
34956,0
34957,0
34958,0
34959,0
34960,1
34961,0
34962,0
34963,1
34964,1
34965,0
34966,1
34967,1
34968,0
34969,0
34970,0
34971,0
34972,1
34973,1
34974,0
34975,0
34976,0
34977,0
34978,0
34979,0
34980,0
34981,0
34982,0
34983,1
34984,1
34985,1
34986,1
34987,0
34988,0
34989,1
34990,0
34991,0
34992,0
34993,1
34994,1
34995,1
34996,1
34997,1
34998,1
34999,1
35000,1
35001,0
35002,1
35003,1
35004,1
35005,1
35006,0
35007,1
35008,1
35009,0
35010,0
35011,0
35012,0
35013,0
35014,1
35015,0
35016,0
35017,0
35018,0
35019,0
35020,0
35021,0
35022,0
35023,1
35024,1
35025,0
35026,1
35027,0
35028,0
35029,1
35030,0
35031,1
35032,0
35033,0
35034,1
35035,0
35036,0
35037,0
35038,0
35039,1
35040,1
35041,1
35042,0
35043,1
35044,0
35045,0
35046,1
35047,1
35048,1
35049,0
35050,0
35051,0
35052,1
35053,1
35054,1
35055,0
35056,1
35057,0
35058,0
35059,1
35060,0
35061,0
35062,1
35063,1
35064,1
35065,0
35066,0
35067,1
35068,0
35069,0
35070,0
35071,0
35072,0
35073,1
35074,1
35075,0
35076,0
35077,1
35078,1
35079,0
35080,1
35081,1
35082,0
35083,1
35084,1
35085,0
35086,1
35087,0
35088,0
35089,0
35090,1
35091,0
35092,1
35093,0
35094,0
35095,1
35096,0
35097,0
35098,0
35099,0
35100,0
35101,0
35102,0
35103,0
35104,0
35105,0
35106,0
35107,0
35108,1
35109,1
35110,0
35111,0
35112,0
35113,0
35114,0
35115,1
35116,1
35117,0
35118,1
35119,0
35120,0
35121,1
35122,0
35123,1
35124,1
35125,0
35126,0
35127,0
35128,0
35129,0
35130,1
35131,0
35132,0
35133,0
35134,0
35135,0
35136,0
35137,1
35138,0
35139,0
35140,0
35141,1
35142,1
35143,0
35144,0
35145,0
35146,0
35147,0
35148,1
35149,0
35150,1
35151,0
35152,1
35153,1
35154,1
35155,0
35156,0
35157,1
35158,1
35159,0
35160,0
35161,1
35162,1
35163,1
35164,0
35165,0
35166,0
35167,0
35168,0
35169,0
35170,0
35171,0
35172,1
35173,0
35174,0
35175,0
35176,0
35177,1
35178,0
35179,1
35180,0
35181,0
35182,0
35183,0
35184,1
35185,0
35186,0
35187,0
35188,0
35189,0
35190,0
35191,1
35192,1
35193,1
35194,0
35195,1
35196,0
35197,0
35198,0
35199,1
35200,0
35201,1
35202,1
35203,0
35204,0
35205,0
35206,0
35207,0
35208,1
35209,1
35210,0
35211,1
35212,0
35213,0
35214,1
35215,1
35216,0
35217,0
35218,0
35219,0
35220,0
35221,0
35222,1
35223,0
35224,0
35225,0
35226,0
35227,0
35228,0
35229,1
35230,1
35231,0
35232,1
35233,0
35234,1
35235,0
35236,0
35237,0
35238,0
35239,1
35240,0
35241,0
35242,0
35243,1
35244,0
35245,1
35246,0
35247,1
35248,0
35249,1
35250,0
35251,0
35252,0
35253,0
35254,1
35255,1
35256,0
35257,0
35258,0
35259,0
35260,1
35261,1
35262,0
35263,0
35264,0
35265,0
35266,1
35267,0
35268,0
35269,1
35270,0
35271,0
35272,1
35273,0
35274,1
35275,0
35276,1
35277,0
35278,0
35279,0
35280,0
35281,0
35282,1
35283,1
35284,0
35285,1
35286,0
35287,1
35288,0
35289,1
35290,1
35291,1
35292,1
35293,1
35294,1
35295,1
35296,0
35297,1
35298,0
35299,1
35300,0
35301,1
35302,1
35303,0
35304,1
35305,1
35306,0
35307,0
35308,0
35309,1
35310,0
35311,0
35312,0
35313,1
35314,0
35315,1
35316,0
35317,0
35318,0
35319,0
35320,0
35321,0
35322,0
35323,0
35324,1
35325,0
35326,0
35327,0
35328,0
35329,1
35330,0
35331,1
35332,1
35333,0
35334,0
35335,1
35336,1
35337,0
35338,1
35339,1
35340,0
35341,1
35342,0
35343,1
35344,0
35345,1
35346,1
35347,0
35348,0
35349,0
35350,0
35351,0
35352,0
35353,1
35354,0
35355,0
35356,0
35357,0
35358,0
35359,1
35360,1
35361,0
35362,0
35363,0
35364,1
35365,0
35366,0
35367,1
35368,0
35369,1
35370,1
35371,0
35372,0
35373,1
35374,1
35375,1
35376,1
35377,0
35378,1
35379,1
35380,0
35381,0
35382,1
35383,0
35384,1
35385,1
35386,1
35387,0
35388,0
35389,0
35390,0
35391,0
35392,0
35393,0
35394,0
35395,1
35396,0
35397,1
35398,0
35399,0
35400,0
35401,0
35402,0
35403,0
35404,0
35405,1
35406,0
35407,1
35408,0
35409,0
35410,0
35411,1
35412,1
35413,0
35414,0
35415,0
35416,0
35417,0
35418,1
35419,0
35420,1
35421,1
35422,1
35423,0
35424,1
35425,1
35426,0
35427,1
35428,0
35429,1
35430,0
35431,0
35432,1
35433,0
35434,0
35435,0
35436,0
35437,1
35438,0
35439,1
35440,0
35441,0
35442,0
35443,1
35444,1
35445,1
35446,1
35447,0
35448,0
35449,0
35450,1
35451,1
35452,0
35453,0
35454,0
35455,1
35456,0
35457,0
35458,0
35459,1
35460,1
35461,0
35462,1
35463,0
35464,1
35465,1
35466,1
35467,0
35468,0
35469,0
35470,0
35471,0
35472,0
35473,0
35474,1
35475,1
35476,0
35477,0
35478,0
35479,0
35480,0
35481,0
35482,0
35483,1
35484,1
35485,0
35486,0
35487,0
35488,0
35489,1
35490,0
35491,0
35492,0
35493,0
35494,1
35495,1
35496,0
35497,0
35498,0
35499,0
35500,0
35501,1
35502,1
35503,1
35504,0
35505,0
35506,1
35507,1
35508,0
35509,1
35510,1
35511,0
35512,1
35513,0
35514,1
35515,0
35516,0
35517,0
35518,0
35519,0
35520,1
35521,1
35522,1
35523,1
35524,0
35525,0
35526,1
35527,0
35528,0
35529,0
35530,1
35531,0
35532,0
35533,0
35534,0
35535,1
35536,1
35537,0
35538,0
35539,1
35540,0
35541,0
35542,0
35543,0
35544,0
35545,1
35546,0
35547,1
35548,0
35549,0
35550,0
35551,1
35552,1
35553,1
35554,0
35555,0
35556,0
35557,0
35558,1
35559,1
35560,0
35561,1
35562,0
35563,0
35564,1
35565,0
35566,1
35567,0
35568,1
35569,1
35570,0
35571,1
35572,1
35573,0
35574,0
35575,0
35576,0
35577,1
35578,1
35579,1
35580,0
35581,0
35582,1
35583,0
35584,0
35585,1
35586,1
35587,0
35588,1
35589,1
35590,0
35591,1
35592,0
35593,0
35594,0
35595,0
35596,1
35597,1
35598,1
35599,0
35600,0
35601,1
35602,1
35603,0
35604,0
35605,0
35606,0
35607,0
35608,0
35609,0
35610,1
35611,1
35612,1
35613,0
35614,1
35615,1
35616,0
35617,1
35618,0
35619,0
35620,1
35621,1
35622,1
35623,1
35624,1
35625,0
35626,1
35627,0
35628,1
35629,1
35630,1
35631,1
35632,0
35633,0
35634,1
35635,0
35636,0
35637,1
35638,0
35639,0
35640,0
35641,0
35642,1
35643,0
35644,1
35645,0
35646,1
35647,0
35648,0
35649,1
35650,0
35651,0
35652,0
35653,1
35654,1
35655,0
35656,0
35657,0
35658,1
35659,0
35660,0
35661,0
35662,1
35663,1
35664,0
35665,1
35666,0
35667,0
35668,0
35669,0
35670,0
35671,0
35672,0
35673,0
35674,1
35675,1
35676,0
35677,1
35678,1
35679,0
35680,0
35681,1
35682,1
35683,0
35684,0
35685,1
35686,1
35687,0
35688,1
35689,0
35690,1
35691,1
35692,0
35693,1
35694,1
35695,0
35696,0
35697,0
35698,1
35699,0
35700,1
35701,0
35702,1
35703,0
35704,0
35705,1
35706,1
35707,1
35708,0
35709,1
35710,1
35711,0
35712,1
35713,1
35714,0
35715,1
35716,0
35717,1
35718,0
35719,0
35720,0
35721,0
35722,1
35723,0
35724,1
35725,0
35726,0
35727,0
35728,0
35729,0
35730,1
35731,0
35732,1
35733,0
35734,0
35735,0
35736,0
35737,0
35738,0
35739,1
35740,0
35741,1
35742,0
35743,0
35744,0
35745,0
35746,1
35747,0
35748,0
35749,1
35750,0
35751,0
35752,0
35753,1
35754,0
35755,0
35756,0
35757,1
35758,1
35759,0
35760,1
35761,0
35762,0
35763,1
35764,0
35765,0
35766,0
35767,0
35768,0
35769,0
35770,0
35771,1
35772,0
35773,1
35774,1
35775,0
35776,1
35777,1
35778,0
35779,0
35780,0
35781,0
35782,1
35783,0
35784,0
35785,0
35786,0
35787,0
35788,0
35789,0
35790,1
35791,1
35792,0
35793,0
35794,0
35795,1
35796,1
35797,0
35798,1
35799,0
35800,1
35801,0
35802,1
35803,0
35804,0
35805,0
35806,0
35807,0
35808,1
35809,0
35810,1
35811,0
35812,0
35813,1
35814,1
35815,1
35816,1
35817,0
35818,0
35819,1
35820,0
35821,0
35822,1
35823,0
35824,1
35825,0
35826,0
35827,0
35828,1
35829,1
35830,1
35831,0
35832,0
35833,0
35834,1
35835,1
35836,0
35837,1
35838,1
35839,0
35840,0
35841,1
35842,1
35843,0
35844,0
35845,1
35846,0
35847,0
35848,0
35849,0
35850,1
35851,1
35852,1
35853,0
35854,1
35855,1
35856,1
35857,0
35858,0
35859,0
35860,1
35861,0
35862,1
35863,1
35864,1
35865,1
35866,1
35867,1
35868,0
35869,0
35870,0
35871,1
35872,0
35873,0
35874,0
35875,1
35876,0
35877,0
35878,1
35879,0
35880,0
35881,1
35882,0
35883,0
35884,0
35885,1
35886,0
35887,0
35888,1
35889,0
35890,0
35891,0
35892,0
35893,1
35894,0
35895,0
35896,0
35897,1
35898,1
35899,0
35900,1
35901,1
35902,0
35903,1
35904,1
35905,0
35906,1
35907,1
35908,1
35909,0
35910,1
35911,1
35912,1
35913,1
35914,1
35915,0
35916,0
35917,0
35918,0
35919,1
35920,1
35921,0
35922,1
35923,0
35924,1
35925,0
35926,0
35927,0
35928,1
35929,1
35930,1
35931,0
35932,1
35933,1
35934,0
35935,0
35936,0
35937,1
35938,1
35939,0
35940,1
35941,1
35942,0
35943,0
35944,0
35945,0
35946,0
35947,1
35948,1
35949,0
35950,1
35951,1
35952,0
35953,1
35954,0
35955,0
35956,0
35957,0
35958,0
35959,1
35960,0
35961,1
35962,0
35963,0
35964,0
35965,1
35966,1
35967,1
35968,1
35969,1
35970,0
35971,0
35972,0
35973,0
35974,1
35975,1
35976,1
35977,1
35978,0
35979,1
35980,1
35981,1
35982,1
35983,0
35984,1
35985,0
35986,0
35987,0
35988,1
35989,1
35990,0
35991,1
35992,1
35993,0
35994,1
35995,1
35996,0
35997,0
35998,0
35999,0
36000,0
36001,1
36002,0
36003,0
36004,1
36005,0
36006,1
36007,1
36008,0
36009,1
36010,0
36011,0
36012,1
36013,1
36014,1
36015,0
36016,1
36017,1
36018,0
36019,0
36020,0
36021,0
36022,0
36023,1
36024,1
36025,0
36026,0
36027,0
36028,0
36029,0
36030,1
36031,1
36032,0
36033,0
36034,0
36035,0
36036,0
36037,0
36038,0
36039,0
36040,0
36041,0
36042,0
36043,0
36044,1
36045,0
36046,1
36047,1
36048,1
36049,0
36050,1
36051,0
36052,0
36053,1
36054,1
36055,0
36056,0
36057,1
36058,1
36059,1
36060,0
36061,0
36062,0
36063,0
36064,0
36065,0
36066,0
36067,0
36068,0
36069,1
36070,0
36071,0
36072,1
36073,1
36074,1
36075,2
36076,1
36077,1
36078,0
36079,0
36080,1
36081,0
36082,1
36083,1
36084,0
36085,0
36086,0
36087,0
36088,1
36089,0
36090,1
36091,0
36092,1
36093,1
36094,0
36095,1
36096,1
36097,0
36098,0
36099,0
36100,0
36101,0
36102,0
36103,0
36104,0
36105,1
36106,0
36107,0
36108,1
36109,0
36110,0
36111,1
36112,0
36113,0
36114,0
36115,1
36116,0
36117,0
36118,0
36119,0
36120,1
36121,1
36122,1
36123,0
36124,1
36125,1
36126,1
36127,0
36128,1
36129,0
36130,0
36131,0
36132,1
36133,1
36134,0
36135,0
36136,1
36137,1
36138,0
36139,0
36140,1
36141,0
36142,0
36143,1
36144,0
36145,1
36146,0
36147,0
36148,0
36149,1
36150,0
36151,0
36152,0
36153,0
36154,1
36155,1
36156,1
36157,0
36158,0
36159,0
36160,0
36161,0
36162,0
36163,0
36164,1
36165,1
36166,0
36167,1
36168,1
36169,1
36170,0
36171,0
36172,0
36173,1
36174,0
36175,0
36176,1
36177,0
36178,0
36179,0
36180,1
36181,0
36182,0
36183,0
36184,1
36185,0
36186,0
36187,1
36188,0
36189,0
36190,1
36191,1
36192,1
36193,1
36194,1
36195,0
36196,0
36197,0
36198,0
36199,0
36200,0
36201,0
36202,0
36203,0
36204,0
36205,0
36206,0
36207,0
36208,1
36209,0
36210,0
36211,1
36212,1
36213,1
36214,1
36215,0
36216,0
36217,0
36218,1
36219,1
36220,0
36221,1
36222,1
36223,0
36224,0
36225,0
36226,1
36227,0
36228,0
36229,0
36230,0
36231,0
36232,0
36233,0
36234,0
36235,0
36236,0
36237,0
36238,0
36239,0
36240,1
36241,1
36242,1
36243,1
36244,0
36245,1
36246,0
36247,1
36248,1
36249,1
36250,0
36251,1
36252,0
36253,1
36254,1
36255,1
36256,1
36257,1
36258,0
36259,0
36260,0
36261,0
36262,1
36263,1
36264,0
36265,0
36266,0
36267,1
36268,1
36269,1
36270,0
36271,1
36272,1
36273,1
36274,1
36275,1
36276,0
36277,1
36278,1
36279,0
36280,1
36281,0
36282,0
36283,0
36284,1
36285,1
36286,1
36287,0
36288,1
36289,0
36290,1
36291,0
36292,1
36293,0
36294,0
36295,1
36296,0
36297,0
36298,0
36299,1
36300,0
36301,0
36302,0
36303,0
36304,0
36305,1
36306,0
36307,1
36308,0
36309,0
36310,1
36311,0
36312,0
36313,0
36314,0
36315,0
36316,1
36317,0
36318,1
36319,1
36320,1
36321,0
36322,0
36323,1
36324,0
36325,1
36326,1
36327,1
36328,0
36329,0
36330,1
36331,0
36332,0
36333,0
36334,1
36335,1
36336,0
36337,1
36338,0
36339,0
36340,1
36341,1
36342,0
36343,1
36344,1
36345,1
36346,0
36347,1
36348,0
36349,1
36350,0
36351,1
36352,1
36353,1
36354,0
36355,0
36356,1
36357,1
36358,0
36359,1
36360,1
36361,1
36362,0
36363,1
36364,0
36365,0
36366,0
36367,0
36368,1
36369,0
36370,0
36371,1
36372,0
36373,1
36374,0
36375,0
36376,1
36377,1
36378,1
36379,0
36380,1
36381,0
36382,0
36383,1
36384,1
36385,0
36386,0
36387,0
36388,0
36389,0
36390,0
36391,0
36392,0
36393,1
36394,0
36395,0
36396,0
36397,0
36398,1
36399,0
36400,0
36401,0
36402,1
36403,1
36404,1
36405,0
36406,1
36407,1
36408,0
36409,1
36410,0
36411,0
36412,0
36413,0
36414,1
36415,0
36416,0
36417,0
36418,0
36419,1
36420,1
36421,1
36422,1
36423,0
36424,1
36425,1
36426,0
36427,0
36428,0
36429,1
36430,1
36431,0
36432,0
36433,0
36434,0
36435,0
36436,0
36437,1
36438,0
36439,1
36440,1
36441,0
36442,0
36443,1
36444,0
36445,1
36446,1
36447,1
36448,0
36449,0
36450,1
36451,1
36452,1
36453,0
36454,0
36455,0
36456,0
36457,0
36458,0
36459,0
36460,0
36461,1
36462,0
36463,0
36464,1
36465,0
36466,1
36467,1
36468,1
36469,0
36470,1
36471,1
36472,0
36473,0
36474,1
36475,0
36476,0
36477,0
36478,1
36479,0
36480,0
36481,0
36482,0
36483,0
36484,0
36485,1
36486,0
36487,1
36488,1
36489,0
36490,1
36491,0
36492,1
36493,1
36494,0
36495,1
36496,1
36497,1
36498,0
36499,1
36500,0
36501,0
36502,0
36503,1
36504,0
36505,0
36506,1
36507,0
36508,0
36509,1
36510,2
36511,0
36512,0
36513,1
36514,0
36515,0
36516,0
36517,0
36518,1
36519,1
36520,0
36521,0
36522,0
36523,0
36524,1
36525,1
36526,1
36527,1
36528,1
36529,0
36530,1
36531,0
36532,1
36533,0
36534,0
36535,1
36536,1
36537,0
36538,0
36539,0
36540,1
36541,0
36542,1
36543,1
36544,1
36545,1
36546,0
36547,0
36548,0
36549,0
36550,0
36551,0
36552,1
36553,0
36554,0
36555,1
36556,1
36557,0
36558,1
36559,0
36560,1
36561,1
36562,0
36563,0
36564,0
36565,1
36566,0
36567,1
36568,0
36569,1
36570,1
36571,1
36572,1
36573,1
36574,0
36575,0
36576,1
36577,0
36578,0
36579,0
36580,0
36581,0
36582,1
36583,1
36584,0
36585,1
36586,0
36587,0
36588,0
36589,0
36590,1
36591,0
36592,0
36593,0
36594,1
36595,0
36596,0
36597,0
36598,1
36599,0
36600,0
36601,0
36602,1
36603,1
36604,0
36605,0
36606,1
36607,0
36608,0
36609,1
36610,1
36611,1
36612,0
36613,1
36614,0
36615,0
36616,1
36617,0
36618,0
36619,1
36620,1
36621,1
36622,1
36623,0
36624,1
36625,1
36626,1
36627,1
36628,0
36629,0
36630,1
36631,1
36632,1
36633,1
36634,1
36635,0
36636,1
36637,0
36638,1
36639,0
36640,0
36641,0
36642,1
36643,0
36644,1
36645,0
36646,1
36647,1
36648,1
36649,0
36650,0
36651,1
36652,0
36653,0
36654,1
36655,0
36656,0
36657,0
36658,0
36659,0
36660,0
36661,0
36662,0
36663,0
36664,1
36665,0
36666,1
36667,1
36668,1
36669,1
36670,0
36671,0
36672,1
36673,1
36674,0
36675,0
36676,0
36677,0
36678,1
36679,1
36680,1
36681,1
36682,1
36683,1
36684,1
36685,1
36686,0
36687,0
36688,0
36689,1
36690,0
36691,0
36692,1
36693,1
36694,0
36695,0
36696,0
36697,1
36698,0
36699,1
36700,1
36701,1
36702,1
36703,0
36704,0
36705,0
36706,0
36707,0
36708,0
36709,0
36710,0
36711,0
36712,0
36713,1
36714,0
36715,1
36716,1
36717,0
36718,1
36719,1
36720,0
36721,0
36722,1
36723,0
36724,0
36725,0
36726,1
36727,0
36728,0
36729,0
36730,1
36731,0
36732,1
36733,0
36734,0
36735,1
36736,1
36737,1
36738,0
36739,0
36740,1
36741,1
36742,0
36743,0
36744,0
36745,1
36746,1
36747,1
36748,0
36749,1
36750,1
36751,1
36752,1
36753,0
36754,0
36755,1
36756,1
36757,0
36758,1
36759,1
36760,1
36761,1
36762,0
36763,1
36764,0
36765,0
36766,1
36767,0
36768,0
36769,1
36770,1
36771,0
36772,0
36773,0
36774,0
36775,1
36776,1
36777,1
36778,0
36779,0
36780,0
36781,0
36782,0
36783,0
36784,0
36785,0
36786,0
36787,0
36788,0
36789,0
36790,0
36791,0
36792,0
36793,0
36794,0
36795,1
36796,1
36797,0
36798,1
36799,1
36800,1
36801,1
36802,1
36803,0
36804,1
36805,0
36806,0
36807,1
36808,0
36809,0
36810,1
36811,0
36812,1
36813,0
36814,0
36815,0
36816,1
36817,1
36818,0
36819,0
36820,0
36821,0
36822,1
36823,1
36824,1
36825,0
36826,0
36827,0
36828,0
36829,0
36830,0
36831,0
36832,0
36833,1
36834,0
36835,1
36836,1
36837,1
36838,1
36839,1
36840,1
36841,0
36842,0
36843,0
36844,1
36845,0
36846,1
36847,0
36848,0
36849,0
36850,0
36851,1
36852,1
36853,0
36854,0
36855,1
36856,0
36857,1
36858,0
36859,0
36860,0
36861,0
36862,1
36863,1
36864,0
36865,0
36866,0
36867,1
36868,0
36869,0
36870,1
36871,0
36872,0
36873,0
36874,1
36875,0
36876,1
36877,0
36878,1
36879,1
36880,1
36881,1
36882,1
36883,1
36884,1
36885,0
36886,0
36887,0
36888,1
36889,1
36890,0
36891,0
36892,0
36893,1
36894,0
36895,1
36896,0
36897,0
36898,1
36899,0
36900,1
36901,0
36902,0
36903,0
36904,0
36905,0
36906,1
36907,0
36908,0
36909,0
36910,1
36911,1
36912,1
36913,0
36914,0
36915,0
36916,0
36917,1
36918,0
36919,0
36920,0
36921,0
36922,1
36923,1
36924,1
36925,0
36926,0
36927,1
36928,1
36929,1
36930,1
36931,0
36932,0
36933,0
36934,0
36935,1
36936,0
36937,1
36938,0
36939,0
36940,0
36941,0
36942,0
36943,1
36944,0
36945,1
36946,1
36947,1
36948,1
36949,0
36950,0
36951,1
36952,1
36953,1
36954,0
36955,0
36956,1
36957,1
36958,1
36959,0
36960,1
36961,1
36962,0
36963,0
36964,0
36965,0
36966,1
36967,1
36968,1
36969,1
36970,0
36971,0
36972,0
36973,0
36974,0
36975,1
36976,1
36977,0
36978,0
36979,0
36980,0
36981,0
36982,0
36983,0
36984,0
36985,0
36986,1
36987,1
36988,1
36989,0
36990,1
36991,0
36992,1
36993,2
36994,1
36995,0
36996,1
36997,0
36998,1
36999,0
37000,0
37001,1
37002,0
37003,1
37004,0
37005,1
37006,0
37007,0
37008,0
37009,1
37010,0
37011,0
37012,0
37013,0
37014,0
37015,1
37016,1
37017,1
37018,1
37019,0
37020,1
37021,1
37022,0
37023,1
37024,1
37025,1
37026,0
37027,1
37028,1
37029,1
37030,1
37031,1
37032,1
37033,0
37034,1
37035,1
37036,1
37037,0
37038,1
37039,1
37040,0
37041,0
37042,0
37043,0
37044,1
37045,1
37046,1
37047,0
37048,0
37049,1
37050,0
37051,1
37052,0
37053,1
37054,0
37055,1
37056,0
37057,1
37058,1
37059,1
37060,1
37061,1
37062,0
37063,1
37064,1
37065,0
37066,1
37067,1
37068,1
37069,1
37070,1
37071,1
37072,1
37073,1
37074,0
37075,1
37076,1
37077,0
37078,0
37079,1
37080,1
37081,1
37082,1
37083,1
37084,1
37085,0
37086,1
37087,0
37088,0
37089,0
37090,0
37091,0
37092,0
37093,0
37094,1
37095,1
37096,0
37097,0
37098,1
37099,1
37100,1
37101,1
37102,0
37103,1
37104,0
37105,0
37106,0
37107,1
37108,0
37109,1
37110,1
37111,1
37112,0
37113,1
37114,1
37115,0
37116,1
37117,0
37118,1
37119,0
37120,1
37121,0
37122,1
37123,0
37124,1
37125,1
37126,1
37127,0
37128,1
37129,1
37130,1
37131,0
37132,0
37133,0
37134,0
37135,0
37136,0
37137,1
37138,0
37139,0
37140,0
37141,1
37142,0
37143,1
37144,1
37145,0
37146,0
37147,0
37148,0
37149,1
37150,0
37151,0
37152,0
37153,1
37154,0
37155,1
37156,0
37157,0
37158,1
37159,1
37160,1
37161,0
37162,0
37163,1
37164,0
37165,1
37166,1
37167,1
37168,1
37169,0
37170,1
37171,1
37172,1
37173,0
37174,0
37175,0
37176,1
37177,1
37178,0
37179,0
37180,0
37181,0
37182,1
37183,1
37184,1
37185,1
37186,1
37187,1
37188,1
37189,0
37190,0
37191,1
37192,0
37193,0
37194,0
37195,1
37196,0
37197,1
37198,1
37199,1
37200,1
37201,0
37202,1
37203,0
37204,0
37205,1
37206,1
37207,1
37208,0
37209,1
37210,0
37211,0
37212,1
37213,1
37214,1
37215,1
37216,1
37217,1
37218,0
37219,1
37220,1
37221,1
37222,1
37223,0
37224,0
37225,0
37226,1
37227,1
37228,0
37229,0
37230,1
37231,0
37232,1
37233,1
37234,1
37235,0
37236,1
37237,0
37238,1
37239,0
37240,1
37241,1
37242,1
37243,0
37244,0
37245,1
37246,0
37247,0
37248,1
37249,1
37250,0
37251,1
37252,1
37253,1
37254,1
37255,1
37256,1
37257,1
37258,1
37259,1
37260,1
37261,0
37262,0
37263,1
37264,0
37265,1
37266,0
37267,1
37268,1
37269,0
37270,1
37271,0
37272,0
37273,1
37274,0
37275,1
37276,1
37277,1
37278,1
37279,0
37280,1
37281,1
37282,1
37283,1
37284,1
37285,1
37286,0
37287,1
37288,1
37289,1
37290,1
37291,0
37292,0
37293,1
37294,0
37295,0
37296,0
37297,0
37298,1
37299,1
37300,1
37301,1
37302,1
37303,0
37304,1
37305,0
37306,0
37307,1
37308,1
37309,1
37310,1
37311,0
37312,1
37313,0
37314,1
37315,1
37316,1
37317,0
37318,0
37319,1
37320,1
37321,1
37322,0
37323,1
37324,1
37325,1
37326,1
37327,0
37328,0
37329,0
37330,0
37331,0
37332,0
37333,0
37334,1
37335,0
37336,0
37337,1
37338,0
37339,1
37340,0
37341,0
37342,1
37343,1
37344,0
37345,0
37346,0
37347,1
37348,1
37349,0
37350,0
37351,0
37352,0
37353,1
37354,1
37355,1
37356,0
37357,1
37358,1
37359,1
37360,0
37361,0
37362,1
37363,0
37364,1
37365,0
37366,0
37367,1
37368,1
37369,0
37370,1
37371,1
37372,0
37373,0
37374,0
37375,1
37376,0
37377,0
37378,1
37379,1
37380,0
37381,0
37382,0
37383,0
37384,1
37385,1
37386,1
37387,1
37388,1
37389,0
37390,1
37391,0
37392,0
37393,1
37394,0
37395,1
37396,0
37397,1
37398,1
37399,1
37400,1
37401,1
37402,1
37403,0
37404,1
37405,0
37406,1
37407,1
37408,1
37409,0
37410,2
37411,1
37412,1
37413,1
37414,1
37415,1
37416,1
37417,1
37418,1
37419,0
37420,0
37421,0
37422,1
37423,0
37424,0
37425,1
37426,0
37427,1
37428,1
37429,1
37430,1
37431,0
37432,1
37433,0
37434,1
37435,0
37436,0
37437,1
37438,1
37439,0
37440,1
37441,1
37442,1
37443,1
37444,1
37445,1
37446,1
37447,0
37448,0
37449,0
37450,0
37451,0
37452,1
37453,0
37454,1
37455,0
37456,1
37457,1
37458,1
37459,1
37460,0
37461,1
37462,1
37463,1
37464,1
37465,1
37466,1
37467,1
37468,0
37469,1
37470,1
37471,1
37472,0
37473,0
37474,1
37475,0
37476,0
37477,0
37478,0
37479,1
37480,1
37481,1
37482,1
37483,0
37484,1
37485,0
37486,0
37487,1
37488,0
37489,0
37490,0
37491,0
37492,0
37493,1
37494,1
37495,0
37496,1
37497,1
37498,1
37499,1
37500,0
37501,1
37502,1
37503,0
37504,1
37505,1
37506,1
37507,1
37508,1
37509,0
37510,0
37511,0
37512,1
37513,0
37514,1
37515,1
37516,0
37517,1
37518,1
37519,0
37520,1
37521,1
37522,1
37523,0
37524,1
37525,1
37526,1
37527,1
37528,1
37529,1
37530,0
37531,1
37532,0
37533,0
37534,1
37535,0
37536,0
37537,1
37538,0
37539,1
37540,0
37541,1
37542,1
37543,0
37544,1
37545,1
37546,1
37547,1
37548,0
37549,1
37550,0
37551,0
37552,1
37553,1
37554,0
37555,1
37556,0
37557,1
37558,0
37559,0
37560,1
37561,0
37562,1
37563,0
37564,1
37565,1
37566,1
37567,1
37568,1
37569,1
37570,1
37571,1
37572,1
37573,1
37574,1
37575,0
37576,1
37577,1
37578,0
37579,0
37580,1
37581,0
37582,1
37583,1
37584,0
37585,0
37586,1
37587,1
37588,0
37589,1
37590,1
37591,0
37592,0
37593,1
37594,0
37595,1
37596,0
37597,1
37598,0
37599,1
37600,1
37601,0
37602,1
37603,0
37604,0
37605,1
37606,0
37607,1
37608,1
37609,1
37610,1
37611,0
37612,0
37613,0
37614,0
37615,1
37616,0
37617,0
37618,1
37619,1
37620,0
37621,1
37622,1
37623,0
37624,1
37625,1
37626,0
37627,0
37628,0
37629,1
37630,1
37631,1
37632,0
37633,1
37634,0
37635,1
37636,0
37637,1
37638,0
37639,0
37640,1
37641,1
37642,1
37643,0
37644,1
37645,0
37646,0
37647,1
37648,0
37649,1
37650,0
37651,1
37652,1
37653,0
37654,1
37655,0
37656,1
37657,1
37658,1
37659,1
37660,1
37661,1
37662,1
37663,0
37664,1
37665,1
37666,0
37667,0
37668,1
37669,1
37670,0
37671,1
37672,1
37673,1
37674,0
37675,1
37676,0
37677,0
37678,0
37679,0
37680,1
37681,1
37682,1
37683,0
37684,0
37685,0
37686,0
37687,1
37688,0
37689,0
37690,0
37691,0
37692,1
37693,0
37694,0
37695,0
37696,0
37697,0
37698,1
37699,1
37700,0
37701,0
37702,0
37703,1
37704,1
37705,1
37706,1
37707,1
37708,0
37709,0
37710,0
37711,0
37712,1
37713,0
37714,0
37715,0
37716,0
37717,0
37718,1
37719,1
37720,1
37721,0
37722,1
37723,0
37724,1
37725,1
37726,1
37727,1
37728,1
37729,1
37730,1
37731,0
37732,0
37733,1
37734,1
37735,0
37736,0
37737,0
37738,1
37739,1
37740,1
37741,0
37742,1
37743,0
37744,0
37745,0
37746,0
37747,0
37748,1
37749,0
37750,1
37751,1
37752,0
37753,0
37754,0
37755,1
37756,0
37757,0
37758,1
37759,0
37760,0
37761,1
37762,0
37763,0
37764,0
37765,1
37766,1
37767,0
37768,1
37769,0
37770,0
37771,1
37772,0
37773,1
37774,1
37775,1
37776,0
37777,1
37778,1
37779,0
37780,0
37781,1
37782,1
37783,0
37784,1
37785,0
37786,1
37787,0
37788,1
37789,0
37790,0
37791,1
37792,0
37793,1
37794,1
37795,0
37796,0
37797,1
37798,0
37799,0
37800,1
37801,0
37802,1
37803,0
37804,1
37805,0
37806,1
37807,1
37808,0
37809,0
37810,0
37811,1
37812,1
37813,1
37814,0
37815,1
37816,0
37817,0
37818,0
37819,0
37820,1
37821,1
37822,1
37823,1
37824,1
37825,1
37826,0
37827,1
37828,0
37829,0
37830,1
37831,0
37832,0
37833,1
37834,0
37835,0
37836,0
37837,0
37838,0
37839,0
37840,0
37841,0
37842,1
37843,1
37844,0
37845,0
37846,1
37847,1
37848,1
37849,1
37850,1
37851,0
37852,0
37853,0
37854,1
37855,0
37856,0
37857,0
37858,1
37859,1
37860,1
37861,1
37862,0
37863,0
37864,0
37865,1
37866,1
37867,1
37868,0
37869,1
37870,1
37871,1
37872,1
37873,1
37874,0
37875,1
37876,0
37877,1
37878,0
37879,0
37880,1
37881,0
37882,0
37883,1
37884,1
37885,1
37886,1
37887,0
37888,1
37889,0
37890,0
37891,0
37892,1
37893,0
37894,1
37895,1
37896,1
37897,1
37898,0
37899,0
37900,1
37901,1
37902,1
37903,1
37904,1
37905,1
37906,1
37907,1
37908,0
37909,0
37910,1
37911,1
37912,1
37913,0
37914,1
37915,1
37916,0
37917,1
37918,1
37919,1
37920,0
37921,1
37922,1
37923,1
37924,0
37925,1
37926,1
37927,1
37928,0
37929,1
37930,0
37931,0
37932,0
37933,0
37934,0
37935,0
37936,1
37937,1
37938,0
37939,1
37940,1
37941,1
37942,1
37943,0
37944,1
37945,1
37946,1
37947,0
37948,0
37949,0
37950,0
37951,0
37952,1
37953,0
37954,1
37955,1
37956,0
37957,1
37958,1
37959,0
37960,0
37961,1
37962,1
37963,1
37964,1
37965,1
37966,1
37967,1
37968,0
37969,0
37970,1
37971,1
37972,1
37973,1
37974,0
37975,0
37976,1
37977,1
37978,0
37979,1
37980,0
37981,1
37982,1
37983,0
37984,1
37985,0
37986,1
37987,0
37988,0
37989,0
37990,0
37991,1
37992,0
37993,0
37994,1
37995,1
37996,0
37997,0
37998,1
37999,0
38000,0
38001,0
38002,0
38003,1
38004,1
38005,1
38006,1
38007,1
38008,0
38009,0
38010,0
38011,0
38012,1
38013,0
38014,1
38015,0
38016,1
38017,1
38018,0
38019,1
38020,0
38021,0
38022,0
38023,0
38024,0
38025,0
38026,1
38027,1
38028,1
38029,1
38030,1
38031,1
38032,0
38033,0
38034,1
38035,0
38036,1
38037,1
38038,0
38039,1
38040,1
38041,1
38042,1
38043,1
38044,0
38045,1
38046,1
38047,1
38048,0
38049,1
38050,0
38051,1
38052,1
38053,0
38054,1
38055,1
38056,0
38057,0
38058,0
38059,0
38060,0
38061,0
38062,0
38063,1
38064,1
38065,0
38066,1
38067,1
38068,1
38069,1
38070,1
38071,0
38072,0
38073,0
38074,1
38075,0
38076,0
38077,0
38078,1
38079,0
38080,1
38081,0
38082,1
38083,0
38084,1
38085,0
38086,1
38087,1
38088,1
38089,1
38090,0
38091,1
38092,1
38093,1
38094,1
38095,1
38096,1
38097,1
38098,1
38099,0
38100,1
38101,0
38102,0
38103,0
38104,1
38105,1
38106,0
38107,0
38108,1
38109,1
38110,1
38111,1
38112,0
38113,1
38114,1
38115,1
38116,1
38117,0
38118,0
38119,0
38120,1
38121,1
38122,0
38123,1
38124,1
38125,0
38126,1
38127,1
38128,0
38129,1
38130,0
38131,0
38132,0
38133,0
38134,1
38135,1
38136,1
38137,1
38138,1
38139,1
38140,1
38141,1
38142,0
38143,1
38144,1
38145,0
38146,0
38147,1
38148,1
38149,0
38150,1
38151,0
38152,1
38153,1
38154,1
38155,1
38156,0
38157,0
38158,1
38159,0
38160,1
38161,1
38162,0
38163,1
38164,0
38165,0
38166,1
38167,0
38168,0
38169,1
38170,1
38171,1
38172,2
38173,1
38174,0
38175,0
38176,0
38177,1
38178,1
38179,1
38180,1
38181,0
38182,1
38183,0
38184,1
38185,0
38186,0
38187,0
38188,1
38189,1
38190,1
38191,1
38192,1
38193,0
38194,1
38195,1
38196,1
38197,0
38198,0
38199,0
38200,1
38201,0
38202,1
38203,0
38204,1
38205,0
38206,0
38207,1
38208,0
38209,1
38210,1
38211,0
38212,1
38213,1
38214,0
38215,0
38216,1
38217,1
38218,1
38219,1
38220,1
38221,0
38222,1
38223,1
38224,1
38225,0
38226,0
38227,1
38228,1
38229,1
38230,0
38231,1
38232,1
38233,0
38234,1
38235,1
38236,0
38237,0
38238,1
38239,1
38240,0
38241,0
38242,1
38243,0
38244,1
38245,0
38246,0
38247,1
38248,1
38249,1
38250,1
38251,1
38252,1
38253,1
38254,0
38255,1
38256,0
38257,0
38258,0
38259,1
38260,0
38261,1
38262,1
38263,0
38264,1
38265,1
38266,1
38267,1
38268,1
38269,1
38270,1
38271,1
38272,1
38273,0
38274,0
38275,0
38276,0
38277,1
38278,1
38279,1
38280,1
38281,1
38282,1
38283,1
38284,1
38285,0
38286,1
38287,1
38288,1
38289,1
38290,0
38291,1
38292,1
38293,1
38294,1
38295,0
38296,1
38297,0
38298,1
38299,1
38300,0
38301,1
38302,0
38303,0
38304,0
38305,1
38306,0
38307,1
38308,0
38309,1
38310,1
38311,1
38312,1
38313,1
38314,1
38315,1
38316,0
38317,0
38318,0
38319,0
38320,0
38321,1
38322,0
38323,1
38324,1
38325,1
38326,1
38327,0
38328,1
38329,1
38330,1
38331,1
38332,1
38333,1
38334,1
38335,1
38336,1
38337,0
38338,0
38339,0
38340,1
38341,0
38342,1
38343,1
38344,1
38345,1
38346,0
38347,0
38348,1
38349,1
38350,0
38351,1
38352,1
38353,1
38354,1
38355,1
38356,1
38357,0
38358,1
38359,1
38360,1
38361,0
38362,1
38363,0
38364,0
38365,1
38366,1
38367,0
38368,0
38369,0
38370,1
38371,1
38372,1
38373,0
38374,1
38375,1
38376,1
38377,0
38378,0
38379,1
38380,1
38381,1
38382,0
38383,2
38384,1
38385,0
38386,0
38387,1
38388,0
38389,1
38390,1
38391,1
38392,0
38393,0
38394,1
38395,1
38396,1
38397,1
38398,0
38399,1
38400,1
38401,1
38402,0
38403,1
38404,0
38405,1
38406,0
38407,0
38408,0
38409,0
38410,1
38411,1
38412,0
38413,1
38414,1
38415,0
38416,1
38417,1
38418,1
38419,0
38420,1
38421,0
38422,0
38423,1
38424,0
38425,1
38426,0
38427,1
38428,1
38429,1
38430,0
38431,1
38432,1
38433,0
38434,1
38435,1
38436,0
38437,1
38438,1
38439,1
38440,0
38441,0
38442,1
38443,1
38444,0
38445,0
38446,0
38447,1
38448,1
38449,1
38450,0
38451,1
38452,1
38453,0
38454,1
38455,0
38456,0
38457,0
38458,1
38459,1
38460,1
38461,1
38462,0
38463,1
38464,1
38465,1
38466,1
38467,0
38468,0
38469,0
38470,0
38471,0
38472,0
38473,0
38474,0
38475,1
38476,1
38477,1
38478,0
38479,0
38480,1
38481,0
38482,1
38483,0
38484,0
38485,0
38486,1
38487,0
38488,0
38489,1
38490,0
38491,0
38492,0
38493,0
38494,0
38495,0
38496,1
38497,1
38498,1
38499,0
38500,1
38501,0
38502,1
38503,0
38504,1
38505,0
38506,1
38507,0
38508,0
38509,0
38510,1
38511,0
38512,0
38513,0
38514,0
38515,1
38516,1
38517,1
38518,1
38519,1
38520,1
38521,1
38522,1
38523,0
38524,1
38525,0
38526,1
38527,1
38528,1
38529,1
38530,1
38531,1
38532,1
38533,0
38534,1
38535,1
38536,1
38537,0
38538,1
38539,0
38540,0
38541,1
38542,1
38543,1
38544,1
38545,1
38546,1
38547,0
38548,0
38549,1
38550,1
38551,0
38552,1
38553,0
38554,1
38555,1
38556,0
38557,1
38558,0
38559,1
38560,0
38561,0
38562,0
38563,1
38564,1
38565,0
38566,0
38567,0
38568,0
38569,0
38570,1
38571,1
38572,1
38573,1
38574,0
38575,0
38576,1
38577,1
38578,1
38579,1
38580,1
38581,1
38582,1
38583,1
38584,1
38585,0
38586,1
38587,1
38588,0
38589,0
38590,0
38591,1
38592,1
38593,1
38594,0
38595,1
38596,1
38597,1
38598,1
38599,0
38600,0
38601,0
38602,0
38603,0
38604,1
38605,1
38606,0
38607,1
38608,1
38609,1
38610,1
38611,0
38612,0
38613,0
38614,1
38615,0
38616,0
38617,1
38618,0
38619,1
38620,0
38621,1
38622,0
38623,1
38624,0
38625,0
38626,0
38627,0
38628,0
38629,1
38630,0
38631,0
38632,1
38633,0
38634,1
38635,1
38636,1
38637,0
38638,1
38639,1
38640,1
38641,1
38642,0
38643,0
38644,1
38645,0
38646,0
38647,0
38648,0
38649,1
38650,1
38651,0
38652,1
38653,1
38654,1
38655,1
38656,1
38657,1
38658,0
38659,1
38660,0
38661,1
38662,1
38663,1
38664,0
38665,0
38666,1
38667,0
38668,1
38669,1
38670,1
38671,1
38672,0
38673,1
38674,0
38675,0
38676,0
38677,1
38678,0
38679,0
38680,0
38681,1
38682,1
38683,0
38684,1
38685,0
38686,0
38687,0
38688,0
38689,1
38690,1
38691,1
38692,0
38693,1
38694,0
38695,1
38696,1
38697,0
38698,1
38699,1
38700,1
38701,0
38702,0
38703,1
38704,0
38705,1
38706,0
38707,0
38708,1
38709,1
38710,2
38711,1
38712,1
38713,1
38714,1
38715,0
38716,1
38717,0
38718,0
38719,1
38720,1
38721,0
38722,1
38723,0
38724,1
38725,1
38726,1
38727,1
38728,1
38729,0
38730,1
38731,0
38732,1
38733,1
38734,0
38735,0
38736,1
38737,1
38738,1
38739,1
38740,0
38741,0
38742,0
38743,0
38744,0
38745,1
38746,0
38747,1
38748,0
38749,0
38750,1
38751,1
38752,1
38753,1
38754,1
38755,1
38756,0
38757,1
38758,0
38759,1
38760,0
38761,0
38762,1
38763,1
38764,1
38765,0
38766,1
38767,1
38768,1
38769,1
38770,1
38771,0
38772,1
38773,0
38774,0
38775,1
38776,0
38777,0
38778,0
38779,1
38780,1
38781,1
38782,1
38783,0
38784,0
38785,0
38786,1
38787,0
38788,0
38789,0
38790,0
38791,1
38792,1
38793,1
38794,1
38795,0
38796,1
38797,0
38798,0
38799,1
38800,1
38801,0
38802,1
38803,1
38804,0
38805,1
38806,1
38807,0
38808,0
38809,1
38810,0
38811,1
38812,1
38813,0
38814,1
38815,1
38816,0
38817,0
38818,0
38819,0
38820,0
38821,0
38822,0
38823,1
38824,0
38825,1
38826,0
38827,0
38828,1
38829,0
38830,1
38831,1
38832,0
38833,0
38834,1
38835,1
38836,0
38837,1
38838,1
38839,0
38840,1
38841,0
38842,0
38843,0
38844,0
38845,1
38846,0
38847,0
38848,1
38849,1
38850,1
38851,1
38852,1
38853,1
38854,1
38855,1
38856,0
38857,0
38858,0
38859,1
38860,1
38861,0
38862,0
38863,0
38864,0
38865,1
38866,0
38867,0
38868,0
38869,1
38870,0
38871,1
38872,0
38873,1
38874,0
38875,1
38876,1
38877,0
38878,1
38879,1
38880,0
38881,0
38882,0
38883,0
38884,1
38885,1
38886,1
38887,1
38888,0
38889,1
38890,1
38891,0
38892,0
38893,1
38894,1
38895,1
38896,0
38897,0
38898,0
38899,1
38900,1
38901,1
38902,0
38903,1
38904,0
38905,0
38906,1
38907,1
38908,0
38909,0
38910,0
38911,0
38912,1
38913,1
38914,0
38915,1
38916,0
38917,1
38918,1
38919,1
38920,1
38921,0
38922,1
38923,0
38924,1
38925,1
38926,0
38927,0
38928,0
38929,1
38930,1
38931,1
38932,0
38933,0
38934,0
38935,0
38936,1
38937,1
38938,0
38939,0
38940,1
38941,0
38942,0
38943,1
38944,0
38945,1
38946,1
38947,0
38948,1
38949,0
38950,1
38951,1
38952,1
38953,0
38954,1
38955,1
38956,1
38957,1
38958,0
38959,0
38960,1
38961,1
38962,1
38963,1
38964,0
38965,1
38966,0
38967,1
38968,1
38969,0
38970,1
38971,1
38972,1
38973,0
38974,0
38975,1
38976,1
38977,0
38978,0
38979,0
38980,1
38981,0
38982,1
38983,0
38984,0
38985,1
38986,1
38987,1
38988,1
38989,1
38990,1
38991,0
38992,1
38993,1
38994,1
38995,1
38996,1
38997,1
38998,0
38999,1
39000,1
39001,1
39002,1
39003,0
39004,0
39005,1
39006,1
39007,1
39008,1
39009,0
39010,0
39011,1
39012,0
39013,0
39014,1
39015,0
39016,1
39017,0
39018,1
39019,1
39020,1
39021,1
39022,1
39023,0
39024,0
39025,1
39026,1
39027,1
39028,1
39029,1
39030,1
39031,1
39032,1
39033,1
39034,0
39035,1
39036,0
39037,1
39038,1
39039,1
39040,1
39041,1
39042,1
39043,1
39044,0
39045,1
39046,1
39047,1
39048,1
39049,0
39050,1
39051,0
39052,0
39053,1
39054,1
39055,1
39056,1
39057,0
39058,1
39059,1
39060,1
39061,1
39062,0
39063,1
39064,1
39065,1
39066,0
39067,1
39068,1
39069,1
39070,1
39071,1
39072,1
39073,0
39074,1
39075,0
39076,0
39077,0
39078,0
39079,1
39080,1
39081,0
39082,0
39083,0
39084,0
39085,1
39086,1
39087,1
39088,1
39089,0
39090,1
39091,1
39092,1
39093,0
39094,0
39095,1
39096,1
39097,1
39098,0
39099,1
39100,1
39101,1
39102,1
39103,1
39104,0
39105,0
39106,1
39107,1
39108,1
39109,1
39110,1
39111,1
39112,1
39113,1
39114,1
39115,1
39116,0
39117,1
39118,0
39119,1
39120,0
39121,0
39122,0
39123,1
39124,1
39125,1
39126,0
39127,1
39128,0
39129,1
39130,1
39131,1
39132,0
39133,1
39134,0
39135,1
39136,0
39137,1
39138,1
39139,1
39140,1
39141,0
39142,1
39143,1
39144,1
39145,0
39146,0
39147,0
39148,0
39149,1
39150,1
39151,0
39152,1
39153,1
39154,1
39155,1
39156,1
39157,0
39158,1
39159,0
39160,1
39161,0
39162,0
39163,1
39164,1
39165,0
39166,1
39167,0
39168,1
39169,0
39170,1
39171,1
39172,0
39173,0
39174,1
39175,1
39176,1
39177,1
39178,0
39179,1
39180,1
39181,1
39182,1
39183,0
39184,0
39185,1
39186,1
39187,1
39188,1
39189,1
39190,0
39191,0
39192,1
39193,1
39194,1
39195,1
39196,1
39197,0
39198,0
39199,1
39200,1
39201,0
39202,1
39203,0
39204,1
39205,1
39206,1
39207,0
39208,0
39209,1
39210,1
39211,1
39212,1
39213,1
39214,1
39215,1
39216,0
39217,0
39218,1
39219,0
39220,1
39221,1
39222,0
39223,0
39224,0
39225,1
39226,1
39227,0
39228,1
39229,1
39230,1
39231,1
39232,0
39233,1
39234,0
39235,1
39236,1
39237,0
39238,0
39239,1
39240,0
39241,1
39242,1
39243,0
39244,1
39245,0
39246,1
39247,1
39248,0
39249,1
39250,0
39251,1
39252,0
39253,0
39254,0
39255,0
39256,0
39257,1
39258,0
39259,0
39260,1
39261,1
39262,0
39263,1
39264,0
39265,1
39266,1
39267,0
39268,0
39269,1
39270,0
39271,1
39272,1
39273,1
39274,0
39275,1
39276,1
39277,0
39278,0
39279,1
39280,1
39281,0
39282,1
39283,0
39284,1
39285,1
39286,1
39287,1
39288,0
39289,0
39290,0
39291,1
39292,0
39293,1
39294,1
39295,1
39296,1
39297,1
39298,0
39299,0
39300,0
39301,1
39302,1
39303,0
39304,0
39305,0
39306,0
39307,1
39308,0
39309,1
39310,1
39311,0
39312,0
39313,0
39314,1
39315,0
39316,0
39317,1
39318,1
39319,0
39320,1
39321,1
39322,1
39323,1
39324,1
39325,0
39326,1
39327,1
39328,1
39329,1
39330,1
39331,1
39332,1
39333,0
39334,0
39335,1
39336,1
39337,0
39338,1
39339,1
39340,1
39341,0
39342,1
39343,0
39344,0
39345,1
39346,0
39347,0
39348,0
39349,0
39350,1
39351,1
39352,1
39353,1
39354,1
39355,1
39356,0
39357,1
39358,0
39359,0
39360,1
39361,1
39362,1
39363,1
39364,0
39365,1
39366,0
39367,1
39368,1
39369,0
39370,0
39371,1
39372,0
39373,1
39374,0
39375,0
39376,0
39377,1
39378,1
39379,0
39380,1
39381,1
39382,0
39383,1
39384,0
39385,0
39386,0
39387,1
39388,1
39389,0
39390,0
39391,1
39392,0
39393,1
39394,0
39395,1
39396,1
39397,0
39398,1
39399,0
39400,1
39401,1
39402,1
39403,1
39404,0
39405,0
39406,0
39407,1
39408,0
39409,1
39410,0
39411,0
39412,1
39413,0
39414,0
39415,0
39416,1
39417,0
39418,0
39419,1
39420,0
39421,0
39422,0
39423,1
39424,0
39425,1
39426,1
39427,1
39428,1
39429,1
39430,0
39431,0
39432,1
39433,1
39434,1
39435,0
39436,1
39437,1
39438,1
39439,1
39440,0
39441,0
39442,1
39443,1
39444,1
39445,0
39446,1
39447,1
39448,0
39449,0
39450,1
39451,0
39452,0
39453,1
39454,1
39455,1
39456,1
39457,1
39458,0
39459,1
39460,1
39461,1
39462,0
39463,0
39464,1
39465,0
39466,0
39467,0
39468,0
39469,1
39470,1
39471,1
39472,0
39473,0
39474,1
39475,0
39476,1
39477,0
39478,1
39479,1
39480,1
39481,1
39482,0
39483,0
39484,1
39485,1
39486,0
39487,1
39488,1
39489,1
39490,1
39491,1
39492,0
39493,0
39494,1
39495,1
39496,0
39497,1
39498,0
39499,1
39500,1
39501,0
39502,0
39503,1
39504,1
39505,1
39506,1
39507,1
39508,0
39509,1
39510,1
39511,0
39512,1
39513,1
39514,1
39515,1
39516,0
39517,1
39518,1
39519,1
39520,1
39521,1
39522,1
39523,0
39524,0
39525,1
39526,1
39527,1
39528,1
39529,1
39530,0
39531,0
39532,1
39533,1
39534,1
39535,1
39536,0
39537,0
39538,1
39539,0
39540,1
39541,0
39542,0
39543,1
39544,0
39545,0
39546,1
39547,1
39548,0
39549,0
39550,0
39551,1
39552,1
39553,1
39554,1
39555,0
39556,1
39557,1
39558,1
39559,0
39560,0
39561,0
39562,1
39563,1
39564,0
39565,1
39566,1
39567,1
39568,1
39569,1
39570,1
39571,0
39572,1
39573,1
39574,0
39575,0
39576,1
39577,1
39578,0
39579,1
39580,0
39581,0
39582,1
39583,0
39584,1
39585,1
39586,1
39587,1
39588,0
39589,0
39590,0
39591,1
39592,0
39593,1
39594,0
39595,1
39596,1
39597,1
39598,0
39599,1
39600,0
39601,1
39602,0
39603,1
39604,0
39605,1
39606,0
39607,1
39608,1
39609,1
39610,1
39611,0
39612,0
39613,1
39614,1
39615,1
39616,1
39617,1
39618,1
39619,0
39620,1
39621,0
39622,0
39623,0
39624,1
39625,0
39626,0
39627,1
39628,1
39629,0
39630,1
39631,0
39632,0
39633,1
39634,1
39635,1
39636,1
39637,1
39638,0
39639,0
39640,0
39641,1
39642,1
39643,1
39644,0
39645,1
39646,1
39647,1
39648,1
39649,0
39650,1
39651,0
39652,1
39653,1
39654,1
39655,1
39656,0
39657,1
39658,1
39659,1
39660,1
39661,0
39662,0
39663,1
39664,0
39665,1
39666,1
39667,0
39668,1
39669,0
39670,0
39671,1
39672,1
39673,0
39674,0
39675,0
39676,1
39677,1
39678,1
39679,1
39680,1
39681,1
39682,1
39683,1
39684,1
39685,0
39686,1
39687,0
39688,0
39689,1
39690,1
39691,1
39692,1
39693,1
39694,1
39695,1
39696,1
39697,0
39698,1
39699,1
39700,1
39701,1
39702,1
39703,1
39704,1
39705,1
39706,0
39707,1
39708,1
39709,0
39710,1
39711,1
39712,1
39713,0
39714,1
39715,1
39716,1
39717,0
39718,1
39719,0
39720,1
39721,0
39722,0
39723,1
39724,0
39725,1
39726,1
39727,1
39728,1
39729,1
39730,0
39731,1
39732,0
39733,0
39734,1
39735,0
39736,1
39737,0
39738,1
39739,0
39740,1
39741,0
39742,1
39743,1
39744,1
39745,0
39746,0
39747,0
39748,0
39749,1
39750,1
39751,1
39752,0
39753,1
39754,1
39755,1
39756,1
39757,0
39758,0
39759,0
39760,0
39761,0
39762,1
39763,1
39764,0
39765,0
39766,1
39767,0
39768,1
39769,0
39770,1
39771,0
39772,1
39773,1
39774,1
39775,1
39776,1
39777,0
39778,1
39779,1
39780,1
39781,0
39782,1
39783,0
39784,0
39785,1
39786,0
39787,1
39788,1
39789,1
39790,0
39791,1
39792,1
39793,1
39794,0
39795,1
39796,0
39797,0
39798,0
39799,1
39800,0
39801,1
39802,1
39803,0
39804,0
39805,1
39806,1
39807,1
39808,0
39809,1
39810,0
39811,1
39812,0
39813,1
39814,1
39815,0
39816,1
39817,0
39818,0
39819,0
39820,1
39821,1
39822,1
39823,1
39824,1
39825,0
39826,0
39827,1
39828,1
39829,1
39830,1
39831,0
39832,1
39833,0
39834,1
39835,0
39836,1
39837,0
39838,1
39839,0
39840,1
39841,0
39842,0
39843,0
39844,1
39845,0
39846,0
39847,1
39848,1
39849,1
39850,0
39851,1
39852,1
39853,0
39854,0
39855,0
39856,1
39857,1
39858,1
39859,1
39860,1
39861,0
39862,0
39863,1
39864,1
39865,1
39866,1
39867,1
39868,0
39869,1
39870,0
39871,0
39872,0
39873,1
39874,1
39875,0
39876,0
39877,1
39878,0
39879,0
39880,1
39881,1
39882,0
39883,0
39884,1
39885,1
39886,1
39887,1
39888,1
39889,0
39890,1
39891,1
39892,0
39893,0
39894,1
39895,1
39896,1
39897,0
39898,1
39899,1
39900,1
39901,1
39902,1
39903,0
39904,1
39905,0
39906,1
39907,1
39908,1
39909,1
39910,0
39911,1
39912,1
39913,0
39914,1
39915,1
39916,1
39917,0
39918,0
39919,1
39920,1
39921,1
39922,1
39923,1
39924,1
39925,1
39926,1
39927,1
39928,0
39929,1
39930,1
39931,0
39932,1
39933,0
39934,1
39935,0
39936,0
39937,0
39938,1
39939,1
39940,1
39941,0
39942,1
39943,1
39944,0
39945,0
39946,0
39947,0
39948,1
39949,1
39950,1
39951,1
39952,1
39953,1
39954,0
39955,0
39956,1
39957,1
39958,1
39959,1
39960,1
39961,0
39962,1
39963,1
39964,1
39965,1
39966,0
39967,0
39968,0
39969,1
39970,1
39971,0
39972,0
39973,1
39974,0
39975,1
39976,1
39977,1
39978,0
39979,0
39980,1
39981,1
39982,1
39983,1
39984,1
39985,1
39986,1
39987,1
39988,1
39989,1
39990,0
39991,0
39992,1
39993,1
39994,0
39995,1
39996,1
39997,0
39998,1
39999,1
40000,1
40001,0
40002,1
40003,1
40004,1
40005,1
40006,1
40007,0
40008,1
40009,0
40010,0
40011,1
40012,1
40013,0
40014,1
40015,1
40016,0
40017,0
40018,1
40019,1
40020,0
40021,1
40022,0
40023,1
40024,1
40025,1
40026,0
40027,1
40028,0
40029,1
40030,0
40031,1
40032,1
40033,1
40034,1
40035,1
40036,1
40037,0
40038,1
40039,1
40040,1
40041,1
40042,1
40043,0
40044,1
40045,0
40046,1
40047,1
40048,1
40049,1
40050,0
40051,0
40052,1
40053,1
40054,1
40055,1
40056,1
40057,1
40058,1
40059,1
40060,1
40061,1
40062,1
40063,1
40064,1
40065,1
40066,1
40067,1
40068,0
40069,0
40070,1
40071,1
40072,1
40073,0
40074,0
40075,0
40076,1
40077,1
40078,0
40079,1
40080,1
40081,0
40082,1
40083,1
40084,0
40085,1
40086,0
40087,1
40088,1
40089,0
40090,0
40091,1
40092,1
40093,1
40094,0
40095,1
40096,1
40097,0
40098,1
40099,1
40100,0
40101,0
40102,0
40103,1
40104,1
40105,0
40106,1
40107,1
40108,0
40109,0
40110,1
40111,0
40112,0
40113,1
40114,0
40115,0
40116,1
40117,0
40118,1
40119,1
40120,1
40121,1
40122,0
40123,0
40124,1
40125,1
40126,1
40127,1
40128,1
40129,1
40130,1
40131,1
40132,1
40133,1
40134,1
40135,1
40136,1
40137,1
40138,1
40139,1
40140,1
40141,0
40142,1
40143,1
40144,1
40145,0
40146,0
40147,0
40148,1
40149,0
40150,1
40151,1
40152,1
40153,1
40154,1
40155,0
40156,1
40157,0
40158,0
40159,1
40160,1
40161,1
40162,1
40163,1
40164,1
40165,1
40166,1
40167,1
40168,1
40169,0
40170,1
40171,0
40172,0
40173,1
40174,0
40175,0
40176,0
40177,1
40178,1
40179,1
40180,0
40181,0
40182,1
40183,0
40184,1
40185,1
40186,1
40187,1
40188,0
40189,1
40190,0
40191,1
40192,0
40193,1
40194,0
40195,1
40196,0
40197,1
40198,0
40199,1
40200,1
40201,1
40202,1
40203,1
40204,0
40205,1
40206,1
40207,1
40208,1
40209,1
40210,0
40211,1
40212,1
40213,1
40214,1
40215,1
40216,1
40217,1
40218,1
40219,0
40220,1
40221,0
40222,1
40223,1
40224,0
40225,1
40226,1
40227,1
40228,1
40229,1
40230,1
40231,1
40232,1
40233,1
40234,0
40235,1
40236,1
40237,1
40238,1
40239,0
40240,1
40241,0
40242,1
40243,1
40244,1
40245,0
40246,1
40247,1
40248,1
40249,1
40250,1
40251,1
40252,1
40253,0
40254,1
40255,0
40256,1
40257,0
40258,0
40259,0
40260,1
40261,1
40262,0
40263,1
40264,1
40265,0
40266,0
40267,0
40268,0
40269,1
40270,1
40271,0
40272,1
40273,1
40274,1
40275,1
40276,1
40277,0
40278,1
40279,1
40280,1
40281,1
40282,1
40283,1
40284,1
40285,0
40286,0
40287,1
40288,1
40289,1
40290,1
40291,1
40292,0
40293,1
40294,1
40295,1
40296,1
40297,0
40298,0
40299,0
40300,0
40301,0
40302,1
40303,0
40304,1
40305,1
40306,1
40307,0
40308,1
40309,1
40310,1
40311,1
40312,1
40313,1
40314,0
40315,1
40316,0
40317,1
40318,0
40319,1
40320,0
40321,0
40322,0
40323,1
40324,1
40325,0
40326,0
40327,0
40328,1
40329,1
40330,0
40331,1
40332,1
40333,1
40334,1
40335,1
40336,1
40337,0
40338,0
40339,0
40340,1
40341,1
40342,1
40343,1
40344,0
40345,0
40346,1
40347,0
40348,1
40349,1
40350,1
40351,1
40352,0
40353,0
40354,1
40355,1
40356,0
40357,1
40358,1
40359,0
40360,1
40361,1
40362,1
40363,1
40364,0
40365,1
40366,0
40367,0
40368,1
40369,1
40370,1
40371,1
40372,1
40373,0
40374,1
40375,1
40376,0
40377,1
40378,1
40379,0
40380,1
40381,0
40382,1
40383,1
40384,1
40385,1
40386,1
40387,0
40388,0
40389,1
40390,1
40391,1
40392,0
40393,1
40394,0
40395,0
40396,1
40397,1
40398,1
40399,1
40400,1
40401,1
40402,0
40403,1
40404,1
40405,1
40406,1
40407,1
40408,1
40409,1
40410,1
40411,1
40412,1
40413,1
40414,1
40415,1
40416,1
40417,0
40418,0
40419,1
40420,1
40421,0
40422,0
40423,1
40424,1
40425,1
40426,1
40427,0
40428,1
40429,0
40430,0
40431,1
40432,1
40433,0
40434,1
40435,1
40436,1
40437,1
40438,1
40439,0
40440,1
40441,0
40442,0
40443,1
40444,1
40445,1
40446,1
40447,0
40448,0
40449,1
40450,1
40451,1
40452,1
40453,1
40454,1
40455,1
40456,1
40457,0
40458,1
40459,0
40460,0
40461,1
40462,1
40463,1
40464,1
40465,0
40466,1
40467,1
40468,0
40469,1
40470,1
40471,0
40472,1
40473,0
40474,1
40475,1
40476,1
40477,1
40478,1
40479,1
40480,0
40481,0
40482,0
40483,1
40484,0
40485,1
40486,1
40487,1
40488,1
40489,1
40490,1
40491,1
40492,0
40493,0
40494,0
40495,0
40496,0
40497,1
40498,1
40499,1
40500,0
40501,0
40502,1
40503,0
40504,1
40505,1
40506,1
40507,1
40508,1
40509,0
40510,0
40511,0
40512,1
40513,1
40514,1
40515,1
40516,1
40517,0
40518,1
40519,1
40520,1
40521,1
40522,0
40523,0
40524,1
40525,1
40526,0
40527,1
40528,0
40529,0
40530,1
40531,1
40532,1
40533,1
40534,1
40535,0
40536,1
40537,1
40538,1
40539,1
40540,1
40541,0
40542,1
40543,0
40544,0
40545,1
40546,0
40547,1
40548,1
40549,1
40550,1
40551,0
40552,1
40553,0
40554,1
40555,1
40556,1
40557,0
40558,1
40559,1
40560,1
40561,1
40562,1
40563,0
40564,1
40565,0
40566,0
40567,1
40568,1
40569,1
40570,1
40571,0
40572,0
40573,1
40574,1
40575,0
40576,1
40577,1
40578,0
40579,1
40580,1
40581,1
40582,1
40583,1
40584,1
40585,0
40586,1
40587,1
40588,1
40589,1
40590,1
40591,1
40592,0
40593,1
40594,0
40595,1
40596,0
40597,0
40598,0
40599,1
40600,0
40601,1
40602,1
40603,1
40604,1
40605,1
40606,0
40607,1
40608,1
40609,1
40610,1
40611,0
40612,1
40613,1
40614,1
40615,1
40616,1
40617,0
40618,1
40619,1
40620,0
40621,1
40622,1
40623,0
40624,1
40625,1
40626,1
40627,1
40628,0
40629,1
40630,0
40631,1
40632,0
40633,1
40634,0
40635,1
40636,0
40637,1
40638,1
40639,1
40640,1
40641,0
40642,1
40643,1
40644,0
40645,1
40646,1
40647,0
40648,0
40649,0
40650,1
40651,1
40652,1
40653,1
40654,1
40655,1
40656,0
40657,1
40658,0
40659,0
40660,1
40661,1
40662,1
40663,0
40664,0
40665,1
40666,1
40667,1
40668,0
40669,1
40670,1
40671,1
40672,1
40673,1
40674,0
40675,1
40676,1
40677,1
40678,1
40679,1
40680,0
40681,0
40682,1
40683,0
40684,1
40685,0
40686,1
40687,1
40688,1
40689,1
40690,1
40691,0
40692,0
40693,1
40694,0
40695,1
40696,0
40697,1
40698,1
40699,1
40700,1
40701,1
40702,0
40703,1
40704,1
40705,0
40706,0
40707,0
40708,1
40709,1
40710,1
40711,0
40712,1
40713,1
40714,1
40715,1
40716,1
40717,1
40718,1
40719,1
40720,1
40721,0
40722,1
40723,1
40724,0
40725,1
40726,1
40727,1
40728,1
40729,1
40730,1
40731,1
40732,1
40733,1
40734,1
40735,1
40736,1
40737,0
40738,1
40739,1
40740,1
40741,1
40742,1
40743,1
40744,1
40745,0
40746,1
40747,1
40748,1
40749,1
40750,1
40751,1
40752,1
40753,0
40754,1
40755,1
40756,1
40757,1
40758,1
40759,0
40760,0
40761,1
40762,0
40763,0
40764,1
40765,0
40766,0
40767,0
40768,0
40769,1
40770,1
40771,1
40772,0
40773,0
40774,1
40775,1
40776,1
40777,1
40778,1
40779,0
40780,1
40781,1
40782,1
40783,1
40784,0
40785,1
40786,0
40787,1
40788,1
40789,0
40790,1
40791,1
40792,0
40793,1
40794,0
40795,1
40796,1
40797,1
40798,0
40799,0
40800,1
40801,1
40802,1
40803,1
40804,1
40805,1
40806,0
40807,0
40808,0
40809,1
40810,0
40811,1
40812,1
40813,1
40814,1
40815,1
40816,1
40817,0
40818,0
40819,1
40820,1
40821,0
40822,1
40823,1
40824,1
40825,1
40826,1
40827,0
40828,0
40829,1
40830,1
40831,1
40832,1
40833,1
40834,1
40835,1
40836,1
40837,1
40838,1
40839,1
40840,1
40841,1
40842,1
40843,0
40844,1
40845,1
40846,1
40847,1
40848,0
40849,1
40850,1
40851,1
40852,1
40853,0
40854,1
40855,1
40856,1
40857,1
40858,1
40859,1
40860,1
40861,1
40862,1
40863,0
40864,0
40865,0
40866,1
40867,1
40868,1
40869,0
40870,1
40871,1
40872,1
40873,1
40874,1
40875,0
40876,1
40877,1
40878,1
40879,1
40880,0
40881,0
40882,1
40883,1
40884,0
40885,1
40886,0
40887,0
40888,1
40889,1
40890,1
40891,0
40892,1
40893,0
40894,1
40895,0
40896,1
40897,1
40898,0
40899,1
40900,0
40901,0
40902,1
40903,1
40904,1
40905,1
40906,1
40907,1
40908,0
40909,1
40910,0
40911,1
40912,1
40913,1
40914,1
40915,1
40916,1
40917,1
40918,1
40919,1
40920,1
40921,1
40922,1
40923,1
40924,1
40925,1
40926,1
40927,1
40928,1
40929,1
40930,1
40931,1
40932,1
40933,1
40934,1
40935,1
40936,1
40937,0
40938,0
40939,1
40940,0
40941,0
40942,0
40943,1
40944,0
40945,1
40946,1
40947,1
40948,1
40949,1
40950,1
40951,1
40952,1
40953,0
40954,0
40955,1
40956,1
40957,1
40958,1
40959,1
40960,0
40961,1
40962,1
40963,1
40964,1
40965,0
40966,1
40967,1
40968,0
40969,1
40970,0
40971,0
40972,1
40973,0
40974,0
40975,0
40976,1
40977,0
40978,0
40979,1
40980,1
40981,1
40982,1
40983,1
40984,0
40985,1
40986,0
40987,0
40988,1
40989,1
40990,1
40991,1
40992,0
40993,0
40994,0
40995,1
40996,1
40997,1
40998,1
40999,1
41000,1
41001,1
41002,0
41003,1
41004,1
41005,1
41006,1
41007,1
41008,1
41009,1
41010,0
41011,1
41012,1
41013,1
41014,1
41015,1
41016,1
41017,1
41018,1
41019,1
41020,0
41021,1
41022,1
41023,1
41024,0
41025,1
41026,1
41027,1
41028,0
41029,1
41030,1
41031,1
41032,0
41033,1
41034,1
41035,1
41036,0
41037,0
41038,0
41039,1
41040,1
41041,0
41042,1
41043,1
41044,0
41045,0
41046,1
41047,1
41048,1
41049,1
41050,1
41051,1
41052,0
41053,0
41054,1
41055,1
41056,0
41057,1
41058,1
41059,1
41060,1
41061,1
41062,1
41063,1
41064,1
41065,1
41066,1
41067,1
41068,1
41069,1
41070,1
41071,1
41072,1
41073,1
41074,0
41075,0
41076,1
41077,0
41078,1
41079,1
41080,1
41081,1
41082,1
41083,1
41084,1
41085,1
41086,1
41087,0
41088,1
41089,1
41090,0
41091,0
41092,1
41093,1
41094,1
41095,1
41096,1
41097,1
41098,1
41099,1
41100,0
41101,1
41102,1
41103,1
41104,1
41105,1
41106,1
41107,1
41108,1
41109,1
41110,1
41111,0
41112,1
41113,1
41114,0
41115,1
41116,1
41117,1
41118,1
41119,1
41120,1
41121,1
41122,1
41123,1
41124,1
41125,1
41126,1
41127,0
41128,1
41129,0
41130,1
41131,0
41132,1
41133,1
41134,0
41135,1
41136,0
41137,0
41138,1
41139,1
41140,0
41141,1
41142,0
41143,1
41144,1
41145,1
41146,0
41147,0
41148,1
41149,0
41150,1
41151,0
41152,1
41153,1
41154,0
41155,1
41156,1
41157,1
41158,0
41159,1
41160,0
41161,1
41162,0
41163,1
41164,0
41165,1
41166,1
41167,0
41168,1
41169,1
41170,1
41171,1
41172,1
41173,0
41174,1
41175,0
41176,1
41177,1
41178,1
41179,1
41180,1
41181,0
41182,1
41183,0
41184,1
41185,0
41186,1
41187,0
41188,1
41189,1
41190,1
41191,1
41192,1
41193,1
41194,1
41195,1
41196,0
41197,0
41198,1
41199,1
41200,1
41201,1
41202,1
41203,1
41204,0
41205,1
41206,1
41207,1
41208,0
41209,1
41210,1
41211,1
41212,1
41213,1
41214,1
41215,1
41216,1
41217,0
41218,1
41219,1
41220,1
41221,1
41222,0
41223,0
41224,1
41225,0
41226,1
41227,1
41228,1
41229,0
41230,1
41231,0
41232,0
41233,0
41234,1
41235,0
41236,0
41237,1
41238,0
41239,0
41240,1
41241,1
41242,1
41243,1
41244,0
41245,1
41246,1
41247,0
41248,1
41249,0
41250,1
41251,1
41252,1
41253,0
41254,1
41255,1
41256,1
41257,1
41258,1
41259,1
41260,1
41261,1
41262,0
41263,1
41264,1
41265,1
41266,0
41267,1
41268,1
41269,0
41270,0
41271,0
41272,1
41273,1
41274,1
41275,1
41276,0
41277,0
41278,1
41279,1
41280,1
41281,1
41282,1
41283,1
41284,1
41285,0
41286,1
41287,1
41288,1
41289,1
41290,1
41291,1
41292,0
41293,1
41294,0
41295,1
41296,0
41297,0
41298,1
41299,1
41300,1
41301,1
41302,1
41303,0
41304,1
41305,1
41306,0
41307,0
41308,1
41309,1
41310,1
41311,1
41312,1
41313,1
41314,1
41315,1
41316,0
41317,1
41318,1
41319,1
41320,1
41321,0
41322,1
41323,1
41324,1
41325,0
41326,1
41327,1
41328,1
41329,0
41330,1
41331,0
41332,1
41333,1
41334,0
41335,1
41336,1
41337,1
41338,1
41339,0
41340,0
41341,1
41342,1
41343,1
41344,1
41345,0
41346,1
41347,1
41348,1
41349,0
41350,1
41351,0
41352,0
41353,1
41354,1
41355,1
41356,1
41357,1
41358,1
41359,1
41360,1
41361,1
41362,1
41363,1
41364,1
41365,0
41366,1
41367,1
41368,0
41369,1
41370,1
41371,0
41372,1
41373,1
41374,0
41375,1
41376,1
41377,1
41378,1
41379,1
41380,0
41381,1
41382,1
41383,1
41384,1
41385,0
41386,0
41387,1
41388,1
41389,1
41390,1
41391,1
41392,1
41393,0
41394,1
41395,1
41396,0
41397,1
41398,1
41399,0
41400,1
41401,1
41402,1
41403,1
41404,0
41405,1
41406,1
41407,0
41408,0
41409,1
41410,1
41411,1
41412,1
41413,1
41414,1
41415,1
41416,0
41417,1
41418,1
41419,1
41420,0
41421,1
41422,1
41423,1
41424,0
41425,0
41426,1
41427,1
41428,0
41429,0
41430,1
41431,0
41432,1
41433,1
41434,1
41435,1
41436,1
41437,1
41438,1
41439,1
41440,1
41441,0
41442,0
41443,1
41444,1
41445,1
41446,0
41447,1
41448,1
41449,1
41450,0
41451,1
41452,1
41453,1
41454,1
41455,0
41456,0
41457,1
41458,1
41459,1
41460,1
41461,0
41462,1
41463,1
41464,1
41465,1
41466,1
41467,1
41468,1
41469,1
41470,0
41471,1
41472,1
41473,0
41474,1
41475,1
41476,1
41477,1
41478,1
41479,0
41480,1
41481,1
41482,1
41483,1
41484,1
41485,1
41486,0
41487,1
41488,0
41489,1
41490,1
41491,1
41492,1
41493,1
41494,1
41495,0
41496,0
41497,1
41498,1
41499,0
41500,0
41501,1
41502,1
41503,1
41504,1
41505,0
41506,0
41507,0
41508,1
41509,1
41510,0
41511,1
41512,0
41513,1
41514,1
41515,0
41516,1
41517,0
41518,1
41519,1
41520,1
41521,1
41522,1
41523,1
41524,1
41525,1
41526,1
41527,0
41528,1
41529,0
41530,1
41531,1
41532,1
41533,0
41534,1
41535,0
41536,1
41537,1
41538,1
41539,0
41540,1
41541,1
41542,1
41543,1
41544,0
41545,1
41546,1
41547,0
41548,1
41549,1
41550,1
41551,1
41552,0
41553,0
41554,1
41555,1
41556,1
41557,1
41558,1
41559,0
41560,0
41561,1
41562,0
41563,0
41564,1
41565,1
41566,1
41567,1
41568,1
41569,0
41570,1
41571,0
41572,1
41573,1
41574,0
41575,1
41576,1
41577,1
41578,1
41579,0
41580,0
41581,0
41582,0
41583,1
41584,1
41585,1
41586,1
41587,0
41588,1
41589,1
41590,0
41591,1
41592,0
41593,1
41594,1
41595,1
41596,0
41597,1
41598,1
41599,1
41600,0
41601,0
41602,0
41603,1
41604,0
41605,1
41606,0
41607,1
41608,1
41609,1
41610,1
41611,1
41612,1
41613,1
41614,1
41615,1
41616,1
41617,1
41618,1
41619,0
41620,1
41621,0
41622,0
41623,1
41624,1
41625,1
41626,1
41627,0
41628,1
41629,1
41630,1
41631,1
41632,0
41633,0
41634,1
41635,1
41636,1
41637,1
41638,1
41639,1
41640,0
41641,1
41642,1
41643,1
41644,1
41645,1
41646,0
41647,0
41648,0
41649,0
41650,1
41651,1
41652,1
41653,0
41654,0
41655,0
41656,1
41657,1
41658,0
41659,1
41660,0
41661,0
41662,1
41663,1
41664,1
41665,1
41666,1
41667,1
41668,1
41669,0
41670,1
41671,0
41672,1
41673,1
41674,1
41675,1
41676,0
41677,1
41678,0
41679,1
41680,0
41681,1
41682,1
41683,1
41684,1
41685,1
41686,0
41687,1
41688,0
41689,1
41690,1
41691,1
41692,1
41693,0
41694,0
41695,1
41696,1
41697,1
41698,1
41699,1
41700,0
41701,1
41702,1
41703,1
41704,1
41705,1
41706,1
41707,1
41708,0
41709,1
41710,1
41711,1
41712,1
41713,0
41714,0
41715,1
41716,1
41717,0
41718,0
41719,1
41720,1
41721,1
41722,0
41723,1
41724,1
41725,1
41726,1
41727,0
41728,1
41729,0
41730,1
41731,1
41732,1
41733,0
41734,1
41735,0
41736,0
41737,0
41738,1
41739,0
41740,0
41741,1
41742,1
41743,0
41744,0
41745,1
41746,1
41747,0
41748,1
41749,1
41750,1
41751,0
41752,1
41753,0
41754,0
41755,0
41756,1
41757,0
41758,1
41759,1
41760,0
41761,1
41762,1
41763,0
41764,1
41765,1
41766,0
41767,1
41768,1
41769,1
41770,0
41771,1
41772,1
41773,1
41774,1
41775,0
41776,0
41777,1
41778,0
41779,0
41780,1
41781,1
41782,0
41783,1
41784,1
41785,1
41786,1
41787,1
41788,1
41789,1
41790,1
41791,1
41792,0
41793,0
41794,0
41795,1
41796,0
41797,1
41798,1
41799,0
41800,1
41801,1
41802,1
41803,1
41804,0
41805,1
41806,1
41807,1
41808,0
41809,0
41810,0
41811,1
41812,1
41813,1
41814,1
41815,0
41816,1
41817,1
41818,1
41819,1
41820,0
41821,1
41822,1
41823,1
41824,0
41825,1
41826,1
41827,1
41828,1
41829,0
41830,0
41831,0
41832,1
41833,0
41834,1
41835,1
41836,0
41837,1
41838,0
41839,1
41840,1
41841,1
41842,0
41843,1
41844,1
41845,0
41846,1
41847,0
41848,1
41849,1
41850,1
41851,1
41852,1
41853,0
41854,0
41855,1
41856,0
41857,0
41858,0
41859,1
41860,0
41861,1
41862,0
41863,1
41864,1
41865,0
41866,0
41867,1
41868,1
41869,0
41870,0
41871,1
41872,1
41873,0
41874,1
41875,1
41876,0
41877,1
41878,0
41879,1
41880,0
41881,1
41882,0
41883,1
41884,1
41885,1
41886,0
41887,1
41888,0
41889,1
41890,1
41891,1
41892,1
41893,1
41894,1
41895,0
41896,1
41897,0
41898,1
41899,0
41900,1
41901,0
41902,0
41903,1
41904,1
41905,1
41906,0
41907,0
41908,1
41909,1
41910,1
41911,1
41912,0
41913,1
41914,1
41915,1
41916,0
41917,1
41918,1
41919,0
41920,1
41921,1
41922,1
41923,1
41924,1
41925,0
41926,1
41927,1
41928,0
41929,0
41930,0
41931,1
41932,0
41933,1
41934,1
41935,1
41936,1
41937,1
41938,1
41939,1
41940,1
41941,1
41942,1
41943,1
41944,1
41945,1
41946,1
41947,1
41948,1
41949,0
41950,1
41951,0
41952,1
41953,1
41954,0
41955,1
41956,1
41957,0
41958,1
41959,0
41960,1
41961,0
41962,1
41963,0
41964,1
41965,1
41966,0
41967,0
41968,1
41969,1
41970,1
41971,0
41972,0
41973,0
41974,0
41975,1
41976,1
41977,1
41978,1
41979,1
41980,1
41981,1
41982,1
41983,0
41984,0
41985,1
41986,1
41987,1
41988,1
41989,1
41990,0
41991,1
41992,0
41993,1
41994,1
41995,1
41996,0
41997,0
41998,1
41999,0
42000,1
42001,1
42002,0
42003,0
42004,1
42005,1
42006,0
42007,1
42008,1
42009,1
42010,1
42011,0
42012,0
42013,1
42014,1
42015,0
42016,1
42017,0
42018,1
42019,1
42020,0
42021,1
42022,0
42023,0
42024,0
42025,0
42026,1
42027,0
42028,0
42029,1
42030,0
42031,1
42032,0
42033,0
42034,0
42035,1
42036,0
42037,1
42038,1
42039,1
42040,1
42041,1
42042,1
42043,1
42044,1
42045,1
42046,1
42047,1
42048,1
42049,0
42050,0
42051,0
42052,1
42053,0
42054,0
42055,1
42056,0
42057,1
42058,1
42059,1
42060,1
42061,1
42062,0
42063,1
42064,0
42065,0
42066,1
42067,1
42068,1
42069,1
42070,0
42071,1
42072,1
42073,1
42074,1
42075,1
42076,0
42077,1
42078,0
42079,0
42080,0
42081,1
42082,1
42083,0
42084,0
42085,0
42086,1
42087,0
42088,1
42089,1
42090,1
42091,0
42092,0
42093,1
42094,0
42095,1
42096,0
42097,0
42098,1
42099,0
42100,1
42101,1
42102,1
42103,0
42104,1
42105,0
42106,0
42107,1
42108,0
42109,0
42110,1
42111,0
42112,1
42113,1
42114,0
42115,0
42116,1
42117,1
42118,1
42119,1
42120,1
42121,1
42122,0
42123,1
42124,1
42125,1
42126,0
42127,0
42128,1
42129,1
42130,1
42131,0
42132,1
42133,1
42134,0
42135,1
42136,0
42137,1
42138,1
42139,1
42140,1
42141,1
42142,1
42143,1
42144,0
42145,0
42146,1
42147,0
42148,1
42149,0
42150,0
42151,1
42152,1
42153,0
42154,0
42155,1
42156,1
42157,0
42158,1
42159,0
42160,0
42161,0
42162,1
42163,0
42164,1
42165,0
42166,1
42167,1
42168,1
42169,0
42170,1
42171,0
42172,0
42173,0
42174,0
42175,0
42176,0
42177,1
42178,0
42179,1
42180,1
42181,1
42182,1
42183,1
42184,1
42185,0
42186,1
42187,1
42188,1
42189,0
42190,1
42191,1
42192,1
42193,1
42194,1
42195,0
42196,1
42197,1
42198,1
42199,0
42200,1
42201,1
42202,0
42203,0
42204,1
42205,1
42206,1
42207,1
42208,1
42209,1
42210,0
42211,1
42212,1
42213,1
42214,1
42215,1
42216,1
42217,0
42218,1
42219,1
42220,1
42221,0
42222,0
42223,1
42224,1
42225,0
42226,1
42227,1
42228,1
42229,1
42230,1
42231,1
42232,1
42233,1
42234,1
42235,0
42236,1
42237,0
42238,0
42239,1
42240,1
42241,0
42242,1
42243,1
42244,1
42245,1
42246,0
42247,1
42248,1
42249,1
42250,1
42251,1
42252,1
42253,1
42254,1
42255,1
42256,1
42257,1
42258,1
42259,1
42260,0
42261,1
42262,0
42263,0
42264,0
42265,1
42266,0
42267,0
42268,1
42269,0
42270,1
42271,1
42272,1
42273,1
42274,1
42275,1
42276,1
42277,0
42278,1
42279,1
42280,0
42281,1
42282,1
42283,0
42284,0
42285,1
42286,0
42287,0
42288,0
42289,1
42290,1
42291,1
42292,1
42293,1
42294,1
42295,1
42296,0
42297,0
42298,0
42299,1
42300,1
42301,1
42302,1
42303,0
42304,1
42305,1
42306,1
42307,0
42308,1
42309,1
42310,1
42311,1
42312,0
42313,1
42314,0
42315,0
42316,1
42317,1
42318,0
42319,1
42320,1
42321,1
42322,0
42323,1
42324,1
42325,1
42326,1
42327,1
42328,0
42329,0
42330,1
42331,1
42332,1
42333,1
42334,0
42335,1
42336,1
42337,1
42338,0
42339,1
42340,1
42341,1
42342,1
42343,1
42344,1
42345,1
42346,1
42347,0
42348,1
42349,1
42350,1
42351,0
42352,1
42353,0
42354,1
42355,1
42356,1
42357,1
42358,1
42359,0
42360,0
42361,1
42362,1
42363,1
42364,1
42365,0
42366,0
42367,1
42368,1
42369,1
42370,1
42371,1
42372,0
42373,1
42374,1
42375,0
42376,1
42377,0
42378,0
42379,0
42380,0
42381,1
42382,1
42383,0
42384,1
42385,0
42386,1
42387,0
42388,1
42389,1
42390,1
42391,1
42392,1
42393,1
42394,0
42395,1
42396,1
42397,0
42398,1
42399,1
42400,1
42401,1
42402,1
42403,1
42404,0
42405,1
42406,1
42407,1
42408,1
42409,1
42410,1
42411,0
42412,1
42413,0
42414,0
42415,1
42416,0
42417,1
42418,1
42419,1
42420,1
42421,0
42422,1
42423,1
42424,1
42425,1
42426,1
42427,1
42428,1
42429,1
42430,1
42431,1
42432,1
42433,1
42434,0
42435,1
42436,0
42437,1
42438,1
42439,0
42440,0
42441,0
42442,1
42443,1
42444,1
42445,1
42446,1
42447,1
42448,0
42449,1
42450,0
42451,1
42452,0
42453,0
42454,1
42455,1
42456,1
42457,1
42458,1
42459,1
42460,1
42461,1
42462,1
42463,0
42464,1
42465,1
42466,1
42467,1
42468,1
42469,0
42470,0
42471,1
42472,1
42473,0
42474,1
42475,1
42476,1
42477,1
42478,1
42479,0
42480,0
42481,1
42482,1
42483,1
42484,0
42485,1
42486,1
42487,1
42488,1
42489,1
42490,0
42491,1
42492,0
42493,0
42494,1
42495,1
42496,1
42497,1
42498,0
42499,1
42500,1
42501,0
42502,1
42503,0
42504,1
42505,1
42506,1
42507,1
42508,1
42509,1
42510,0
42511,1
42512,1
42513,1
42514,1
42515,1
42516,1
42517,1
42518,0
42519,1
42520,1
42521,0
42522,1
42523,0
42524,1
42525,1
42526,0
42527,1
42528,1
42529,1
42530,1
42531,1
42532,0
42533,0
42534,1
42535,1
42536,1
42537,1
42538,0
42539,1
42540,0
42541,1
42542,1
42543,0
42544,1
42545,0
42546,0
42547,1
42548,1
42549,1
42550,1
42551,1
42552,1
42553,1
42554,1
42555,1
42556,0
42557,0
42558,1
42559,1
42560,1
42561,0
42562,0
42563,1
42564,1
42565,0
42566,1
42567,0
42568,1
42569,1
42570,1
42571,0
42572,1
42573,1
42574,1
42575,1
42576,1
42577,1
42578,0
42579,1
42580,0
42581,0
42582,1
42583,0
42584,0
42585,1
42586,1
42587,0
42588,0
42589,1
42590,1
42591,1
42592,0
42593,1
42594,1
42595,1
42596,1
42597,0
42598,1
42599,1
42600,1
42601,0
42602,1
42603,0
42604,1
42605,0
42606,0
42607,0
42608,1
42609,1
42610,0
42611,1
42612,1
42613,1
42614,1
42615,1
42616,1
42617,0
42618,0
42619,0
42620,1
42621,1
42622,0
42623,1
42624,0
42625,0
42626,0
42627,1
42628,1
42629,0
42630,1
42631,0
42632,1
42633,0
42634,1
42635,0
42636,0
42637,1
42638,1
42639,0
42640,1
42641,1
42642,0
42643,1
42644,0
42645,0
42646,1
42647,0
42648,1
42649,0
42650,0
42651,1
42652,1
42653,1
42654,1
42655,0
42656,1
42657,1
42658,1
42659,1
42660,1
42661,1
42662,1
42663,1
42664,0
42665,0
42666,1
42667,1
42668,1
42669,1
42670,1
42671,0
42672,0
42673,0
42674,0
42675,1
42676,1
42677,0
42678,0
42679,0
42680,0
42681,0
42682,1
42683,1
42684,1
42685,0
42686,1
42687,1
42688,1
42689,1
42690,0
42691,0
42692,1
42693,0
42694,1
42695,1
42696,0
42697,1
42698,0
42699,0
42700,1
42701,1
42702,1
42703,1
42704,1
42705,0
42706,0
42707,0
42708,1
42709,1
42710,1
42711,0
42712,1
42713,1
42714,1
42715,1
42716,1
42717,1
42718,0
42719,1
42720,1
42721,1
42722,1
42723,1
42724,1
42725,1
42726,0
42727,0
42728,1
42729,1
42730,1
42731,1
42732,1
42733,1
42734,0
42735,1
42736,1
42737,1
42738,0
42739,1
42740,1
42741,1
42742,1
42743,1
42744,1
42745,1
42746,0
42747,1
42748,1
42749,1
42750,1
42751,0
42752,0
42753,1
42754,0
42755,1
42756,1
42757,1
42758,0
42759,1
42760,0
42761,1
42762,1
42763,1
42764,1
42765,0
42766,1
42767,0
42768,0
42769,1
42770,1
42771,1
42772,1
42773,1
42774,1
42775,0
42776,1
42777,1
42778,1
42779,0
42780,1
42781,1
42782,1
42783,1
42784,1
42785,1
42786,1
42787,1
42788,1
42789,0
42790,1
42791,1
42792,1
42793,1
42794,1
42795,0
42796,1
42797,1
42798,1
42799,1
42800,1
42801,1
42802,0
42803,1
42804,1
42805,0
42806,1
42807,1
42808,1
42809,1
42810,0
42811,0
42812,1
42813,1
42814,0
42815,1
42816,1
42817,0
42818,1
42819,0
42820,1
42821,1
42822,1
42823,0
42824,1
42825,0
42826,1
42827,1
42828,1
42829,1
42830,1
42831,1
42832,1
42833,0
42834,0
42835,1
42836,1
42837,1
42838,0
42839,1
42840,0
42841,1
42842,1
42843,1
42844,0
42845,0
42846,1
42847,0
42848,0
42849,1
42850,1
42851,1
42852,1
42853,1
42854,1
42855,1
42856,1
42857,1
42858,1
42859,1
42860,1
42861,1
42862,0
42863,1
42864,1
42865,1
42866,1
42867,1
42868,1
42869,1
42870,1
42871,1
42872,1
42873,1
42874,1
42875,1
42876,1
42877,1
42878,1
42879,1
42880,0
42881,0
42882,1
42883,0
42884,0
42885,1
42886,1
42887,1
42888,1
42889,1
42890,1
42891,1
42892,1
42893,1
42894,0
42895,0
42896,0
42897,1
42898,1
42899,1
42900,1
42901,1
42902,1
42903,1
42904,0
42905,1
42906,0
42907,0
42908,1
42909,1
42910,1
42911,1
42912,0
42913,1
42914,1
42915,0
42916,0
42917,1
42918,1
42919,1
42920,0
42921,0
42922,1
42923,1
42924,1
42925,1
42926,1
42927,0
42928,1
42929,1
42930,1
42931,1
42932,1
42933,0
42934,0
42935,0
42936,1
42937,1
42938,0
42939,0
42940,0
42941,1
42942,1
42943,1
42944,1
42945,1
42946,1
42947,0
42948,0
42949,1
42950,1
42951,0
42952,0
42953,1
42954,1
42955,0
42956,0
42957,1
42958,1
42959,1
42960,1
42961,0
42962,1
42963,1
42964,1
42965,1
42966,1
42967,1
42968,1
42969,1
42970,1
42971,1
42972,1
42973,0
42974,1
42975,0
42976,1
42977,0
42978,1
42979,1
42980,1
42981,1
42982,1
42983,0
42984,0
42985,0
42986,1
42987,0
42988,1
42989,1
42990,1
42991,0
42992,1
42993,1
42994,1
42995,1
42996,0
42997,1
42998,0
42999,1
43000,1
43001,1
43002,1
43003,1
43004,1
43005,1
43006,1
43007,1
43008,0
43009,1
43010,0
43011,1
43012,1
43013,1
43014,1
43015,0
43016,1
43017,1
43018,1
43019,0
43020,0
43021,1
43022,1
43023,1
43024,1
43025,1
43026,0
43027,1
43028,0
43029,0
43030,1
43031,1
43032,1
43033,1
43034,1
43035,1
43036,0
43037,0
43038,0
43039,1
43040,1
43041,1
43042,1
43043,1
43044,1
43045,1
43046,1
43047,1
43048,1
43049,1
43050,1
43051,1
43052,1
43053,0
43054,1
43055,0
43056,1
43057,1
43058,1
43059,1
43060,1
43061,0
43062,1
43063,0
43064,1
43065,0
43066,0
43067,1
43068,0
43069,0
43070,1
43071,1
43072,1
43073,0
43074,1
43075,0
43076,1
43077,1
43078,1
43079,0
43080,1
43081,1
43082,1
43083,0
43084,1
43085,1
43086,0
43087,1
43088,1
43089,1
43090,1
43091,1
43092,1
43093,1
43094,1
43095,1
43096,1
43097,1
43098,1
43099,1
43100,1
43101,1
43102,0
43103,1
43104,1
43105,1
43106,1
43107,1
43108,1
43109,0
43110,0
43111,1
43112,1
43113,1
43114,0
43115,1
43116,1
43117,0
43118,1
43119,1
43120,1
43121,0
43122,0
43123,1
43124,0
43125,0
43126,1
43127,1
43128,1
43129,1
43130,0
43131,0
43132,1
43133,1
43134,0
43135,1
43136,0
43137,1
43138,0
43139,1
43140,1
43141,1
43142,0
43143,1
43144,1
43145,1
43146,1
43147,1
43148,1
43149,1
43150,1
43151,1
43152,0
43153,1
43154,1
43155,1
43156,1
43157,1
43158,1
43159,1
43160,1
43161,1
43162,1
43163,1
43164,0
43165,0
43166,1
43167,0
43168,1
43169,1
43170,1
43171,1
43172,0
43173,1
43174,1
43175,0
43176,1
43177,1
43178,1
43179,1
43180,0
43181,0
43182,0
43183,1
43184,1
43185,1
43186,1
43187,1
43188,0
43189,1
43190,1
43191,0
43192,0
43193,0
43194,1
43195,1
43196,1
43197,0
43198,1
43199,1
43200,1
43201,1
43202,1
43203,1
43204,0
43205,0
43206,1
43207,0
43208,1
43209,1
43210,1
43211,1
43212,1
43213,1
43214,1
43215,1
43216,1
43217,1
43218,1
43219,1
43220,1
43221,1
43222,1
43223,1
43224,0
43225,1
43226,1
43227,1
43228,1
43229,1
43230,1
43231,1
43232,1
43233,1
43234,1
43235,1
43236,0
43237,1
43238,1
43239,0
43240,1
43241,1
43242,0
43243,0
43244,1
43245,1
43246,0
43247,0
43248,1
43249,1
43250,1
43251,1
43252,1
43253,1
43254,1
43255,1
43256,0
43257,1
43258,0
43259,1
43260,1
43261,1
43262,1
43263,1
43264,1
43265,1
43266,1
43267,1
43268,1
43269,1
43270,0
43271,1
43272,1
43273,1
43274,1
43275,1
43276,1
43277,0
43278,1
43279,0
43280,0
43281,1
43282,1
43283,1
43284,0
43285,1
43286,0
43287,1
43288,1
43289,1
43290,1
43291,1
43292,0
43293,1
43294,1
43295,1
43296,1
43297,1
43298,0
43299,0
43300,1
43301,1
43302,0
43303,1
43304,1
43305,1
43306,1
43307,0
43308,1
43309,0
43310,0
43311,0
43312,0
43313,1
43314,0
43315,0
43316,1
43317,0
43318,1
43319,0
43320,1
43321,1
43322,1
43323,1
43324,0
43325,1
43326,1
43327,0
43328,1
43329,1
43330,0
43331,1
43332,1
43333,0
43334,1
43335,1
43336,1
43337,1
43338,1
43339,1
43340,1
43341,1
43342,1
43343,1
43344,0
43345,0
43346,0
43347,1
43348,1
43349,1
43350,1
43351,1
43352,0
43353,1
43354,1
43355,1
43356,1
43357,1
43358,1
43359,0
43360,0
43361,1
43362,1
43363,0
43364,1
43365,1
43366,1
43367,1
43368,0
43369,1
43370,1
43371,0
43372,1
43373,1
43374,1
43375,1
43376,1
43377,1
43378,1
43379,0
43380,1
43381,1
43382,1
43383,1
43384,1
43385,0
43386,1
43387,1
43388,1
43389,0
43390,1
43391,0
43392,1
43393,1
43394,1
43395,0
43396,1
43397,1
43398,1
43399,1
43400,1
43401,1
43402,1
43403,1
43404,1
43405,0
43406,1
43407,0
43408,1
43409,1
43410,1
43411,1
43412,0
43413,1
43414,1
43415,1
43416,1
43417,1
43418,1
43419,0
43420,1
43421,1
43422,0
43423,1
43424,1
43425,1
43426,1
43427,1
43428,0
43429,1
43430,0
43431,1
43432,1
43433,1
43434,1
43435,1
43436,1
43437,0
43438,1
43439,1
43440,1
43441,0
43442,0
43443,1
43444,1
43445,1
43446,1
43447,1
43448,1
43449,1
43450,1
43451,0
43452,0
43453,1
43454,1
43455,1
43456,0
43457,1
43458,1
43459,0
43460,1
43461,1
43462,0
43463,0
43464,1
43465,1
43466,1
43467,0
43468,0
43469,0
43470,1
43471,0
43472,1
43473,1
43474,0
43475,1
43476,1
43477,1
43478,0
43479,1
43480,0
43481,1
43482,1
43483,1
43484,1
43485,1
43486,1
43487,1
43488,1
43489,1
43490,1
43491,1
43492,0
43493,1
43494,1
43495,1
43496,1
43497,1
43498,1
43499,1
43500,1
43501,1
43502,1
43503,0
43504,1
43505,1
43506,0
43507,1
43508,0
43509,1
43510,1
43511,1
43512,1
43513,0
43514,0
43515,1
43516,1
43517,0
43518,1
43519,1
43520,1
43521,1
43522,1
43523,1
43524,1
43525,0
43526,1
43527,0
43528,0
43529,0
43530,1
43531,1
43532,0
43533,1
43534,0
43535,0
43536,0
43537,1
43538,1
43539,1
43540,0
43541,1
43542,1
43543,1
43544,0
43545,1
43546,1
43547,0
43548,1
43549,1
43550,0
43551,1
43552,1
43553,1
43554,1
43555,0
43556,1
43557,1
43558,1
43559,1
43560,1
43561,0
43562,0
43563,1
43564,1
43565,0
43566,1
43567,0
43568,1
43569,0
43570,0
43571,1
43572,1
43573,1
43574,1
43575,1
43576,1
43577,1
43578,1
43579,1
43580,1
43581,0
43582,1
43583,0
43584,1
43585,0
43586,1
43587,1
43588,1
43589,1
43590,0
43591,1
43592,1
43593,0
43594,0
43595,1
43596,1
43597,1
43598,1
43599,0
43600,0
43601,1
43602,0
43603,1
43604,0
43605,1
43606,1
43607,0
43608,0
43609,1
43610,1
43611,1
43612,1
43613,1
43614,0
43615,1
43616,1
43617,0
43618,0
43619,0
43620,1
43621,0
43622,1
43623,1
43624,1
43625,1
43626,1
43627,0
43628,1
43629,1
43630,0
43631,0
43632,1
43633,1
43634,1
43635,1
43636,1
43637,1
43638,1
43639,1
43640,0
43641,1
43642,1
43643,1
43644,1
43645,1
43646,1
43647,1
43648,1
43649,0
43650,1
43651,0
43652,1
43653,1
43654,0
43655,0
43656,1
43657,0
43658,0
43659,1
43660,1
43661,1
43662,0
43663,1
43664,0
43665,1
43666,0
43667,0
43668,1
43669,1
43670,0
43671,1
43672,1
43673,0
43674,1
43675,0
43676,1
43677,1
43678,1
43679,1
43680,0
43681,1
43682,1
43683,1
43684,1
43685,1
43686,1
43687,1
43688,0
43689,1
43690,1
43691,1
43692,1
43693,0
43694,0
43695,1
43696,0
43697,0
43698,1
43699,1
43700,0
43701,1
43702,1
43703,0
43704,0
43705,1
43706,1
43707,1
43708,0
43709,1
43710,1
43711,1
43712,0
43713,1
43714,0
43715,0
43716,1
43717,1
43718,1
43719,0
43720,1
43721,1
43722,1
43723,0
43724,1
43725,0
43726,1
43727,1
43728,1
43729,1
43730,1
43731,0
43732,1
43733,0
43734,0
43735,0
43736,1
43737,1
43738,0
43739,1
43740,1
43741,1
43742,1
43743,1
43744,1
43745,1
43746,1
43747,1
43748,1
43749,1
43750,0
43751,1
43752,0
43753,1
43754,0
43755,0
43756,1
43757,1
43758,1
43759,0
43760,0
43761,1
43762,1
43763,0
43764,1
43765,0
43766,1
43767,1
43768,1
43769,1
43770,1
43771,1
43772,0
43773,1
43774,1
43775,1
43776,1
43777,1
43778,0
43779,1
43780,1
43781,1
43782,1
43783,0
43784,1
43785,1
43786,1
43787,1
43788,0
43789,1
43790,1
43791,1
43792,1
43793,0
43794,1
43795,1
43796,0
43797,1
43798,1
43799,0
43800,0
43801,1
43802,0
43803,1
43804,1
43805,1
43806,1
43807,1
43808,1
43809,1
43810,1
43811,0
43812,0
43813,1
43814,1
43815,1
43816,1
43817,0
43818,1
43819,1
43820,1
43821,1
43822,1
43823,0
43824,0
43825,0
43826,1
43827,1
43828,0
43829,1
43830,1
43831,0
43832,1
43833,0
43834,0
43835,1
43836,1
43837,1
43838,1
43839,0
43840,0
43841,1
43842,1
43843,0
43844,0
43845,1
43846,1
43847,1
43848,0
43849,1
43850,1
43851,1
43852,1
43853,1
43854,0
43855,0
43856,1
43857,0
43858,1
43859,1
43860,1
43861,1
43862,1
43863,1
43864,1
43865,1
43866,1
43867,1
43868,1
43869,1
43870,1
43871,0
43872,1
43873,1
43874,1
43875,1
43876,1
43877,1
43878,1
43879,1
43880,0
43881,1
43882,0
43883,1
43884,1
43885,1
43886,0
43887,0
43888,1
43889,1
43890,1
43891,1
43892,0
43893,1
43894,1
43895,1
43896,1
43897,1
43898,1
43899,0
43900,0
43901,0
43902,0
43903,0
43904,1
43905,1
43906,1
43907,0
43908,1
43909,0
43910,1
43911,0
43912,1
43913,1
43914,1
43915,1
43916,1
43917,1
43918,1
43919,0
43920,1
43921,1
43922,1
43923,0
43924,0
43925,1
43926,0
43927,1
43928,1
43929,1
43930,1
43931,1
43932,1
43933,1
43934,1
43935,1
43936,1
43937,1
43938,1
43939,1
43940,1
43941,0
43942,0
43943,1
43944,1
43945,1
43946,1
43947,1
43948,1
43949,1
43950,1
43951,1
43952,1
43953,1
43954,1
43955,1
43956,0
43957,0
43958,0
43959,1
43960,1
43961,1
43962,1
43963,0
43964,1
43965,1
43966,1
43967,1
43968,1
43969,1
43970,1
43971,1
43972,1
43973,1
43974,1
43975,1
43976,1
43977,0
43978,1
43979,0
43980,1
43981,1
43982,0
43983,0
43984,0
43985,1
43986,1
43987,0
43988,1
43989,0
43990,0
43991,1
43992,1
43993,1
43994,0
43995,1
43996,1
43997,1
43998,1
43999,1
44000,1
44001,1
44002,0
44003,1
44004,1
44005,1
44006,0
44007,1
44008,0
44009,1
44010,1
44011,0
44012,0
44013,1
44014,1
44015,0
44016,1
44017,0
44018,1
44019,1
44020,1
44021,1
44022,1
44023,0
44024,1
44025,0
44026,1
44027,1
44028,1
44029,1
44030,0
44031,1
44032,1
44033,0
44034,1
44035,1
44036,1
44037,1
44038,1
44039,0
44040,1
44041,0
44042,1
44043,1
44044,1
44045,1
44046,0
44047,1
44048,1
44049,1
44050,0
44051,1
44052,0
44053,1
44054,0
44055,1
44056,1
44057,0
44058,1
44059,1
44060,1
44061,1
44062,0
44063,0
44064,1
44065,0
44066,0
44067,1
44068,1
44069,1
44070,1
44071,1
44072,0
44073,1
44074,0
44075,1
44076,0
44077,1
44078,0
44079,1
44080,1
44081,1
44082,0
44083,1
44084,0
44085,1
44086,1
44087,0
44088,0
44089,0
44090,0
44091,1
44092,1
44093,1
44094,0
44095,1
44096,0
44097,1
44098,1
44099,1
44100,1
44101,1
44102,0
44103,1
44104,1
44105,1
44106,1
44107,0
44108,0
44109,1
44110,1
44111,0
44112,1
44113,0
44114,1
44115,1
44116,0
44117,0
44118,0
44119,1
44120,1
44121,1
44122,1
44123,0
44124,1
44125,1
44126,1
44127,1
44128,0
44129,0
44130,0
44131,1
44132,0
44133,1
44134,1
44135,1
44136,1
44137,1
44138,0
44139,1
44140,0
44141,0
44142,1
44143,1
44144,1
44145,1
44146,1
44147,1
44148,1
44149,0
44150,1
44151,0
44152,1
44153,1
44154,1
44155,1
44156,1
44157,1
44158,1
44159,0
44160,1
44161,1
44162,1
44163,1
44164,1
44165,1
44166,1
44167,1
44168,1
44169,1
44170,1
44171,1
44172,1
44173,1
44174,0
44175,1
44176,1
44177,1
44178,1
44179,1
44180,1
44181,1
44182,0
44183,1
44184,0
44185,1
44186,1
44187,0
44188,1
44189,1
44190,1
44191,1
44192,1
44193,1
44194,1
44195,1
44196,1
44197,0
44198,0
44199,0
44200,0
44201,0
44202,0
44203,1
44204,1
44205,0
44206,1
44207,0
44208,1
44209,1
44210,1
44211,1
44212,1
44213,1
44214,1
44215,1
44216,1
44217,0
44218,1
44219,1
44220,1
44221,1
44222,1
44223,1
44224,1
44225,0
44226,1
44227,1
44228,0
44229,1
44230,1
44231,1
44232,0
44233,0
44234,1
44235,1
44236,0
44237,1
44238,0
44239,1
44240,1
44241,0
44242,1
44243,0
44244,1
44245,1
44246,1
44247,1
44248,1
44249,0
44250,1
44251,0
44252,1
44253,1
44254,1
44255,1
44256,0
44257,0
44258,1
44259,1
44260,0
44261,1
44262,1
44263,1
44264,1
44265,1
44266,1
44267,0
44268,1
44269,0
44270,0
44271,1
44272,1
44273,1
44274,1
44275,0
44276,1
44277,1
44278,0
44279,1
44280,0
44281,1
44282,1
44283,0
44284,1
44285,1
44286,1
44287,0
44288,1
44289,1
44290,1
44291,0
44292,1
44293,1
44294,1
44295,1
44296,1
44297,1
44298,1
44299,1
44300,0
44301,1
44302,1
44303,1
44304,1
44305,1
44306,1
44307,1
44308,1
44309,1
44310,0
44311,1
44312,1
44313,1
44314,1
44315,1
44316,0
44317,1
44318,1
44319,0
44320,0
44321,1
44322,1
44323,1
44324,1
44325,0
44326,1
44327,1
44328,1
44329,1
44330,1
44331,1
44332,1
44333,1
44334,1
44335,1
44336,1
44337,1
44338,0
44339,0
44340,0
44341,1
44342,1
44343,1
44344,1
44345,0
44346,1
44347,1
44348,1
44349,1
44350,0
44351,0
44352,1
44353,1
44354,1
44355,0
44356,0
44357,1
44358,1
44359,1
44360,1
44361,1
44362,0
44363,0
44364,1
44365,0
44366,1
44367,1
44368,0
44369,1
44370,1
44371,1
44372,0
44373,1
44374,1
44375,1
44376,1
44377,0
44378,1
44379,0
44380,1
44381,1
44382,1
44383,1
44384,1
44385,1
44386,1
44387,1
44388,1
44389,0
44390,1
44391,1
44392,0
44393,1
44394,1
44395,0
44396,1
44397,0
44398,1
44399,1
44400,0
44401,1
44402,1
44403,1
44404,1
44405,0
44406,1
44407,1
44408,1
44409,0
44410,1
44411,1
44412,1
44413,1
44414,1
44415,0
44416,1
44417,0
44418,1
44419,1
44420,0
44421,0
44422,1
44423,1
44424,1
44425,0
44426,1
44427,1
44428,0
44429,1
44430,1
44431,1
44432,0
44433,1
44434,1
44435,1
44436,1
44437,1
44438,1
44439,1
44440,1
44441,0
44442,1
44443,0
44444,1
44445,1
44446,1
44447,1
44448,1
44449,1
44450,1
44451,0
44452,0
44453,1
44454,1
44455,0
44456,0
44457,1
44458,1
44459,0
44460,1
44461,1
44462,0
44463,1
44464,1
44465,1
44466,1
44467,1
44468,1
44469,1
44470,0
44471,1
44472,1
44473,1
44474,1
44475,1
44476,0
44477,1
44478,1
44479,1
44480,0
44481,0
44482,1
44483,1
44484,1
44485,1
44486,1
44487,1
44488,1
44489,1
44490,0
44491,1
44492,0
44493,1
44494,1
44495,1
44496,1
44497,1
44498,1
44499,1
44500,1
44501,0
44502,0
44503,1
44504,1
44505,1
44506,0
44507,0
44508,0
44509,0
44510,0
44511,1
44512,1
44513,0
44514,0
44515,1
44516,0
44517,0
44518,1
44519,0
44520,1
44521,1
44522,1
44523,0
44524,0
44525,1
44526,1
44527,1
44528,1
44529,0
44530,0
44531,1
44532,1
44533,0
44534,0
44535,1
44536,0
44537,1
44538,1
44539,0
44540,0
44541,0
44542,1
44543,0
44544,0
44545,1
44546,1
44547,1
44548,1
44549,1
44550,1
44551,1
44552,1
44553,1
44554,0
44555,1
44556,1
44557,1
44558,1
44559,0
44560,1
44561,1
44562,1
44563,1
44564,0
44565,1
44566,1
44567,1
44568,1
44569,1
44570,0
44571,1
44572,1
44573,0
44574,1
44575,1
44576,0
44577,0
44578,1
44579,0
44580,0
44581,0
44582,1
44583,1
44584,1
44585,0
44586,1
44587,1
44588,0
44589,0
44590,1
44591,1
44592,0
44593,1
44594,1
44595,1
44596,0
44597,1
44598,1
44599,1
44600,1
44601,1
44602,1
44603,1
44604,1
44605,0
44606,0
44607,0
44608,0
44609,1
44610,0
44611,1
44612,1
44613,1
44614,0
44615,1
44616,1
44617,0
44618,1
44619,1
44620,1
44621,0
44622,1
44623,1
44624,1
44625,0
44626,0
44627,1
44628,1
44629,0
44630,1
44631,0
44632,1
44633,1
44634,1
44635,1
44636,1
44637,0
44638,0
44639,1
44640,1
44641,1
44642,1
44643,1
44644,1
44645,0
44646,0
44647,0
44648,1
44649,0
44650,1
44651,1
44652,1
44653,1
44654,1
44655,1
44656,0
44657,0
44658,0
44659,0
44660,1
44661,1
44662,1
44663,1
44664,1
44665,1
44666,1
44667,1
44668,1
44669,0
44670,0
44671,1
44672,0
44673,1
44674,1
44675,1
44676,1
44677,1
44678,0
44679,0
44680,1
44681,0
44682,1
44683,0
44684,0
44685,1
44686,1
44687,1
44688,1
44689,1
44690,0
44691,0
44692,1
44693,0
44694,1
44695,1
44696,1
44697,0
44698,1
44699,1
44700,0
44701,1
44702,1
44703,0
44704,1
44705,1
44706,1
44707,0
44708,1
44709,1
44710,1
44711,0
44712,1
44713,1
44714,1
44715,1
44716,1
44717,1
44718,1
44719,0
44720,1
44721,1
44722,1
44723,1
44724,1
44725,1
44726,1
44727,1
44728,1
44729,0
44730,1
44731,1
44732,1
44733,1
44734,1
44735,1
44736,1
44737,1
44738,1
44739,1
44740,1
44741,1
44742,1
44743,1
44744,0
44745,0
44746,0
44747,0
44748,1
44749,0
44750,0
44751,1
44752,1
44753,1
44754,1
44755,1
44756,1
44757,1
44758,0
44759,0
44760,1
44761,1
44762,1
44763,1
44764,1
44765,1
44766,1
44767,1
44768,1
44769,1
44770,1
44771,0
44772,1
44773,1
44774,1
44775,1
44776,1
44777,1
44778,0
44779,1
44780,0
44781,0
44782,1
44783,1
44784,1
44785,1
44786,1
44787,1
44788,0
44789,1
44790,1
44791,1
44792,1
44793,1
44794,1
44795,1
44796,1
44797,1
44798,1
44799,1
44800,1
44801,1
44802,1
44803,1
44804,1
44805,1
44806,1
44807,0
44808,1
44809,1
44810,0
44811,0
44812,1
44813,1
44814,1
44815,0
44816,1
44817,1
44818,1
44819,1
44820,0
44821,0
44822,1
44823,0
44824,1
44825,1
44826,1
44827,1
44828,1
44829,0
44830,1
44831,1
44832,0
44833,1
44834,0
44835,1
44836,1
44837,1
44838,1
44839,1
44840,0
44841,1
44842,0
44843,1
44844,1
44845,1
44846,1
44847,1
44848,1
44849,1
44850,1
44851,0
44852,1
44853,1
44854,1
44855,1
44856,1
44857,0
44858,1
44859,1
44860,1
44861,1
44862,1
44863,1
44864,1
44865,1
44866,1
44867,1
44868,1
44869,1
44870,0
44871,1
44872,1
44873,0
44874,0
44875,0
44876,1
44877,1
44878,1
44879,1
44880,0
44881,1
44882,1
44883,1
44884,1
44885,1
44886,1
44887,1
44888,1
44889,1
44890,1
44891,1
44892,0
44893,0
44894,1
44895,0
44896,0
44897,1
44898,1
44899,0
44900,0
44901,0
44902,1
44903,0
44904,1
44905,1
44906,1
44907,1
44908,1
44909,1
44910,0
44911,1
44912,1
44913,0
44914,1
44915,0
44916,1
44917,1
44918,1
44919,1
44920,1
44921,0
44922,1
44923,0
44924,1
44925,0
44926,1
44927,1
44928,0
44929,1
44930,1
44931,1
44932,1
44933,1
44934,1
44935,0
44936,1
44937,1
44938,1
44939,0
44940,1
44941,1
44942,1
44943,1
44944,0
44945,0
44946,0
44947,1
44948,1
44949,1
44950,1
44951,0
44952,0
44953,1
44954,1
44955,0
44956,1
44957,1
44958,1
44959,0
44960,1
44961,1
44962,1
44963,1
44964,1
44965,0
44966,1
44967,1
44968,1
44969,1
44970,1
44971,1
44972,1
44973,1
44974,1
44975,0
44976,1
44977,0
44978,1
44979,0
44980,1
44981,1
44982,0
44983,1
44984,1
44985,1
44986,1
44987,0
44988,0
44989,1
44990,0
44991,1
44992,1
44993,0
44994,1
44995,1
44996,1
44997,1
44998,1
44999,1
45000,0
45001,1
45002,1
45003,0
45004,0
45005,1
45006,1
45007,1
45008,1
45009,1
45010,1
45011,1
45012,1
45013,1
45014,0
45015,0
45016,0
45017,0
45018,0
45019,1
45020,1
45021,1
45022,0
45023,1
45024,1
45025,0
45026,1
45027,1
45028,1
45029,1
45030,1
45031,1
45032,1
45033,1
45034,0
45035,1
45036,1
45037,1
45038,1
45039,1
45040,1
45041,1
45042,1
45043,1
45044,1
45045,0
45046,0
45047,1
45048,0
45049,0
45050,1
45051,1
45052,1
45053,1
45054,0
45055,0
45056,1
45057,0
45058,0
45059,0
45060,1
45061,1
45062,1
45063,1
45064,1
45065,0
45066,1
45067,0
45068,1
45069,1
45070,1
45071,0
45072,1
45073,0
45074,1
45075,0
45076,1
45077,1
45078,1
45079,1
45080,0
45081,1
45082,1
45083,1
45084,0
45085,0
45086,1
45087,1
45088,0
45089,0
45090,1
45091,1
45092,1
45093,1
45094,1
45095,0
45096,1
45097,1
45098,1
45099,0
45100,1
45101,1
45102,1
45103,1
45104,1
45105,1
45106,0
45107,1
45108,1
45109,0
45110,0
45111,1
45112,1
45113,1
45114,1
45115,1
45116,0
45117,1
45118,0
45119,0
45120,0
45121,1
45122,0
45123,0
45124,0
45125,1
45126,1
45127,1
45128,1
45129,0
45130,1
45131,0
45132,1
45133,1
45134,1
45135,1
45136,1
45137,0
45138,1
45139,0
45140,0
45141,1
45142,1
45143,1
45144,1
45145,0
45146,0
45147,0
45148,1
45149,1
45150,1
45151,1
45152,1
45153,1
45154,0
45155,1
45156,1
45157,1
45158,0
45159,1
45160,1
45161,1
45162,1
45163,1
45164,1
45165,1
45166,1
45167,1
45168,1
45169,1
45170,1
45171,1
45172,0
45173,1
45174,1
45175,1
45176,1
45177,1
45178,1
45179,1
45180,1
45181,1
45182,1
45183,1
45184,1
45185,1
45186,0
45187,1
45188,0
45189,0
45190,1
45191,1
45192,1
45193,1
45194,0
45195,1
45196,1
45197,1
45198,1
45199,1
45200,1
45201,1
45202,0
45203,1
45204,1
45205,1
45206,1
45207,0
45208,1
45209,1
45210,1
45211,1
45212,1
45213,0
45214,1
45215,0
45216,1
45217,1
45218,1
45219,1
45220,1
45221,1
45222,1
45223,0
45224,1
45225,1
45226,0
45227,1
45228,1
45229,1
45230,1
45231,1
45232,1
45233,1
45234,1
45235,0
45236,0
45237,1
45238,1
45239,0
45240,1
45241,1
45242,1
45243,0
45244,1
45245,0
45246,1
45247,1
45248,0
45249,1
45250,1
45251,1
45252,0
45253,0
45254,1
45255,0
45256,1
45257,0
45258,1
45259,0
45260,1
45261,1
45262,1
45263,1
45264,1
45265,0
45266,1
45267,1
45268,1
45269,0
45270,1
45271,1
45272,1
45273,1
45274,0
45275,1
45276,1
45277,1
45278,1
45279,1
45280,1
45281,1
45282,0
45283,1
45284,1
45285,1
45286,1
45287,1
45288,1
45289,1
45290,1
45291,1
45292,1
45293,0
45294,1
45295,1
45296,1
45297,1
45298,1
45299,0
45300,1
45301,0
45302,1
45303,0
45304,1
45305,1
45306,0
45307,1
45308,1
45309,1
45310,1
45311,1
45312,0
45313,1
45314,1
45315,1
45316,0
45317,1
45318,1
45319,1
45320,1
45321,0
45322,1
45323,0
45324,1
45325,0
45326,1
45327,1
45328,1
45329,1
45330,1
45331,0
45332,0
45333,1
45334,1
45335,0
45336,1
45337,1
45338,0
45339,0
45340,1
45341,1
45342,0
45343,1
45344,1
45345,1
45346,1
45347,1
45348,1
45349,1
45350,1
45351,1
45352,0
45353,1
45354,1
45355,1
45356,0
45357,1
45358,1
45359,1
45360,0
45361,0
45362,1
45363,1
45364,0
45365,1
45366,1
45367,0
45368,1
45369,0
45370,1
45371,1
45372,1
45373,1
45374,1
45375,1
45376,1
45377,1
45378,1
45379,1
45380,1
45381,1
45382,1
45383,1
45384,0
45385,1
45386,1
45387,1
45388,1
45389,1
45390,1
45391,1
45392,0
45393,1
45394,1
45395,1
45396,1
45397,1
45398,1
45399,1
45400,1
45401,1
45402,1
45403,1
45404,1
45405,1
45406,0
45407,1
45408,1
45409,1
45410,1
45411,1
45412,1
45413,1
45414,1
45415,0
45416,0
45417,1
45418,1
45419,0
45420,1
45421,1
45422,0
45423,1
45424,1
45425,1
45426,1
45427,1
45428,1
45429,1
45430,1
45431,1
45432,1
45433,0
45434,1
45435,1
45436,1
45437,1
45438,0
45439,1
45440,1
45441,1
45442,1
45443,0
45444,1
45445,0
45446,1
45447,1
45448,1
45449,1
45450,1
45451,1
45452,1
45453,1
45454,0
45455,1
45456,1
45457,1
45458,1
45459,1
45460,1
45461,1
45462,1
45463,1
45464,1
45465,1
45466,1
45467,1
45468,1
45469,1
45470,1
45471,1
45472,1
45473,0
45474,1
45475,0
45476,1
45477,1
45478,1
45479,1
45480,1
45481,1
45482,1
45483,1
45484,1
45485,0
45486,1
45487,1
45488,1
45489,1
45490,1
45491,1
45492,0
45493,1
45494,0
45495,0
45496,1
45497,1
45498,1
45499,1
45500,1
45501,1
45502,1
45503,1
45504,0
45505,1
45506,0
45507,1
45508,1
45509,1
45510,1
45511,1
45512,1
45513,1
45514,1
45515,1
45516,1
45517,1
45518,0
45519,1
45520,1
45521,0
45522,1
45523,0
45524,1
45525,1
45526,1
45527,1
45528,1
45529,1
45530,1
45531,1
45532,1
45533,1
45534,0
45535,0
45536,0
45537,1
45538,1
45539,1
45540,1
45541,0
45542,0
45543,1
45544,1
45545,1
45546,1
45547,1
45548,1
45549,1
45550,1
45551,0
45552,1
45553,1
45554,0
45555,1
45556,1
45557,1
45558,1
45559,1
45560,1
45561,1
45562,1
45563,1
45564,1
45565,0
45566,1
45567,1
45568,1
45569,1
45570,1
45571,1
45572,1
45573,1
45574,0
45575,1
45576,0
45577,1
45578,0
45579,1
45580,1
45581,0
45582,1
45583,0
45584,0
45585,1
45586,1
45587,0
45588,0
45589,0
45590,1
45591,1
45592,1
45593,0
45594,0
45595,1
45596,1
45597,1
45598,0
45599,1
45600,0
45601,1
45602,0
45603,0
45604,1
45605,1
45606,1
45607,1
45608,0
45609,1
45610,1
45611,1
45612,1
45613,1
45614,0
45615,1
45616,0
45617,1
45618,0
45619,0
45620,1
45621,1
45622,0
45623,1
45624,0
45625,1
45626,1
45627,1
45628,1
45629,1
45630,0
45631,1
45632,0
45633,1
45634,1
45635,1
45636,1
45637,1
45638,1
45639,1
45640,1
45641,1
45642,1
45643,1
45644,1
45645,1
45646,1
45647,1
45648,1
45649,0
45650,1
45651,1
45652,1
45653,1
45654,1
45655,1
45656,1
45657,0
45658,1
45659,1
45660,1
45661,1
45662,1
45663,1
45664,1
45665,1
45666,1
45667,1
45668,1
45669,1
45670,0
45671,0
45672,1
45673,0
45674,0
45675,0
45676,1
45677,1
45678,0
45679,1
45680,1
45681,1
45682,1
45683,1
45684,1
45685,0
45686,1
45687,1
45688,0
45689,0
45690,0
45691,0
45692,1
45693,1
45694,1
45695,1
45696,1
45697,1
45698,1
45699,0
45700,0
45701,1
45702,1
45703,1
45704,1
45705,0
45706,1
45707,1
45708,1
45709,1
45710,1
45711,0
45712,1
45713,1
45714,1
45715,1
45716,1
45717,0
45718,0
45719,1
45720,1
45721,1
45722,1
45723,1
45724,0
45725,1
45726,1
45727,1
45728,1
45729,1
45730,1
45731,1
45732,1
45733,1
45734,1
45735,1
45736,1
45737,1
45738,1
45739,1
45740,1
45741,1
45742,1
45743,1
45744,1
45745,1
45746,1
45747,1
45748,1
45749,1
45750,1
45751,1
45752,1
45753,1
45754,1
45755,1
45756,1
45757,0
45758,0
45759,1
45760,1
45761,0
45762,1
45763,0
45764,1
45765,0
45766,1
45767,1
45768,0
45769,1
45770,0
45771,0
45772,1
45773,1
45774,1
45775,1
45776,1
45777,1
45778,1
45779,1
45780,1
45781,1
45782,1
45783,0
45784,1
45785,1
45786,1
45787,1
45788,1
45789,1
45790,1
45791,1
45792,1
45793,0
45794,1
45795,1
45796,1
45797,1
45798,1
45799,1
45800,1
45801,1
45802,1
45803,0
45804,1
45805,1
45806,1
45807,1
45808,1
45809,0
45810,0
45811,1
45812,0
45813,1
45814,1
45815,1
45816,1
45817,1
45818,0
45819,1
45820,1
45821,1
45822,1
45823,1
45824,1
45825,1
45826,1
45827,1
45828,0
45829,1
45830,1
45831,0
45832,1
45833,1
45834,0
45835,1
45836,1
45837,0
45838,1
45839,0
45840,1
45841,0
45842,0
45843,1
45844,1
45845,1
45846,1
45847,1
45848,1
45849,1
45850,1
45851,1
45852,0
45853,1
45854,1
45855,1
45856,1
45857,0
45858,1
45859,1
45860,0
45861,1
45862,0
45863,1
45864,0
45865,0
45866,1
45867,1
45868,0
45869,1
45870,1
45871,1
45872,1
45873,1
45874,1
45875,1
45876,0
45877,1
45878,1
45879,1
45880,1
45881,1
45882,0
45883,1
45884,1
45885,0
45886,1
45887,1
45888,1
45889,1
45890,1
45891,1
45892,1
45893,1
45894,1
45895,1
45896,0
45897,1
45898,1
45899,1
45900,1
45901,1
45902,1
45903,1
45904,1
45905,1
45906,0
45907,1
45908,1
45909,1
45910,1
45911,1
45912,0
45913,1
45914,0
45915,0
45916,1
45917,1
45918,1
45919,1
45920,1
45921,1
45922,0
45923,1
45924,1
45925,1
45926,1
45927,1
45928,1
45929,1
45930,0
45931,1
45932,0
45933,1
45934,1
45935,1
45936,0
45937,1
45938,1
45939,1
45940,1
45941,1
45942,1
45943,1
45944,1
45945,0
45946,1
45947,1
45948,1
45949,1
45950,0
45951,0
45952,1
45953,1
45954,0
45955,0
45956,1
45957,0
45958,1
45959,1
45960,1
45961,1
45962,1
45963,0
45964,1
45965,1
45966,0
45967,1
45968,0
45969,0
45970,1
45971,1
45972,1
45973,1
45974,1
45975,1
45976,1
45977,1
45978,0
45979,1
45980,1
45981,0
45982,1
45983,1
45984,1
45985,1
45986,1
45987,0
45988,0
45989,1
45990,1
45991,1
45992,0
45993,1
45994,1
45995,1
45996,1
45997,1
45998,0
45999,1
46000,1
46001,1
46002,1
46003,1
46004,1
46005,1
46006,1
46007,0
46008,1
46009,1
46010,1
46011,1
46012,0
46013,1
46014,1
46015,1
46016,0
46017,1
46018,0
46019,1
46020,0
46021,1
46022,2
46023,1
46024,1
46025,0
46026,1
46027,1
46028,1
46029,0
46030,1
46031,0
46032,1
46033,1
46034,1
46035,0
46036,1
46037,0
46038,0
46039,1
46040,1
46041,0
46042,1
46043,1
46044,1
46045,1
46046,1
46047,1
46048,1
46049,1
46050,1
46051,1
46052,1
46053,1
46054,1
46055,1
46056,0
46057,1
46058,1
46059,1
46060,0
46061,1
46062,1
46063,1
46064,0
46065,1
46066,0
46067,1
46068,1
46069,0
46070,0
46071,0
46072,1
46073,1
46074,0
46075,1
46076,0
46077,1
46078,1
46079,0
46080,1
46081,1
46082,1
46083,1
46084,1
46085,1
46086,1
46087,1
46088,1
46089,0
46090,0
46091,1
46092,1
46093,1
46094,0
46095,0
46096,0
46097,1
46098,1
46099,1
46100,1
46101,1
46102,1
46103,1
46104,1
46105,1
46106,0
46107,0
46108,1
46109,1
46110,1
46111,1
46112,1
46113,1
46114,1
46115,1
46116,1
46117,0
46118,1
46119,1
46120,1
46121,1
46122,1
46123,1
46124,1
46125,1
46126,0
46127,1
46128,0
46129,1
46130,1
46131,1
46132,1
46133,1
46134,1
46135,1
46136,0
46137,1
46138,0
46139,1
46140,1
46141,1
46142,1
46143,1
46144,1
46145,1
46146,1
46147,1
46148,1
46149,0
46150,1
46151,0
46152,1
46153,1
46154,0
46155,1
46156,1
46157,0
46158,1
46159,1
46160,0
46161,1
46162,1
46163,1
46164,0
46165,1
46166,0
46167,1
46168,1
46169,1
46170,1
46171,1
46172,1
46173,1
46174,1
46175,1
46176,1
46177,1
46178,1
46179,1
46180,1
46181,1
46182,1
46183,1
46184,1
46185,1
46186,1
46187,0
46188,1
46189,1
46190,1
46191,0
46192,1
46193,1
46194,1
46195,1
46196,1
46197,1
46198,0
46199,0
46200,0
46201,1
46202,1
46203,1
46204,1
46205,0
46206,1
46207,1
46208,1
46209,1
46210,0
46211,1
46212,1
46213,1
46214,1
46215,1
46216,0
46217,1
46218,1
46219,1
46220,0
46221,1
46222,1
46223,1
46224,1
46225,1
46226,1
46227,0
46228,0
46229,1
46230,1
46231,1
46232,1
46233,1
46234,0
46235,1
46236,1
46237,1
46238,1
46239,1
46240,1
46241,0
46242,1
46243,1
46244,1
46245,1
46246,1
46247,1
46248,1
46249,0
46250,1
46251,0
46252,1
46253,1
46254,0
46255,1
46256,0
46257,1
46258,0
46259,0
46260,0
46261,1
46262,1
46263,1
46264,0
46265,0
46266,1
46267,1
46268,1
46269,1
46270,1
46271,0
46272,1
46273,1
46274,1
46275,1
46276,1
46277,1
46278,1
46279,1
46280,0
46281,1
46282,1
46283,1
46284,1
46285,0
46286,0
46287,1
46288,0
46289,1
46290,1
46291,1
46292,1
46293,0
46294,0
46295,1
46296,1
46297,0
46298,1
46299,0
46300,1
46301,1
46302,0
46303,0
46304,1
46305,1
46306,1
46307,0
46308,1
46309,1
46310,1
46311,1
46312,0
46313,0
46314,1
46315,1
46316,0
46317,1
46318,1
46319,0
46320,1
46321,0
46322,0
46323,0
46324,0
46325,0
46326,1
46327,1
46328,1
46329,1
46330,0
46331,0
46332,0
46333,1
46334,1
46335,1
46336,0
46337,1
46338,1
46339,1
46340,1
46341,1
46342,0
46343,1
46344,1
46345,1
46346,1
46347,1
46348,1
46349,1
46350,0
46351,1
46352,1
46353,1
46354,1
46355,1
46356,1
46357,1
46358,0
46359,1
46360,0
46361,1
46362,1
46363,1
46364,0
46365,1
46366,1
46367,0
46368,1
46369,1
46370,0
46371,1
46372,0
46373,1
46374,1
46375,1
46376,1
46377,1
46378,1
46379,0
46380,0
46381,1
46382,1
46383,1
46384,1
46385,1
46386,0
46387,1
46388,1
46389,1
46390,1
46391,1
46392,0
46393,1
46394,1
46395,1
46396,0
46397,1
46398,1
46399,1
46400,0
46401,1
46402,0
46403,1
46404,1
46405,0
46406,0
46407,0
46408,0
46409,0
46410,1
46411,1
46412,1
46413,1
46414,1
46415,1
46416,1
46417,1
46418,1
46419,1
46420,1
46421,1
46422,1
46423,1
46424,1
46425,1
46426,1
46427,0
46428,1
46429,1
46430,1
46431,1
46432,1
46433,1
46434,1
46435,0
46436,1
46437,0
46438,1
46439,0
46440,1
46441,1
46442,1
46443,1
46444,0
46445,1
46446,1
46447,1
46448,1
46449,1
46450,0
46451,0
46452,1
46453,0
46454,1
46455,1
46456,0
46457,1
46458,1
46459,0
46460,0
46461,1
46462,1
46463,1
46464,1
46465,1
46466,0
46467,1
46468,0
46469,1
46470,0
46471,1
46472,1
46473,1
46474,1
46475,1
46476,1
46477,1
46478,0
46479,1
46480,1
46481,1
46482,0
46483,1
46484,0
46485,1
46486,1
46487,0
46488,0
46489,0
46490,1
46491,1
46492,1
46493,1
46494,1
46495,1
46496,0
46497,0
46498,1
46499,1
46500,1
46501,1
46502,1
46503,0
46504,1
46505,0
46506,1
46507,1
46508,1
46509,1
46510,1
46511,0
46512,1
46513,0
46514,1
46515,0
46516,1
46517,0
46518,1
46519,1
46520,1
46521,1
46522,1
46523,1
46524,0
46525,1
46526,1
46527,0
46528,0
46529,1
46530,1
46531,1
46532,0
46533,1
46534,1
46535,0
46536,1
46537,1
46538,1
46539,1
46540,1
46541,1
46542,1
46543,1
46544,1
46545,1
46546,1
46547,1
46548,1
46549,0
46550,1
46551,1
46552,1
46553,1
46554,1
46555,0
46556,0
46557,0
46558,0
46559,1
46560,1
46561,1
46562,0
46563,1
46564,1
46565,1
46566,1
46567,0
46568,0
46569,1
46570,1
46571,0
46572,1
46573,0
46574,1
46575,0
46576,0
46577,1
46578,1
46579,1
46580,1
46581,0
46582,1
46583,1
46584,1
46585,1
46586,1
46587,1
46588,1
46589,0
46590,1
46591,1
46592,1
46593,0
46594,1
46595,0
46596,0
46597,1
46598,1
46599,1
46600,1
46601,1
46602,1
46603,0
46604,1
46605,0
46606,1
46607,1
46608,0
46609,1
46610,1
46611,0
46612,1
46613,1
46614,0
46615,1
46616,1
46617,1
46618,1
46619,1
46620,0
46621,1
46622,1
46623,1
46624,1
46625,1
46626,1
46627,1
46628,1
46629,1
46630,0
46631,1
46632,0
46633,1
46634,1
46635,0
46636,0
46637,1
46638,1
46639,0
46640,1
46641,1
46642,1
46643,1
46644,0
46645,1
46646,0
46647,0
46648,1
46649,0
46650,0
46651,1
46652,1
46653,1
46654,1
46655,0
46656,1
46657,0
46658,1
46659,0
46660,1
46661,0
46662,1
46663,0
46664,0
46665,1
46666,0
46667,1
46668,1
46669,0
46670,1
46671,1
46672,1
46673,1
46674,1
46675,1
46676,0
46677,1
46678,1
46679,1
46680,1
46681,1
46682,0
46683,1
46684,0
46685,1
46686,1
46687,1
46688,0
46689,0
46690,1
46691,1
46692,1
46693,0
46694,1
46695,1
46696,0
46697,0
46698,1
46699,1
46700,1
46701,1
46702,1
46703,1
46704,1
46705,1
46706,1
46707,0
46708,0
46709,1
46710,0
46711,1
46712,1
46713,1
46714,0
46715,1
46716,1
46717,1
46718,1
46719,1
46720,1
46721,0
46722,1
46723,0
46724,0
46725,1
46726,1
46727,0
46728,1
46729,1
46730,1
46731,1
46732,1
46733,1
46734,0
46735,1
46736,0
46737,1
46738,1
46739,1
46740,1
46741,1
46742,1
46743,1
46744,1
46745,0
46746,1
46747,1
46748,1
46749,0
46750,1
46751,0
46752,1
46753,0
46754,0
46755,1
46756,0
46757,1
46758,1
46759,0
46760,0
46761,1
46762,0
46763,1
46764,1
46765,0
46766,1
46767,0
46768,1
46769,0
46770,1
46771,1
46772,1
46773,0
46774,1
46775,1
46776,1
46777,1
46778,1
46779,0
46780,1
46781,1
46782,1
46783,1
46784,1
46785,1
46786,0
46787,1
46788,0
46789,1
46790,1
46791,1
46792,1
46793,1
46794,0
46795,1
46796,1
46797,0
46798,1
46799,1
46800,1
46801,1
46802,1
46803,0
46804,1
46805,1
46806,1
46807,0
46808,1
46809,1
46810,0
46811,1
46812,0
46813,0
46814,0
46815,1
46816,0
46817,1
46818,0
46819,0
46820,1
46821,1
46822,1
46823,1
46824,1
46825,0
46826,1
46827,1
46828,1
46829,1
46830,0
46831,0
46832,1
46833,1
46834,1
46835,1
46836,1
46837,1
46838,1
46839,1
46840,1
46841,1
46842,0
46843,0
46844,1
46845,1
46846,1
46847,1
46848,0
46849,1
46850,0
46851,0
46852,1
46853,1
46854,0
46855,1
46856,1
46857,0
46858,0
46859,1
46860,1
46861,1
46862,0
46863,0
46864,1
46865,1
46866,1
46867,1
46868,1
46869,0
46870,1
46871,0
46872,1
46873,1
46874,1
46875,0
46876,0
46877,1
46878,1
46879,0
46880,1
46881,1
46882,1
46883,0
46884,0
46885,0
46886,1
46887,1
46888,1
46889,1
46890,0
46891,1
46892,1
46893,1
46894,1
46895,0
46896,1
46897,0
46898,1
46899,1
46900,0
46901,1
46902,1
46903,0
46904,1
46905,0
46906,0
46907,1
46908,0
46909,1
46910,0
46911,1
46912,1
46913,1
46914,1
46915,0
46916,0
46917,0
46918,1
46919,0
46920,1
46921,1
46922,0
46923,0
46924,1
46925,1
46926,0
46927,1
46928,0
46929,1
46930,0
46931,0
46932,1
46933,1
46934,1
46935,1
46936,0
46937,0
46938,0
46939,1
46940,1
46941,0
46942,1
46943,1
46944,1
46945,1
46946,1
46947,1
46948,1
46949,1
46950,1
46951,1
46952,1
46953,0
46954,1
46955,1
46956,0
46957,1
46958,1
46959,1
46960,1
46961,1
46962,0
46963,1
46964,1
46965,1
46966,1
46967,1
46968,1
46969,1
46970,0
46971,1
46972,1
46973,1
46974,1
46975,1
46976,1
46977,0
46978,0
46979,1
46980,1
46981,1
46982,1
46983,1
46984,0
46985,1
46986,1
46987,1
46988,0
46989,1
46990,1
46991,1
46992,1
46993,1
46994,0
46995,1
46996,1
46997,1
46998,0
46999,1
47000,0
47001,1
47002,1
47003,1
47004,1
47005,1
47006,0
47007,0
47008,1
47009,0
47010,1
47011,0
47012,1
47013,0
47014,1
47015,1
47016,1
47017,1
47018,1
47019,1
47020,0
47021,1
47022,1
47023,0
47024,0
47025,1
47026,1
47027,1
47028,0
47029,1
47030,1
47031,1
47032,1
47033,1
47034,1
47035,1
47036,0
47037,0
47038,1
47039,1
47040,1
47041,1
47042,1
47043,1
47044,0
47045,1
47046,0
47047,0
47048,1
47049,1
47050,1
47051,1
47052,1
47053,0
47054,0
47055,1
47056,0
47057,1
47058,1
47059,1
47060,1
47061,1
47062,1
47063,1
47064,1
47065,1
47066,1
47067,0
47068,1
47069,1
47070,1
47071,1
47072,1
47073,1
47074,1
47075,1
47076,1
47077,1
47078,0
47079,0
47080,0
47081,1
47082,0
47083,0
47084,1
47085,1
47086,0
47087,1
47088,1
47089,1
47090,1
47091,1
47092,1
47093,0
47094,1
47095,1
47096,1
47097,1
47098,1
47099,0
47100,1
47101,1
47102,1
47103,1
47104,1
47105,1
47106,1
47107,0
47108,1
47109,1
47110,1
47111,1
47112,1
47113,0
47114,1
47115,1
47116,1
47117,0
47118,0
47119,0
47120,1
47121,1
47122,1
47123,0
47124,0
47125,1
47126,1
47127,1
47128,1
47129,0
47130,0
47131,0
47132,1
47133,0
47134,1
47135,1
47136,1
47137,0
47138,1
47139,1
47140,0
47141,1
47142,1
47143,1
47144,0
47145,1
47146,1
47147,1
47148,1
47149,1
47150,1
47151,1
47152,0
47153,1
47154,1
47155,0
47156,0
47157,1
47158,1
47159,0
47160,1
47161,0
47162,0
47163,1
47164,1
47165,0
47166,1
47167,1
47168,1
47169,1
47170,1
47171,1
47172,1
47173,0
47174,0
47175,1
47176,1
47177,0
47178,1
47179,1
47180,0
47181,1
47182,1
47183,0
47184,1
47185,1
47186,0
47187,1
47188,0
47189,1
47190,1
47191,0
47192,1
47193,1
47194,0
47195,1
47196,1
47197,1
47198,1
47199,0
47200,1
47201,1
47202,1
47203,1
47204,1
47205,1
47206,1
47207,1
47208,1
47209,1
47210,0
47211,1
47212,0
47213,1
47214,0
47215,1
47216,0
47217,1
47218,0
47219,1
47220,1
47221,1
47222,1
47223,1
47224,1
47225,1
47226,1
47227,1
47228,1
47229,1
47230,1
47231,1
47232,0
47233,0
47234,1
47235,0
47236,1
47237,0
47238,1
47239,1
47240,0
47241,0
47242,0
47243,1
47244,0
47245,0
47246,1
47247,0
47248,0
47249,1
47250,1
47251,1
47252,1
47253,0
47254,1
47255,1
47256,1
47257,0
47258,0
47259,1
47260,0
47261,1
47262,1
47263,1
47264,0
47265,0
47266,0
47267,0
47268,1
47269,1
47270,0
47271,0
47272,0
47273,1
47274,0
47275,1
47276,1
47277,0
47278,1
47279,0
47280,1
47281,1
47282,1
47283,1
47284,1
47285,0
47286,1
47287,0
47288,0
47289,1
47290,1
47291,1
47292,1
47293,1
47294,1
47295,1
47296,1
47297,0
47298,0
47299,1
47300,0
47301,0
47302,0
47303,1
47304,1
47305,1
47306,1
47307,0
47308,1
47309,1
47310,1
47311,1
47312,1
47313,1
47314,1
47315,0
47316,0
47317,1
47318,1
47319,0
47320,1
47321,1
47322,0
47323,0
47324,1
47325,1
47326,1
47327,0
47328,1
47329,1
47330,1
47331,1
47332,0
47333,0
47334,1
47335,1
47336,1
47337,0
47338,1
47339,0
47340,0
47341,1
47342,1
47343,1
47344,1
47345,1
47346,1
47347,0
47348,1
47349,1
47350,1
47351,0
47352,0
47353,0
47354,0
47355,1
47356,1
47357,1
47358,1
47359,0
47360,1
47361,0
47362,1
47363,1
47364,1
47365,1
47366,1
47367,0
47368,1
47369,0
47370,0
47371,1
47372,1
47373,1
47374,1
47375,0
47376,0
47377,1
47378,1
47379,1
47380,1
47381,0
47382,1
47383,0
47384,1
47385,1
47386,1
47387,1
47388,0
47389,1
47390,0
47391,1
47392,1
47393,0
47394,1
47395,0
47396,1
47397,1
47398,1
47399,1
47400,1
47401,1
47402,1
47403,1
47404,1
47405,1
47406,0
47407,0
47408,1
47409,1
47410,1
47411,1
47412,1
47413,0
47414,0
47415,1
47416,0
47417,0
47418,1
47419,1
47420,1
47421,1
47422,0
47423,1
47424,1
47425,1
47426,1
47427,1
47428,0
47429,1
47430,1
47431,0
47432,0
47433,0
47434,1
47435,1
47436,0
47437,0
47438,1
47439,1
47440,1
47441,0
47442,1
47443,1
47444,0
47445,0
47446,0
47447,1
47448,0
47449,0
47450,0
47451,1
47452,1
47453,1
47454,1
47455,1
47456,1
47457,1
47458,1
47459,0
47460,1
47461,0
47462,1
47463,1
47464,1
47465,1
47466,1
47467,1
47468,0
47469,0
47470,0
47471,1
47472,1
47473,1
47474,0
47475,0
47476,1
47477,0
47478,0
47479,1
47480,1
47481,1
47482,0
47483,0
47484,0
47485,0
47486,1
47487,1
47488,0
47489,1
47490,1
47491,1
47492,1
47493,1
47494,1
47495,1
47496,0
47497,0
47498,0
47499,0
47500,0
47501,1
47502,0
47503,1
47504,0
47505,1
47506,1
47507,1
47508,0
47509,1
47510,0
47511,1
47512,0
47513,1
47514,1
47515,0
47516,1
47517,0
47518,1
47519,0
47520,1
47521,1
47522,0
47523,0
47524,1
47525,0
47526,1
47527,0
47528,1
47529,1
47530,1
47531,1
47532,1
47533,1
47534,1
47535,1
47536,1
47537,1
47538,1
47539,0
47540,1
47541,1
47542,0
47543,0
47544,1
47545,0
47546,1
47547,1
47548,1
47549,1
47550,0
47551,0
47552,1
47553,1
47554,1
47555,0
47556,0
47557,0
47558,1
47559,1
47560,0
47561,0
47562,1
47563,1
47564,1
47565,1
47566,1
47567,1
47568,1
47569,1
47570,0
47571,0
47572,1
47573,0
47574,0
47575,1
47576,0
47577,1
47578,1
47579,0
47580,1
47581,1
47582,1
47583,1
47584,0
47585,1
47586,0
47587,0
47588,0
47589,1
47590,0
47591,1
47592,0
47593,0
47594,1
47595,1
47596,1
47597,1
47598,0
47599,1
47600,1
47601,0
47602,0
47603,1
47604,0
47605,1
47606,1
47607,1
47608,1
47609,1
47610,1
47611,1
47612,0
47613,1
47614,1
47615,1
47616,0
47617,1
47618,1
47619,1
47620,1
47621,1
47622,0
47623,0
47624,1
47625,0
47626,0
47627,0
47628,1
47629,1
47630,0
47631,1
47632,0
47633,0
47634,0
47635,0
47636,1
47637,0
47638,0
47639,1
47640,1
47641,0
47642,1
47643,1
47644,0
47645,0
47646,1
47647,0
47648,1
47649,1
47650,1
47651,0
47652,1
47653,1
47654,0
47655,0
47656,1
47657,1
47658,0
47659,1
47660,1
47661,1
47662,0
47663,1
47664,1
47665,1
47666,0
47667,0
47668,1
47669,0
47670,1
47671,0
47672,1
47673,1
47674,1
47675,0
47676,0
47677,1
47678,1
47679,0
47680,1
47681,1
47682,1
47683,1
47684,1
47685,1
47686,1
47687,1
47688,1
47689,1
47690,1
47691,1
47692,0
47693,1
47694,1
47695,0
47696,1
47697,1
47698,1
47699,1
47700,0
47701,0
47702,0
47703,1
47704,1
47705,1
47706,0
47707,0
47708,0
47709,1
47710,1
47711,1
47712,1
47713,1
47714,0
47715,1
47716,1
47717,1
47718,1
47719,0
47720,1
47721,0
47722,1
47723,1
47724,1
47725,1
47726,1
47727,0
47728,1
47729,1
47730,0
47731,0
47732,1
47733,1
47734,1
47735,1
47736,1
47737,0
47738,1
47739,0
47740,1
47741,1
47742,1
47743,1
47744,1
47745,0
47746,1
47747,1
47748,1
47749,1
47750,0
47751,1
47752,0
47753,0
47754,0
47755,0
47756,1
47757,0
47758,1
47759,0
47760,0
47761,1
47762,0
47763,0
47764,1
47765,1
47766,0
47767,1
47768,1
47769,0
47770,1
47771,1
47772,1
47773,0
47774,1
47775,0
47776,1
47777,1
47778,1
47779,1
47780,1
47781,0
47782,1
47783,0
47784,1
47785,1
47786,0
47787,1
47788,1
47789,1
47790,1
47791,0
47792,1
47793,1
47794,1
47795,0
47796,1
47797,0
47798,1
47799,0
47800,1
47801,0
47802,0
47803,0
47804,0
47805,1
47806,1
47807,1
47808,0
47809,0
47810,1
47811,0
47812,0
47813,0
47814,1
47815,1
47816,1
47817,1
47818,1
47819,1
47820,1
47821,1
47822,0
47823,0
47824,0
47825,1
47826,1
47827,0
47828,1
47829,1
47830,0
47831,1
47832,1
47833,1
47834,1
47835,1
47836,1
47837,1
47838,0
47839,0
47840,1
47841,0
47842,0
47843,0
47844,0
47845,0
47846,1
47847,0
47848,1
47849,1
47850,1
47851,1
47852,1
47853,1
47854,1
47855,1
47856,1
47857,0
47858,1
47859,1
47860,0
47861,1
47862,0
47863,1
47864,0
47865,0
47866,0
47867,0
47868,1
47869,1
47870,1
47871,0
47872,0
47873,0
47874,1
47875,1
47876,1
47877,1
47878,0
47879,1
47880,1
47881,1
47882,0
47883,1
47884,1
47885,1
47886,0
47887,0
47888,0
47889,0
47890,1
47891,1
47892,0
47893,0
47894,0
47895,0
47896,1
47897,1
47898,1
47899,0
47900,0
47901,0
47902,1
47903,1
47904,0
47905,1
47906,1
47907,0
47908,0
47909,1
47910,0
47911,0
47912,1
47913,0
47914,0
47915,1
47916,1
47917,0
47918,0
47919,1
47920,0
47921,1
47922,1
47923,1
47924,1
47925,1
47926,0
47927,1
47928,1
47929,0
47930,0
47931,1
47932,1
47933,0
47934,0
47935,1
47936,1
47937,1
47938,1
47939,1
47940,1
47941,1
47942,1
47943,1
47944,1
47945,1
47946,1
47947,1
47948,1
47949,1
47950,0
47951,0
47952,0
47953,1
47954,0
47955,1
47956,1
47957,0
47958,1
47959,1
47960,1
47961,1
47962,1
47963,1
47964,0
47965,1
47966,1
47967,1
47968,1
47969,1
47970,0
47971,1
47972,0
47973,1
47974,1
47975,0
47976,1
47977,1
47978,1
47979,1
47980,1
47981,0
47982,1
47983,1
47984,1
47985,1
47986,0
47987,0
47988,1
47989,0
47990,1
47991,1
47992,0
47993,1
47994,1
47995,1
47996,1
47997,0
47998,1
47999,1
48000,1
48001,1
48002,0
48003,0
48004,0
48005,1
48006,0
48007,0
48008,1
48009,1
48010,1
48011,1
48012,1
48013,1
48014,1
48015,1
48016,1
48017,1
48018,1
48019,0
48020,0
48021,1
48022,0
48023,1
48024,1
48025,0
48026,1
48027,1
48028,1
48029,1
48030,1
48031,1
48032,0
48033,0
48034,0
48035,0
48036,1
48037,1
48038,1
48039,1
48040,0
48041,0
48042,0
48043,1
48044,0
48045,1
48046,1
48047,0
48048,1
48049,1
48050,1
48051,1
48052,1
48053,1
48054,0
48055,0
48056,1
48057,1
48058,0
48059,1
48060,0
48061,1
48062,0
48063,1
48064,1
48065,0
48066,1
48067,1
48068,0
48069,1
48070,1
48071,0
48072,0
48073,0
48074,0
48075,1
48076,0
48077,0
48078,0
48079,0
48080,1
48081,1
48082,1
48083,1
48084,1
48085,1
48086,0
48087,0
48088,1
48089,0
48090,1
48091,1
48092,1
48093,1
48094,0
48095,1
48096,0
48097,1
48098,1
48099,1
48100,0
48101,1
48102,1
48103,1
48104,0
48105,1
48106,1
48107,1
48108,1
48109,0
48110,0
48111,1
48112,1
48113,1
48114,0
48115,0
48116,1
48117,1
48118,1
48119,0
48120,1
48121,1
48122,0
48123,0
48124,0
48125,1
48126,1
48127,1
48128,0
48129,1
48130,1
48131,1
48132,0
48133,1
48134,1
48135,0
48136,1
48137,0
48138,0
48139,1
48140,1
48141,0
48142,0
48143,0
48144,1
48145,0
48146,0
48147,0
48148,1
48149,1
48150,1
48151,0
48152,1
48153,0
48154,0
48155,1
48156,1
48157,1
48158,0
48159,0
48160,1
48161,0
48162,0
48163,1
48164,1
48165,1
48166,1
48167,0
48168,1
48169,0
48170,0
48171,0
48172,1
48173,1
48174,1
48175,1
48176,1
48177,0
48178,1
48179,0
48180,0
48181,1
48182,0
48183,1
48184,1
48185,1
48186,1
48187,0
48188,1
48189,0
48190,0
48191,1
48192,1
48193,1
48194,1
48195,1
48196,1
48197,1
48198,1
48199,0
48200,0
48201,1
48202,0
48203,0
48204,1
48205,0
48206,1
48207,1
48208,1
48209,1
48210,1
48211,0
48212,0
48213,1
48214,0
48215,1
48216,0
48217,0
48218,0
48219,0
48220,1
48221,1
48222,1
48223,0
48224,1
48225,1
48226,1
48227,0
48228,1
48229,1
48230,1
48231,0
48232,1
48233,0
48234,1
48235,1
48236,0
48237,0
48238,0
48239,0
48240,1
48241,1
48242,0
48243,0
48244,0
48245,0
48246,1
48247,1
48248,0
48249,0
48250,0
48251,1
48252,1
48253,0
48254,1
48255,0
48256,1
48257,1
48258,0
48259,0
48260,1
48261,1
48262,1
48263,1
48264,0
48265,0
48266,0
48267,0
48268,1
48269,1
48270,0
48271,0
48272,1
48273,1
48274,1
48275,1
48276,0
48277,1
48278,0
48279,1
48280,1
48281,1
48282,1
48283,1
48284,1
48285,0
48286,1
48287,0
48288,1
48289,1
48290,0
48291,1
48292,1
48293,1
48294,1
48295,1
48296,1
48297,1
48298,1
48299,1
48300,1
48301,0
48302,1
48303,1
48304,1
48305,1
48306,0
48307,1
48308,1
48309,0
48310,1
48311,1
48312,0
48313,1
48314,1
48315,1
48316,1
48317,1
48318,0
48319,1
48320,1
48321,0
48322,1
48323,1
48324,1
48325,0
48326,0
48327,1
48328,1
48329,1
48330,1
48331,1
48332,1
48333,1
48334,1
48335,1
48336,1
48337,1
48338,1
48339,0
48340,1
48341,1
48342,1
48343,0
48344,1
48345,0
48346,0
48347,0
48348,1
48349,1
48350,1
48351,1
48352,1
48353,1
48354,0
48355,1
48356,0
48357,0
48358,0
48359,1
48360,1
48361,1
48362,1
48363,0
48364,1
48365,0
48366,1
48367,1
48368,1
48369,1
48370,1
48371,1
48372,0
48373,1
48374,0
48375,1
48376,0
48377,1
48378,0
48379,0
48380,1
48381,1
48382,1
48383,1
48384,0
48385,0
48386,0
48387,0
48388,0
48389,1
48390,1
48391,1
48392,0
48393,1
48394,0
48395,1
48396,1
48397,1
48398,1
48399,1
48400,1
48401,1
48402,1
48403,0
48404,1
48405,1
48406,1
48407,0
48408,1
48409,0
48410,0
48411,0
48412,1
48413,1
48414,1
48415,0
48416,1
48417,1
48418,0
48419,1
48420,1
48421,1
48422,1
48423,0
48424,1
48425,0
48426,0
48427,0
48428,1
48429,0
48430,0
48431,1
48432,0
48433,0
48434,0
48435,0
48436,0
48437,1
48438,1
48439,1
48440,1
48441,1
48442,1
48443,0
48444,1
48445,1
48446,1
48447,0
48448,1
48449,1
48450,1
48451,0
48452,1
48453,0
48454,0
48455,0
48456,1
48457,1
48458,0
48459,1
48460,1
48461,1
48462,1
48463,0
48464,1
48465,0
48466,0
48467,0
48468,1
48469,0
48470,1
48471,1
48472,0
48473,1
48474,1
48475,0
48476,1
48477,1
48478,1
48479,0
48480,1
48481,1
48482,1
48483,1
48484,1
48485,1
48486,0
48487,0
48488,1
48489,1
48490,0
48491,1
48492,0
48493,0
48494,0
48495,1
48496,1
48497,1
48498,1
48499,0
48500,1
48501,1
48502,1
48503,1
48504,1
48505,1
48506,1
48507,1
48508,1
48509,0
48510,1
48511,0
48512,1
48513,1
48514,1
48515,1
48516,1
48517,0
48518,1
48519,0
48520,1
48521,1
48522,1
48523,0
48524,1
48525,1
48526,1
48527,1
48528,0
48529,1
48530,0
48531,1
48532,1
48533,0
48534,1
48535,0
48536,1
48537,0
48538,0
48539,1
48540,0
48541,1
48542,0
48543,1
48544,0
48545,1
48546,1
48547,1
48548,1
48549,0
48550,1
48551,1
48552,1
48553,0
48554,0
48555,1
48556,1
48557,1
48558,1
48559,1
48560,1
48561,0
48562,0
48563,1
48564,0
48565,1
48566,1
48567,1
48568,0
48569,1
48570,0
48571,0
48572,0
48573,1
48574,1
48575,1
48576,1
48577,1
48578,0
48579,1
48580,1
48581,1
48582,0
48583,1
48584,1
48585,1
48586,1
48587,0
48588,1
48589,1
48590,0
48591,0
48592,1
48593,0
48594,0
48595,0
48596,1
48597,1
48598,0
48599,0
48600,0
48601,1
48602,0
48603,0
48604,0
48605,0
48606,0
48607,1
48608,1
48609,1
48610,0
48611,1
48612,1
48613,1
48614,0
48615,1
48616,1
48617,1
48618,1
48619,0
48620,0
48621,1
48622,1
48623,1
48624,1
48625,0
48626,0
48627,0
48628,0
48629,1
48630,1
48631,1
48632,1
48633,0
48634,0
48635,1
48636,0
48637,1
48638,1
48639,0
48640,1
48641,0
48642,1
48643,1
48644,1
48645,0
48646,1
48647,0
48648,0
48649,0
48650,1
48651,0
48652,1
48653,0
48654,1
48655,1
48656,0
48657,0
48658,0
48659,0
48660,1
48661,1
48662,0
48663,1
48664,0
48665,1
48666,0
48667,0
48668,0
48669,1
48670,0
48671,1
48672,1
48673,1
48674,1
48675,1
48676,0
48677,1
48678,1
48679,1
48680,0
48681,0
48682,0
48683,0
48684,0
48685,1
48686,0
48687,1
48688,0
48689,1
48690,1
48691,0
48692,1
48693,1
48694,0
48695,1
48696,1
48697,0
48698,1
48699,0
48700,0
48701,1
48702,0
48703,1
48704,1
48705,1
48706,0
48707,0
48708,1
48709,1
48710,1
48711,1
48712,0
48713,1
48714,0
48715,0
48716,0
48717,0
48718,1
48719,0
48720,1
48721,1
48722,0
48723,1
48724,1
48725,1
48726,0
48727,1
48728,0
48729,1
48730,1
48731,1
48732,0
48733,0
48734,1
48735,1
48736,0
48737,1
48738,1
48739,0
48740,0
48741,1
48742,1
48743,1
48744,1
48745,1
48746,1
48747,1
48748,1
48749,1
48750,1
48751,1
48752,1
48753,1
48754,1
48755,1
48756,0
48757,0
48758,0
48759,1
48760,0
48761,1
48762,1
48763,1
48764,1
48765,0
48766,1
48767,1
48768,1
48769,1
48770,1
48771,1
48772,1
48773,1
48774,1
48775,0
48776,1
48777,1
48778,1
48779,0
48780,0
48781,0
48782,1
48783,0
48784,0
48785,0
48786,1
48787,1
48788,0
48789,0
48790,1
48791,1
48792,1
48793,1
48794,1
48795,1
48796,1
48797,0
48798,0
48799,1
48800,1
48801,1
48802,1
48803,1
48804,1
48805,0
48806,1
48807,0
48808,0
48809,1
48810,1
48811,0
48812,1
48813,0
48814,0
48815,0
48816,1
48817,1
48818,1
48819,1
48820,1
48821,1
48822,1
48823,1
48824,0
48825,0
48826,0
48827,0
48828,0
48829,1
48830,0
48831,1
48832,1
48833,1
48834,0
48835,1
48836,0
48837,1
48838,1
48839,0
48840,1
48841,1
48842,0
48843,1
48844,1
48845,1
48846,1
48847,0
48848,1
48849,0
48850,1
48851,0
48852,0
48853,0
48854,0
48855,1
48856,0
48857,1
48858,0
48859,1
48860,1
48861,1
48862,0
48863,0
48864,1
48865,1
48866,1
48867,1
48868,1
48869,1
48870,0
48871,1
48872,0
48873,1
48874,1
48875,1
48876,1
48877,1
48878,1
48879,1
48880,1
48881,0
48882,0
48883,1
48884,1
48885,0
48886,1
48887,0
48888,1
48889,1
48890,0
48891,1
48892,1
48893,1
48894,1
48895,1
48896,1
48897,0
48898,0
48899,1
48900,1
48901,1
48902,1
48903,0
48904,1
48905,1
48906,1
48907,1
48908,1
48909,0
48910,1
48911,1
48912,0
48913,1
48914,1
48915,0
48916,1
48917,0
48918,1
48919,1
48920,1
48921,1
48922,0
48923,1
48924,1
48925,0
48926,0
48927,1
48928,1
48929,0
48930,1
48931,0
48932,1
48933,1
48934,0
48935,1
48936,0
48937,1
48938,1
48939,0
48940,1
48941,1
48942,0
48943,0
48944,0
48945,1
48946,1
48947,0
48948,0
48949,1
48950,1
48951,1
48952,1
48953,1
48954,0
48955,1
48956,1
48957,1
48958,1
48959,1
48960,1
48961,0
48962,1
48963,1
48964,1
48965,1
48966,1
48967,1
48968,0
48969,1
48970,1
48971,1
48972,0
48973,1
48974,0
48975,0
48976,1
48977,1
48978,1
48979,1
48980,0
48981,1
48982,1
48983,1
48984,1
48985,0
48986,1
48987,0
48988,1
48989,0
48990,0
48991,0
48992,1
48993,0
48994,0
48995,1
48996,0
48997,1
48998,1
48999,1
49000,1
49001,0
49002,1
49003,0
49004,1
49005,1
49006,0
49007,1
49008,1
49009,0
49010,0
49011,1
49012,1
49013,1
49014,1
49015,1
49016,1
49017,1
49018,1
49019,1
49020,0
49021,0
49022,1
49023,0
49024,0
49025,1
49026,1
49027,1
49028,0
49029,0
49030,1
49031,1
49032,1
49033,0
49034,0
49035,1
49036,1
49037,1
49038,1
49039,1
49040,1
49041,1
49042,1
49043,0
49044,1
49045,1
49046,0
49047,1
49048,1
49049,1
49050,1
49051,0
49052,1
49053,0
49054,1
49055,1
49056,0
49057,1
49058,1
49059,0
49060,0
49061,0
49062,0
49063,1
49064,0
49065,1
49066,1
49067,1
49068,0
49069,1
49070,0
49071,1
49072,1
49073,0
49074,0
49075,0
49076,1
49077,1
49078,1
49079,0
49080,1
49081,0
49082,0
49083,1
49084,0
49085,1
49086,0
49087,1
49088,1
49089,1
49090,0
49091,0
49092,0
49093,1
49094,1
49095,1
49096,0
49097,1
49098,0
49099,1
49100,1
49101,1
49102,1
49103,1
49104,1
49105,1
49106,1
49107,1
49108,0
49109,1
49110,0
49111,1
49112,1
49113,1
49114,1
49115,0
49116,1
49117,0
49118,1
49119,1
49120,1
49121,1
49122,0
49123,1
49124,1
49125,1
49126,1
49127,0
49128,1
49129,0
49130,0
49131,1
49132,1
49133,0
49134,1
49135,1
49136,1
49137,1
49138,1
49139,1
49140,0
49141,1
49142,1
49143,1
49144,1
49145,0
49146,0
49147,1
49148,0
49149,1
49150,1
49151,1
49152,1
49153,1
49154,1
49155,0
49156,1
49157,0
49158,0
49159,0
49160,1
49161,0
49162,1
49163,1
49164,1
49165,1
49166,1
49167,1
49168,0
49169,1
49170,1
49171,1
49172,1
49173,1
49174,1
49175,1
49176,1
49177,0
49178,0
49179,1
49180,0
49181,1
49182,0
49183,0
49184,1
49185,0
49186,1
49187,1
49188,1
49189,1
49190,1
49191,1
49192,1
49193,1
49194,1
49195,1
49196,1
49197,1
49198,1
49199,0
49200,1
49201,1
49202,1
49203,0
49204,1
49205,1
49206,1
49207,1
49208,0
49209,1
49210,0
49211,1
49212,1
49213,1
49214,1
49215,1
49216,0
49217,0
49218,0
49219,1
49220,1
49221,1
49222,1
49223,0
49224,1
49225,0
49226,1
49227,1
49228,1
49229,1
49230,1
49231,0
49232,1
49233,1
49234,0
49235,1
49236,1
49237,1
49238,0
49239,1
49240,1
49241,1
49242,0
49243,1
49244,1
49245,1
49246,0
49247,1
49248,1
49249,1
49250,1
49251,0
49252,0
49253,1
49254,0
49255,0
49256,1
49257,1
49258,1
49259,1
49260,1
49261,1
49262,1
49263,1
49264,1
49265,0
49266,1
49267,0
49268,0
49269,0
49270,0
49271,1
49272,1
49273,0
49274,1
49275,1
49276,1
49277,1
49278,1
49279,1
49280,0
49281,1
49282,1
49283,0
49284,1
49285,1
49286,1
49287,0
49288,0
49289,1
49290,1
49291,0
49292,1
49293,1
49294,0
49295,0
49296,1
49297,1
49298,0
49299,0
49300,1
49301,1
49302,1
49303,0
49304,1
49305,0
49306,1
49307,1
49308,0
49309,1
49310,1
49311,1
49312,0
49313,1
49314,1
49315,0
49316,1
49317,0
49318,1
49319,1
49320,1
49321,1
49322,1
49323,1
49324,1
49325,0
49326,1
49327,0
49328,0
49329,1
49330,1
49331,0
49332,1
49333,1
49334,1
49335,1
49336,1
49337,0
49338,1
49339,1
49340,0
49341,1
49342,1
49343,0
49344,1
49345,1
49346,1
49347,1
49348,0
49349,1
49350,1
49351,0
49352,0
49353,1
49354,0
49355,1
49356,1
49357,1
49358,0
49359,0
49360,0
49361,1
49362,1
49363,0
49364,0
49365,1
49366,1
49367,1
49368,0
49369,1
49370,1
49371,1
49372,1
49373,1
49374,0
49375,1
49376,0
49377,0
49378,1
49379,1
49380,1
49381,1
49382,1
49383,1
49384,1
49385,1
49386,0
49387,1
49388,0
49389,0
49390,0
49391,1
49392,1
49393,1
49394,0
49395,1
49396,1
49397,1
49398,1
49399,1
49400,0
49401,1
49402,0
49403,0
49404,1
49405,0
49406,1
49407,0
49408,1
49409,0
49410,0
49411,0
49412,1
49413,0
49414,1
49415,1
49416,1
49417,0
49418,0
49419,1
49420,0
49421,0
49422,1
49423,1
49424,1
49425,1
49426,1
49427,1
49428,1
49429,1
49430,0
49431,0
49432,0
49433,1
49434,1
49435,0
49436,1
49437,0
49438,1
49439,0
49440,1
49441,1
49442,1
49443,1
49444,0
49445,0
49446,1
49447,1
49448,1
49449,0
49450,1
49451,1
49452,1
49453,1
49454,1
49455,0
49456,1
49457,1
49458,1
49459,0
49460,1
49461,1
49462,1
49463,1
49464,1
49465,1
49466,1
49467,1
49468,1
49469,1
49470,0
49471,1
49472,1
49473,1
49474,1
49475,0
49476,0
49477,1
49478,0
49479,0
49480,0
49481,0
49482,0
49483,0
49484,0
49485,0
49486,1
49487,0
49488,1
49489,1
49490,1
49491,1
49492,0
49493,0
49494,1
49495,0
49496,0
49497,1
49498,1
49499,0
49500,1
49501,0
49502,0
49503,1
49504,1
49505,0
49506,1
49507,1
49508,0
49509,1
49510,0
49511,1
49512,1
49513,1
49514,1
49515,0
49516,1
49517,0
49518,1
49519,1
49520,1
49521,1
49522,1
49523,0
49524,1
49525,0
49526,1
49527,1
49528,1
49529,0
49530,1
49531,1
49532,1
49533,1
49534,1
49535,1
49536,1
49537,1
49538,0
49539,1
49540,0
49541,1
49542,1
49543,0
49544,0
49545,0
49546,1
49547,1
49548,0
49549,1
49550,1
49551,1
49552,0
49553,1
49554,0
49555,1
49556,0
49557,0
49558,1
49559,1
49560,1
49561,1
49562,1
49563,0
49564,1
49565,1
49566,0
49567,0
49568,0
49569,1
49570,1
49571,1
49572,1
49573,1
49574,1
49575,0
49576,1
49577,0
49578,0
49579,0
49580,1
49581,0
49582,0
49583,1
49584,1
49585,0
49586,0
49587,0
49588,0
49589,1
49590,1
49591,1
49592,0
49593,0
49594,1
49595,1
49596,0
49597,1
49598,0
49599,0
49600,0
49601,1
49602,1
49603,0
49604,0
49605,1
49606,0
49607,1
49608,1
49609,1
49610,1
49611,0
49612,0
49613,1
49614,0
49615,0
49616,0
49617,0
49618,1
49619,1
49620,0
49621,0
49622,0
49623,1
49624,0
49625,0
49626,1
49627,1
49628,1
49629,1
49630,1
49631,1
49632,1
49633,1
49634,1
49635,1
49636,1
49637,0
49638,0
49639,1
49640,1
49641,1
49642,1
49643,1
49644,1
49645,0
49646,1
49647,1
49648,1
49649,1
49650,0
49651,1
49652,1
49653,1
49654,1
49655,1
49656,1
49657,1
49658,0
49659,1
49660,0
49661,1
49662,1
49663,1
49664,1
49665,1
49666,0
49667,1
49668,1
49669,1
49670,0
49671,1
49672,0
49673,0
49674,0
49675,1
49676,1
49677,1
49678,0
49679,0
49680,0
49681,0
49682,0
49683,0
49684,0
49685,0
49686,0
49687,1
49688,1
49689,0
49690,0
49691,0
49692,0
49693,1
49694,0
49695,0
49696,1
49697,1
49698,1
49699,1
49700,1
49701,1
49702,0
49703,0
49704,1
49705,0
49706,1
49707,1
49708,1
49709,1
49710,1
49711,1
49712,1
49713,0
49714,0
49715,0
49716,0
49717,1
49718,0
49719,1
49720,1
49721,1
49722,0
49723,0
49724,1
49725,1
49726,0
49727,1
49728,1
49729,0
49730,0
49731,0
49732,0
49733,1
49734,1
49735,1
49736,0
49737,1
49738,0
49739,1
49740,0
49741,0
49742,1
49743,0
49744,0
49745,1
49746,1
49747,1
49748,1
49749,0
49750,1
49751,1
49752,1
49753,1
49754,0
49755,0
49756,1
49757,0
49758,0
49759,0
49760,0
49761,0
49762,1
49763,1
49764,1
49765,0
49766,1
49767,1
49768,0
49769,1
49770,0
49771,1
49772,1
49773,1
49774,1
49775,1
49776,0
49777,0
49778,0
49779,1
49780,0
49781,1
49782,0
49783,0
49784,1
49785,1
49786,1
49787,1
49788,0
49789,0
49790,1
49791,0
49792,1
49793,1
49794,1
49795,1
49796,1
49797,0
49798,1
49799,1
49800,0
49801,0
49802,1
49803,1
49804,0
49805,0
49806,0
49807,1
49808,0
49809,0
49810,0
49811,0
49812,1
49813,0
49814,1
49815,1
49816,1
49817,0
49818,0
49819,1
49820,1
49821,1
49822,1
49823,1
49824,1
49825,1
49826,1
49827,1
49828,1
49829,1
49830,1
49831,1
49832,1
49833,1
49834,1
49835,1
49836,1
49837,1
49838,1
49839,1
49840,0
49841,0
49842,0
49843,1
49844,1
49845,0
49846,0
49847,0
49848,1
49849,1
49850,1
49851,1
49852,0
49853,0
49854,1
49855,1
49856,1
49857,0
49858,1
49859,0
49860,1
49861,1
49862,0
49863,1
49864,1
49865,0
49866,1
49867,0
49868,0
49869,0
49870,1
49871,0
49872,0
49873,1
49874,1
49875,1
49876,1
49877,1
49878,0
49879,0
49880,0
49881,0
49882,0
49883,0
49884,0
49885,0
49886,0
49887,1
49888,0
49889,0
49890,1
49891,0
49892,0
49893,1
49894,0
49895,1
49896,0
49897,1
49898,0
49899,0
49900,0
49901,1
49902,1
49903,1
49904,1
49905,0
49906,1
49907,1
49908,0
49909,1
49910,1
49911,1
49912,1
49913,1
49914,1
49915,0
49916,1
49917,0
49918,1
49919,1
49920,0
49921,0
49922,1
49923,1
49924,1
49925,1
49926,1
49927,1
49928,1
49929,1
49930,1
49931,0
49932,1
49933,0
49934,0
49935,0
49936,0
49937,0
49938,1
49939,0
49940,0
49941,1
49942,0
49943,1
49944,0
49945,1
49946,0
49947,1
49948,1
49949,0
49950,1
49951,1
49952,0
49953,0
49954,1
49955,0
49956,1
49957,1
49958,0
49959,0
49960,1
49961,1
49962,1
49963,0
49964,0
49965,1
49966,1
49967,0
49968,0
49969,1
49970,0
49971,1
49972,1
49973,1
49974,1
49975,0
49976,1
49977,0
49978,1
49979,0
49980,1
49981,0
49982,1
49983,1
49984,1
49985,0
49986,0
49987,1
49988,1
49989,0
49990,1
49991,1
49992,0
49993,0
49994,1
49995,1
49996,1
49997,0
49998,0
49999,0
50000,1
50001,0
50002,1
50003,0
50004,1
50005,1
50006,0
50007,0
50008,0
50009,1
50010,1
50011,0
50012,0
50013,0
50014,1
50015,1
50016,1
50017,1
50018,0
50019,0
50020,1
50021,0
50022,1
50023,0
50024,0
50025,1
50026,1
50027,0
50028,0
50029,1
50030,1
50031,0
50032,0
50033,1
50034,0
50035,1
50036,1
50037,0
50038,0
50039,1
50040,0
50041,1
50042,0
50043,0
50044,0
50045,1
50046,0
50047,1
50048,0
50049,0
50050,1
50051,1
50052,1
50053,0
50054,0
50055,0
50056,1
50057,0
50058,0
50059,1
50060,1
50061,0
50062,1
50063,1
50064,1
50065,1
50066,1
50067,0
50068,1
50069,1
50070,0
50071,0
50072,1
50073,1
50074,0
50075,1
50076,0
50077,0
50078,1
50079,1
50080,0
50081,0
50082,0
50083,1
50084,1
50085,1
50086,1
50087,1
50088,1
50089,0
50090,0
50091,1
50092,1
50093,1
50094,1
50095,1
50096,0
50097,0
50098,1
50099,0
50100,0
50101,0
50102,0
50103,1
50104,1
50105,0
50106,0
50107,0
50108,0
50109,1
50110,0
50111,1
50112,0
50113,0
50114,0
50115,1
50116,1
50117,1
50118,0
50119,1
50120,0
50121,1
50122,0
50123,0
50124,0
50125,1
50126,1
50127,1
50128,0
50129,1
50130,1
50131,0
50132,0
50133,1
50134,1
50135,1
50136,1
50137,0
50138,0
50139,0
50140,0
50141,1
50142,1
50143,1
50144,0
50145,0
50146,1
50147,1
50148,1
50149,1
50150,1
50151,1
50152,1
50153,1
50154,1
50155,1
50156,1
50157,1
50158,1
50159,0
50160,1
50161,1
50162,1
50163,1
50164,1
50165,0
50166,0
50167,1
50168,0
50169,1
50170,1
50171,1
50172,0
50173,1
50174,1
50175,1
50176,0
50177,0
50178,1
50179,1
50180,1
50181,1
50182,1
50183,1
50184,1
50185,0
50186,0
50187,0
50188,1
50189,0
50190,1
50191,1
50192,0
50193,1
50194,0
50195,1
50196,0
50197,0
50198,1
50199,0
50200,1
50201,1
50202,0
50203,0
50204,1
50205,1
50206,1
50207,0
50208,0
50209,1
50210,0
50211,0
50212,1
50213,1
50214,1
50215,1
50216,1
50217,1
50218,0
50219,0
50220,0
50221,1
50222,0
50223,0
50224,1
50225,1
50226,0
50227,1
50228,1
50229,0
50230,1
50231,1
50232,1
50233,1
50234,1
50235,0
50236,1
50237,1
50238,0
50239,0
50240,1
50241,0
50242,1
50243,0
50244,0
50245,0
50246,1
50247,1
50248,1
50249,1
50250,0
50251,1
50252,0
50253,1
50254,1
50255,1
50256,1
50257,0
50258,1
50259,0
50260,0
50261,0
50262,0
50263,1
50264,0
50265,0
50266,1
50267,0
50268,0
50269,0
50270,0
50271,1
50272,1
50273,0
50274,0
50275,0
50276,1
50277,1
50278,0
50279,0
50280,1
50281,0
50282,1
50283,1
50284,1
50285,0
50286,1
50287,1
50288,0
50289,0
50290,0
50291,1
50292,1
50293,1
50294,0
50295,1
50296,0
50297,0
50298,0
50299,1
50300,1
50301,1
50302,1
50303,1
50304,1
50305,0
50306,1
50307,1
50308,0
50309,0
50310,1
50311,0
50312,1
50313,1
50314,0
50315,1
50316,0
50317,1
50318,0
50319,1
50320,1
50321,1
50322,1
50323,1
50324,1
50325,1
50326,1
50327,1
50328,0
50329,0
50330,1
50331,1
50332,1
50333,1
50334,0
50335,1
50336,0
50337,0
50338,1
50339,1
50340,0
50341,1
50342,0
50343,1
50344,0
50345,0
50346,1
50347,1
50348,1
50349,1
50350,1
50351,1
50352,1
50353,1
50354,1
50355,1
50356,1
50357,1
50358,1
50359,1
50360,0
50361,0
50362,1
50363,1
50364,1
50365,0
50366,1
50367,0
50368,1
50369,1
50370,0
50371,1
50372,0
50373,0
50374,0
50375,1
50376,1
50377,1
50378,1
50379,1
50380,0
50381,1
50382,0
50383,0
50384,0
50385,1
50386,0
50387,1
50388,1
50389,0
50390,1
50391,1
50392,1
50393,0
50394,1
50395,0
50396,0
50397,0
50398,0
50399,1
50400,1
50401,0
50402,0
50403,1
50404,0
50405,1
50406,1
50407,1
50408,0
50409,1
50410,0
50411,1
50412,1
50413,1
50414,0
50415,1
50416,1
50417,1
50418,0
50419,0
50420,0
50421,0
50422,0
50423,1
50424,1
50425,1
50426,0
50427,0
50428,0
50429,1
50430,1
50431,0
50432,0
50433,0
50434,0
50435,1
50436,1
50437,0
50438,1
50439,0
50440,1
50441,1
50442,1
50443,1
50444,1
50445,1
50446,0
50447,0
50448,0
50449,1
50450,1
50451,1
50452,1
50453,1
50454,1
50455,0
50456,1
50457,0
50458,1
50459,1
50460,0
50461,0
50462,0
50463,0
50464,0
50465,0
50466,0
50467,1
50468,1
50469,1
50470,1
50471,1
50472,0
50473,1
50474,1
50475,0
50476,1
50477,1
50478,1
50479,0
50480,1
50481,0
50482,1
50483,1
50484,0
50485,1
50486,1
50487,1
50488,0
50489,1
50490,1
50491,0
50492,1
50493,1
50494,0
50495,1
50496,0
50497,1
50498,1
50499,1
50500,1
50501,1
50502,0
50503,1
50504,0
50505,0
50506,0
50507,1
50508,1
50509,0
50510,1
50511,0
50512,1
50513,1
50514,0
50515,1
50516,1
50517,0
50518,0
50519,1
50520,1
50521,1
50522,1
50523,1
50524,0
50525,1
50526,1
50527,0
50528,0
50529,0
50530,1
50531,0
50532,1
50533,0
50534,1
50535,0
50536,1
50537,1
50538,0
50539,0
50540,1
50541,1
